SNP,Accuracy Score
chr12_14413931_G_C_PRS313_Known_combined,0.6127744510978044
chr12_115796577_A_G_PRS313_Unknown_combined,0.9421157684630739
chr12_115835836_T_C_PRS313_Known_combined,0.9880239520958084
chr12_120832146_C_T_PRS313_Known_combined,0.7704590818363274
chr12_103097887_C_T_PRS313_Unknown_combined,0.9580838323353293
chr12_96027759_A_G_PRS313_Known_combined,0.9580838323353293
chr12_85004551_C_T_PRS313_Unknown_combined,0.9960079840319361
chr12_111600134_G_T_PRS313_Unknown_combined,0.9241516966067864
chr12_28149568_C_T_PRS313_Unknown_combined,0.9900199600798403
chr12_29140260_G_A_PRS313_Unknown_combined,0.9341317365269461
chr12_57146069_T_G_PRS313_Known_combined,0.8283433133732535
chr12_293626_A_G_PRS313_Unknown_combined,0.6866267465069861
chr12_70798355_A_T_PRS313_Unknown_combined,0.936127744510978
chr12_28174817_C_T_PRS313_Known_combined,0.9560878243512974
chr12_83064195_G_GA_PRS313_Unknown_combined,0.9301397205588823
chr12_115108136_T_C_PRS313_Unknown_combined,0.8263473053892215
chr12_28347382_C_T_PRS313_Unknown_combined,0.9201596806387226
