SNP,IQS Score
chr12_14413931_G_C_PRS313_Known_combined,0.04089265080916987
chr12_115835836_T_C_PRS313_Known_combined,0.9742466105506651
chr12_115796577_A_G_PRS313_Unknown_combined,0.9017587277116255
chr12_120832146_C_T_PRS313_Known_combined,0.06762447625327002
chr12_103097887_C_T_PRS313_Unknown_combined,0.9305785123966943
chr12_96027759_A_G_PRS313_Known_combined,0.024969422841714137
chr12_85004551_C_T_PRS313_Unknown_combined,0.9930800149173333
chr12_111600134_G_T_PRS313_Unknown_combined,0.8038611172282168
chr12_28174817_C_T_PRS313_Known_combined,0.9155897764224219
chr12_28149568_C_T_PRS313_Unknown_combined,0.9623062647339119
chr12_29140260_G_A_PRS313_Unknown_combined,0.8735906935978647
chr12_57146069_T_G_PRS313_Known_combined,0.11718061674008845
chr12_293626_A_G_PRS313_Unknown_combined,0.5645682263357937
chr12_70798355_A_T_PRS313_Unknown_combined,0.8777987114572645
chr12_83064195_G_GA_PRS313_Unknown_combined,0.8135153632794209
chr12_115108136_T_C_PRS313_Unknown_combined,0.7334850421509157
chr12_28347382_C_T_PRS313_Unknown_combined,0.7359288858498229
