SNP,R2 Score
chr12_14413931_G_C_PRS313_Known_combined,-0.1921492613312865
chr12_115835836_T_C_PRS313_Known_combined,0.9481815442636186
chr12_115796577_A_G_PRS313_Unknown_combined,0.8546088372545786
chr12_120832146_C_T_PRS313_Known_combined,-0.2123877113284658
chr12_103097887_C_T_PRS313_Unknown_combined,0.8538240806983617
chr12_96027759_A_G_PRS313_Known_combined,-0.2254420949266236
chr12_85004551_C_T_PRS313_Unknown_combined,0.9700307171754066
chr12_111600134_G_T_PRS313_Unknown_combined,0.6202493917706055
chr12_28174817_C_T_PRS313_Known_combined,0.8485142056493302
chr12_28149568_C_T_PRS313_Unknown_combined,0.9351399311649674
chr12_29140260_G_A_PRS313_Unknown_combined,0.6426681277865569
chr12_57146069_T_G_PRS313_Known_combined,-0.09871264978890282
chr12_293626_A_G_PRS313_Unknown_combined,0.4888082814694885
chr12_70798355_A_T_PRS313_Unknown_combined,0.8166847717671322
chr12_83064195_G_GA_PRS313_Unknown_combined,0.6217912711496618
chr12_115108136_T_C_PRS313_Unknown_combined,0.7055029356045155
chr12_28347382_C_T_PRS313_Unknown_combined,0.5193642326341315
