SNP,AUC Score
chr12_14413931_G_C_PRS313_Known_combined,0.65851235
chr12_115796577_A_G_PRS313_Unknown_combined,0.9488042
chr12_115835836_T_C_PRS313_Known_combined,0.990452
chr12_120832146_C_T_PRS313_Known_combined,0.6659394
chr12_103097887_C_T_PRS313_Unknown_combined,0.9520714
chr12_96027759_A_G_PRS313_Known_combined,0.97401977
chr12_85004551_C_T_PRS313_Unknown_combined,0.9972377
chr12_111600134_G_T_PRS313_Unknown_combined,0.8664624
chr12_28149568_C_T_PRS313_Unknown_combined,0.9931762
chr12_29140260_G_A_PRS313_Unknown_combined,0.8294334
chr12_57146069_T_G_PRS313_Known_combined,0.72035336
chr12_293626_A_G_PRS313_Unknown_combined,0.744762
chr12_70798355_A_T_PRS313_Unknown_combined,0.92334175
chr12_28174817_C_T_PRS313_Known_combined,0.96560246
chr12_83064195_G_GA_PRS313_Unknown_combined,0.9297804
chr12_115108136_T_C_PRS313_Unknown_combined,0.8200059
chr12_28347382_C_T_PRS313_Unknown_combined,0.8130133
