SNP,R2 Score
chr12_14413931_G_C_PRS313_Known_combined,-0.19215155
chr12_115835836_T_C_PRS313_Known_combined,0.9481814
chr12_115796577_A_G_PRS313_Unknown_combined,0.8546086
chr12_120832146_C_T_PRS313_Known_combined,-0.21239042
chr12_103097887_C_T_PRS313_Unknown_combined,0.85382366
chr12_96027759_A_G_PRS313_Known_combined,-0.22544694
chr12_85004551_C_T_PRS313_Unknown_combined,0.9700306
chr12_111600134_G_T_PRS313_Unknown_combined,0.62024915
chr12_28174817_C_T_PRS313_Known_combined,0.84851426
chr12_28149568_C_T_PRS313_Unknown_combined,0.9351401
chr12_29140260_G_A_PRS313_Unknown_combined,0.6426675
chr12_57146069_T_G_PRS313_Known_combined,-0.09871578
chr12_293626_A_G_PRS313_Unknown_combined,0.48881036
chr12_70798355_A_T_PRS313_Unknown_combined,0.81668526
chr12_83064195_G_GA_PRS313_Unknown_combined,0.62179244
chr12_115108136_T_C_PRS313_Unknown_combined,0.70550156
chr12_28347382_C_T_PRS313_Unknown_combined,0.5193629
