SNP,IQS Score
chr12_14413931_G_C_PRS313_Known_combined,0.34181621182366084
chr12_115796577_A_G_PRS313_Unknown_combined,0.9020012545781987
chr12_115835836_T_C_PRS313_Known_combined,0.9807135845400712
chr12_120832146_C_T_PRS313_Known_combined,0.41975345942353026
chr12_103097887_C_T_PRS313_Unknown_combined,0.8964977865223808
chr12_96027759_A_G_PRS313_Known_combined,0.9253289613763148
chr12_85004551_C_T_PRS313_Unknown_combined,0.9930800149173333
chr12_111600134_G_T_PRS313_Unknown_combined,0.769727611398713
chr12_28149568_C_T_PRS313_Unknown_combined,0.968464782526594
chr12_29140260_G_A_PRS313_Unknown_combined,0.7970140824319514
chr12_57146069_T_G_PRS313_Known_combined,0.5730423925322553
chr12_293626_A_G_PRS313_Unknown_combined,0.4938482130217115
chr12_70798355_A_T_PRS313_Unknown_combined,0.866293034427542
chr12_28174817_C_T_PRS313_Known_combined,0.9076188081468443
chr12_83064195_G_GA_PRS313_Unknown_combined,0.7918891974649293
chr12_115108136_T_C_PRS313_Unknown_combined,0.6757450417342398
chr12_28347382_C_T_PRS313_Unknown_combined,0.6951720361412795
