SNP,R2 Score
chr12_14413931_G_C_PRS313_Known_combined,0.2835811
chr12_115796577_A_G_PRS313_Unknown_combined,0.86247236
chr12_115835836_T_C_PRS313_Known_combined,0.9597714
chr12_120832146_C_T_PRS313_Known_combined,0.28175166
chr12_103097887_C_T_PRS313_Unknown_combined,0.8418244
chr12_96027759_A_G_PRS313_Known_combined,0.8706473
chr12_85004551_C_T_PRS313_Unknown_combined,0.98748106
chr12_111600134_G_T_PRS313_Unknown_combined,0.5900921
chr12_28149568_C_T_PRS313_Unknown_combined,0.94136196
chr12_29140260_G_A_PRS313_Unknown_combined,0.631392
chr12_57146069_T_G_PRS313_Known_combined,0.3904479
chr12_293626_A_G_PRS313_Unknown_combined,0.4661275
chr12_70798355_A_T_PRS313_Unknown_combined,0.7972814
chr12_28174817_C_T_PRS313_Known_combined,0.83048475
chr12_83064195_G_GA_PRS313_Unknown_combined,0.61283594
chr12_115108136_T_C_PRS313_Unknown_combined,0.6741727
chr12_28347382_C_T_PRS313_Unknown_combined,0.5445847
