SNP,R2 Score
chr12_14413931_G_C_PRS313_Known_combined,0.24473995
chr12_115796577_A_G_PRS313_Unknown_combined,0.87192607
chr12_115835836_T_C_PRS313_Known_combined,0.9635693
chr12_120832146_C_T_PRS313_Known_combined,0.25603533
chr12_103097887_C_T_PRS313_Unknown_combined,0.83821654
chr12_96027759_A_G_PRS313_Known_combined,0.8809424
chr12_85004551_C_T_PRS313_Unknown_combined,0.9887961
chr12_111600134_G_T_PRS313_Unknown_combined,0.5967326
chr12_28149568_C_T_PRS313_Unknown_combined,0.95138496
chr12_29140260_G_A_PRS313_Unknown_combined,0.6412709
chr12_57146069_T_G_PRS313_Known_combined,0.42615592
chr12_293626_A_G_PRS313_Unknown_combined,0.4499907
chr12_70798355_A_T_PRS313_Unknown_combined,0.82931226
chr12_28174817_C_T_PRS313_Known_combined,0.8407558
chr12_83064195_G_GA_PRS313_Unknown_combined,0.6753106
chr12_115108136_T_C_PRS313_Unknown_combined,0.696918
chr12_28347382_C_T_PRS313_Unknown_combined,0.60116744
