SNP,AUC Score
chr12_14413931_G_C_PRS313_Known_combined,0.65645474
chr12_115796577_A_G_PRS313_Unknown_combined,0.9488042
chr12_115835836_T_C_PRS313_Known_combined,0.990452
chr12_120832146_C_T_PRS313_Known_combined,0.66418034
chr12_103097887_C_T_PRS313_Unknown_combined,0.9448251
chr12_96027759_A_G_PRS313_Known_combined,0.97401977
chr12_85004551_C_T_PRS313_Unknown_combined,0.9972377
chr12_111600134_G_T_PRS313_Unknown_combined,0.8660569
chr12_28149568_C_T_PRS313_Unknown_combined,0.9931762
chr12_29140260_G_A_PRS313_Unknown_combined,0.8294334
chr12_57146069_T_G_PRS313_Known_combined,0.7147823
chr12_293626_A_G_PRS313_Unknown_combined,0.7385047
chr12_70798355_A_T_PRS313_Unknown_combined,0.92035675
chr12_28174817_C_T_PRS313_Known_combined,0.96560246
chr12_83064195_G_GA_PRS313_Unknown_combined,0.92851454
chr12_115108136_T_C_PRS313_Unknown_combined,0.81547076
chr12_28347382_C_T_PRS313_Unknown_combined,0.8126275
