SNP,R2 Score
chr12_14413931_G_C_PRS313_Known_combined,0.22572303
chr12_115796577_A_G_PRS313_Unknown_combined,0.85808456
chr12_115835836_T_C_PRS313_Known_combined,0.9592338
chr12_120832146_C_T_PRS313_Known_combined,0.19383079
chr12_103097887_C_T_PRS313_Unknown_combined,0.81934315
chr12_96027759_A_G_PRS313_Known_combined,0.86829144
chr12_85004551_C_T_PRS313_Unknown_combined,0.98747534
chr12_111600134_G_T_PRS313_Unknown_combined,0.5524181
chr12_28149568_C_T_PRS313_Unknown_combined,0.939883
chr12_29140260_G_A_PRS313_Unknown_combined,0.60534227
chr12_57146069_T_G_PRS313_Known_combined,0.31328547
chr12_293626_A_G_PRS313_Unknown_combined,0.43126112
chr12_70798355_A_T_PRS313_Unknown_combined,0.7929951
chr12_28174817_C_T_PRS313_Known_combined,0.81948274
chr12_83064195_G_GA_PRS313_Unknown_combined,0.59610677
chr12_115108136_T_C_PRS313_Unknown_combined,0.65180767
chr12_28347382_C_T_PRS313_Unknown_combined,0.46526557
