SNP,IQS Score
chr4_106069013_G_T_PRS313_Unknown_combined,0.9507360791144578
chr4_38784633_G_T_PRS313_Unknown_combined,0.9645517347844544
chr4_175847436_C_A_PRS313_Unknown_combined,0.9287953650522937
chr4_175842495_G_A_PRS313_Unknown_combined,0.9783001025078327
chr4_151218296_CATATTT_C_PRS313_Unknown_combined,0.9420239541746226
chr4_89240476_G_A_PRS313_Unknown_combined,0.9895986878983534
chr4_143467195_C_T_PRS313_Unknown_combined,0.36728029854821836
"chr4_187503758_A_G,T_PRS313_Unknown_combined",0.8459107149868467
"chr4_126752992_A_AAT,AATAT_PRS313_Unknown_combined",0.5816549429848293
chr4_92594859_TTCTTTC_T_PRS313_Unknown_combined,0.6638013676743146
"chr4_84370124_TAA_TA,T_PRS313_Unknown_combined",0.8462708142975984
