SNP,IQS Score
chr4_106069013_G_T_PRS313_Unknown_combined,0.9472490909856661
chr4_38784633_G_T_PRS313_Unknown_combined,0.9709937021145199
chr4_175847436_C_A_PRS313_Unknown_combined,0.9334578508280414
chr4_175842495_G_A_PRS313_Unknown_combined,0.9674259335515051
chr4_151218296_CATATTT_C_PRS313_Unknown_combined,0.9259166393426815
chr4_89240476_G_A_PRS313_Unknown_combined,0.9895986878983534
chr4_143467195_C_T_PRS313_Unknown_combined,0.320614580741478
"chr4_187503758_A_G,T_PRS313_Unknown_combined",0.8424775978619713
"chr4_126752992_A_AAT,AATAT_PRS313_Unknown_combined",0.5657528724047571
chr4_92594859_TTCTTTC_T_PRS313_Unknown_combined,0.6444991369941827
"chr4_84370124_TAA_TA,T_PRS313_Unknown_combined",0.859538153297
