SNP,Accuracy Score
chr4_106069013_G_T_PRS313_Unknown_combined,0.9500998003992016
chr4_38784633_G_T_PRS313_Unknown_combined,0.9760479041916168
chr4_175842495_G_A_PRS313_Unknown_combined,0.9780439121756487
chr4_151218296_CATATTT_C_PRS313_Unknown_combined,0.9680638722554891
chr4_89240476_G_A_PRS313_Unknown_combined,0.9940119760479041
chr4_143467195_C_T_PRS313_Unknown_combined,0.6826347305389222
"chr4_187503758_A_G,T_PRS313_Unknown_combined",0.8762475049900199
chr4_175847436_C_A_PRS313_Unknown_combined,0.9481037924151696
"chr4_126752992_A_AAT,AATAT_PRS313_Unknown_combined",0.6966067864271457
chr4_92594859_TTCTTTC_T_PRS313_Unknown_combined,0.7305389221556886
"chr4_84370124_TAA_TA,T_PRS313_Unknown_combined",0.8762475049900199
