SNP,R2 Score
chr4_106069013_G_T_PRS313_Unknown_combined,0.9084182238693013
chr4_38784633_G_T_PRS313_Unknown_combined,0.9126781342396443
chr4_175847436_C_A_PRS313_Unknown_combined,0.8158303106066559
chr4_175842495_G_A_PRS313_Unknown_combined,0.925507980301197
chr4_151218296_CATATTT_C_PRS313_Unknown_combined,0.8992971552159094
chr4_89240476_G_A_PRS313_Unknown_combined,0.9715682051384631
chr4_143467195_C_T_PRS313_Unknown_combined,-0.1756594863752443
"chr4_187503758_A_G,T_PRS313_Unknown_combined",0.7722092400082765
"chr4_126752992_A_AAT,AATAT_PRS313_Unknown_combined",0.4992523061849685
chr4_92594859_TTCTTTC_T_PRS313_Unknown_combined,0.5270831188735889
"chr4_84370124_TAA_TA,T_PRS313_Unknown_combined",0.6683804287269279
