SNP,IQS Score
chr4_106069013_G_T_PRS313_Unknown_combined,0.5874627672759745
chr4_38784633_G_T_PRS313_Unknown_combined,0.6080246344172806
chr4_175847436_C_A_PRS313_Unknown_combined,0.566451642952577
chr4_175842495_G_A_PRS313_Unknown_combined,0.6130249304977085
chr4_151218296_CATATTT_C_PRS313_Unknown_combined,0.5840044872968022
chr4_89240476_G_A_PRS313_Unknown_combined,0.6240757845413462
chr4_143467195_C_T_PRS313_Unknown_combined,0.08663397932674788
"chr4_187503758_A_G,T_PRS313_Unknown_combined",0.5024165390633244
"chr4_126752992_A_AAT,AATAT_PRS313_Unknown_combined",0.32796370796646457
chr4_92594859_TTCTTTC_T_PRS313_Unknown_combined,0.3258859700443629
"chr4_84370124_TAA_TA,T_PRS313_Unknown_combined",0.428616979411661
