SNP,R2 Score
chr4_106069013_G_T_PRS313_Unknown_combined,0.9069875987754427
chr4_38784633_G_T_PRS313_Unknown_combined,0.9147967779503104
chr4_175847436_C_A_PRS313_Unknown_combined,0.8498806452884984
chr4_175842495_G_A_PRS313_Unknown_combined,0.9346225121902486
chr4_151218296_CATATTT_C_PRS313_Unknown_combined,0.8998613570860795
chr4_89240476_G_A_PRS313_Unknown_combined,0.9719130232015653
chr4_143467195_C_T_PRS313_Unknown_combined,-0.11764042527534979
"chr4_187503758_A_G,T_PRS313_Unknown_combined",0.7867912215734115
"chr4_126752992_A_AAT,AATAT_PRS313_Unknown_combined",0.47340675613735483
chr4_92594859_TTCTTTC_T_PRS313_Unknown_combined,0.5588370717732111
"chr4_84370124_TAA_TA,T_PRS313_Unknown_combined",0.769028101717808
