SNP,Accuracy Score
chr19_18569492_C_T_PRS313_Unknown_combined,0.998003992015968
chr19_46166073_T_C_PRS313_Unknown_combined,0.9960079840319361
chr19_44283031_T_C_PRS313_Unknown_combined,0.9940119760479041
chr19_13249921_G_T_PRS313_Unknown_combined,0.9580838323353293
chr19_19517054_C_CGGGCG_PRS313_Unknown_combined,1.0
chr19_17393925_C_A_PRS313_Unknown_combined,0.9520958083832335
chr19_55816678_C_T_PRS313_Unknown_combined,0.9800399201596807
