SNP,IQS Score
chr19_18569492_C_T_PRS313_Unknown_combined,0.9619387677581088
chr19_46166073_T_C_PRS313_Unknown_combined,0.9905043498038324
chr19_44283031_T_C_PRS313_Unknown_combined,0.9909260500244507
chr19_13249921_G_T_PRS313_Unknown_combined,0.9350547537623921
chr19_19517054_C_CGGGCG_PRS313_Unknown_combined,1.0
chr19_17393925_C_A_PRS313_Unknown_combined,0.9237607314506003
chr19_55816678_C_T_PRS313_Unknown_combined,0.9677076283476748
