SNP,R2 Score
chr19_18569492_C_T_PRS313_Unknown_combined,0.9254591689112697
chr19_46166073_T_C_PRS313_Unknown_combined,0.985642212230554
chr19_44283031_T_C_PRS313_Unknown_combined,0.9931110632946613
chr19_13249921_G_T_PRS313_Unknown_combined,0.9471620127084304
chr19_19517054_C_CGGGCG_PRS313_Unknown_combined,0.9992644163996106
chr19_17393925_C_A_PRS313_Unknown_combined,0.932610131160874
chr19_55816678_C_T_PRS313_Unknown_combined,0.9598801916584535
