SNP,R2 Score
chr19_18569492_C_T_PRS313_Unknown_combined,0.9210277427490543
chr19_46166073_T_C_PRS313_Unknown_combined,0.9857317802523282
chr19_44283031_T_C_PRS313_Unknown_combined,0.9901215905356556
chr19_13249921_G_T_PRS313_Unknown_combined,0.9248854111633087
chr19_19517054_C_CGGGCG_PRS313_Unknown_combined,1.0
chr19_17393925_C_A_PRS313_Unknown_combined,0.9084485594201133
chr19_55816678_C_T_PRS313_Unknown_combined,0.9486809757942511
