SNP,R2 Score
chr19_18569492_C_T_PRS313_Unknown_combined,0.920340684110971
chr19_46166073_T_C_PRS313_Unknown_combined,0.9855890980548515
chr19_44283031_T_C_PRS313_Unknown_combined,0.9931022359513638
chr19_13249921_G_T_PRS313_Unknown_combined,0.9470256150671826
chr19_19517054_C_CGGGCG_PRS313_Unknown_combined,0.9992440529753949
chr19_17393925_C_A_PRS313_Unknown_combined,0.9325326917219955
chr19_55816678_C_T_PRS313_Unknown_combined,0.9595538979765507
