SNP,AUC Score
chr19_18569492_C_T_PRS313_Unknown_combined,0.9989754098360656
chr19_46166073_T_C_PRS313_Unknown_combined,0.9950070795141217
chr19_44283031_T_C_PRS313_Unknown_combined,0.9956072037760193
chr19_13249921_G_T_PRS313_Unknown_combined,0.9687195937461515
chr19_19517054_C_CGGGCG_PRS313_Unknown_combined,1.0
chr19_17393925_C_A_PRS313_Unknown_combined,0.9629221318615692
chr19_55816678_C_T_PRS313_Unknown_combined,0.9855160638428311
