SNP,R2 Score
chr11_111696440_T_C_PRS313_Unknown_combined,0.48651622002821016
chr11_122966626_A_G_PRS313_Unknown_combined,0.6058000337211267
chr11_69331418_C_T_PRS313_Known_combined,0.2517921146953338
chr11_1895708_C_A_PRS313_Unknown_combined,0.744283380971824
chr11_803017_A_G_PRS313_Known_combined,0.621548707355048
chr11_433617_T_C_PRS313_Unknown_combined,0.4039498730964469
chr11_46318032_C_G_PRS313_Unknown_combined,0.5251184834123219
chr11_42844441_C_T_PRS313_Unknown_combined,0.46560235547170836
chr11_69330983_G_A_PRS313_Known_combined,-0.07479977116705339
chr11_65572431_G_A_PRS313_Unknown_combined,0.8551377162401066
chr11_108267402_C_CA_PRS313_Unknown_combined,0.8510849103338946
chr11_116727936_A_T_PRS313_Unknown_combined,0.8125140333807346
chr11_129243417_T_G_PRS313_Unknown_combined,0.35157187875149865
chr11_129461016_A_G_PRS313_Unknown_combined,0.9096468505098858
chr11_103614438_T_G_PRS313_Unknown_combined,0.6804936506601635
chr11_18664241_T_G_PRS313_Unknown_combined,0.7309838126669814
chr11_69328130_A_T_PRS313_Unknown_combined,0.2639014466546066
chr11_65553492_C_A_PRS313_Unknown_combined,0.6829916476841286
chr11_44368892_G_A_PRS313_Unknown_combined,0.6176080175217353
