SNP,IQS Score
chr11_111696440_T_C_PRS313_Unknown_combined,0.6261142833668817
chr11_122966626_A_G_PRS313_Unknown_combined,0.6527744259008299
chr11_69331418_C_T_PRS313_Known_combined,0.5645144466465003
chr11_1895708_C_A_PRS313_Unknown_combined,0.7836894305733743
chr11_803017_A_G_PRS313_Known_combined,0.6726930922763089
chr11_433617_T_C_PRS313_Unknown_combined,0.6092278154436913
chr11_46318032_C_G_PRS313_Unknown_combined,0.6883359253499228
chr11_42844441_C_T_PRS313_Unknown_combined,0.6035901528807915
chr11_69330983_G_A_PRS313_Known_combined,0.3624215980365424
chr11_65572431_G_A_PRS313_Unknown_combined,0.882047866973403
chr11_108267402_C_CA_PRS313_Unknown_combined,0.8686467657964718
chr11_116727936_A_T_PRS313_Unknown_combined,0.8376223504245803
chr11_129243417_T_G_PRS313_Unknown_combined,0.5394414288215725
chr11_129461016_A_G_PRS313_Unknown_combined,0.9279117831728756
chr11_103614438_T_G_PRS313_Unknown_combined,0.7273115246878074
chr11_18664241_T_G_PRS313_Unknown_combined,0.7519292779247129
chr11_69328130_A_T_PRS313_Unknown_combined,0.511920547722783
chr11_65553492_C_A_PRS313_Unknown_combined,0.7943270600007697
chr11_44368892_G_A_PRS313_Unknown_combined,0.6975487167967653
