SNP,R2 Score
chr13_73806982_T_C_PRS313_Unknown_maternal,0.4111727
chr13_73806982_T_C_PRS313_Unknown_paternal,0.3727737
chr13_32839990_G_A_PRS313_Unknown_maternal,0.08704424
chr13_32839990_G_A_PRS313_Unknown_paternal,0.08824313
chr13_73960952_A_G_PRS313_Unknown_maternal,0.8720969
chr13_73960952_A_G_PRS313_Unknown_paternal,0.85856944
chr13_43501356_A_G_PRS313_Unknown_maternal,0.06920594
chr13_43501356_A_G_PRS313_Unknown_paternal,0.18374372
