SNP,IQS Score
chr13_73806982_T_C_PRS313_Unknown_maternal,0.624302597636331
chr13_73806982_T_C_PRS313_Unknown_paternal,0.5193980090896224
chr13_32839990_G_A_PRS313_Unknown_maternal,-0.003003003002996888
chr13_32839990_G_A_PRS313_Unknown_paternal,0.28161743619156826
chr13_73960952_A_G_PRS313_Unknown_maternal,0.9813294244791989
chr13_73960952_A_G_PRS313_Unknown_paternal,0.9711197578901859
chr13_43501356_A_G_PRS313_Unknown_maternal,0.7516823302895705
chr13_43501356_A_G_PRS313_Unknown_paternal,0.7477764725625106
