SNP,IQS Score
chr13_73806982_T_C_PRS313_Unknown_maternal,0.5298129262341239
chr13_73806982_T_C_PRS313_Unknown_paternal,0.5410096918848546
chr13_32839990_G_A_PRS313_Unknown_maternal,0.0
chr13_32839990_G_A_PRS313_Unknown_paternal,0.0
chr13_73960952_A_G_PRS313_Unknown_maternal,0.9239045135812471
chr13_73960952_A_G_PRS313_Unknown_paternal,0.9405270655270657
chr13_32972626_A_T_PRS313_Known_maternal,0.0
chr13_32972626_A_T_PRS313_Known_paternal,0.0
chr13_43501356_A_G_PRS313_Unknown_maternal,0.7626992489197784
chr13_43501356_A_G_PRS313_Unknown_paternal,0.7805017429567404
