SNP,R2 Score
chr13_73806982_T_C_PRS313_Unknown_maternal,0.4270729775997608
chr13_73806982_T_C_PRS313_Unknown_paternal,0.33038372399154603
chr13_32839990_G_A_PRS313_Unknown_maternal,-0.41428954990911904
chr13_32839990_G_A_PRS313_Unknown_paternal,0.12676667814143305
chr13_73960952_A_G_PRS313_Unknown_maternal,0.9635038252075846
chr13_73960952_A_G_PRS313_Unknown_paternal,0.9704861312998209
chr13_43501356_A_G_PRS313_Unknown_maternal,0.6628744824282257
chr13_43501356_A_G_PRS313_Unknown_paternal,0.6332377303958396
