SNP,R2 Score
chr13_73806982_T_C_PRS313_Unknown_maternal,0.41714251253670553
chr13_73806982_T_C_PRS313_Unknown_paternal,0.37360602196440684
chr13_32839990_G_A_PRS313_Unknown_maternal,0.08768989671035911
chr13_32839990_G_A_PRS313_Unknown_paternal,0.09979647597249164
chr13_73960952_A_G_PRS313_Unknown_maternal,0.8837166839944545
chr13_73960952_A_G_PRS313_Unknown_paternal,0.8748052121252566
chr13_32972626_A_T_PRS313_Known_maternal,0.1530770399240475
chr13_32972626_A_T_PRS313_Known_paternal,0.30227467144740927
chr13_43501356_A_G_PRS313_Unknown_maternal,0.6725682401976918
chr13_43501356_A_G_PRS313_Unknown_paternal,0.6663822346560178
