SNP,R2 Score
chr13_73806982_T_C_PRS313_Unknown_maternal,0.4138623880529615
chr13_73806982_T_C_PRS313_Unknown_paternal,0.3236815696335782
chr13_32839990_G_A_PRS313_Unknown_maternal,-1.021061950996355
chr13_32839990_G_A_PRS313_Unknown_paternal,0.13526767265317463
chr13_73960952_A_G_PRS313_Unknown_maternal,0.9666499768451357
chr13_73960952_A_G_PRS313_Unknown_paternal,0.9745158249011863
chr13_43501356_A_G_PRS313_Unknown_maternal,0.6482149462971061
chr13_43501356_A_G_PRS313_Unknown_paternal,0.6268537107690728
