SNP,R2 Score
chr9_98362587_T_C_PRS313_Unknown_maternal,0.955093706025843
chr9_98362587_T_C_PRS313_Unknown_paternal,0.9874352502281064
chr9_6880263_A_G_PRS313_Unknown_maternal,0.9335923934546976
chr9_6880263_A_G_PRS313_Unknown_paternal,0.8903819209413255
chr9_110885479_C_T_PRS313_Unknown_maternal,0.9572407763468336
chr9_110885479_C_T_PRS313_Unknown_paternal,0.9462408455094103
chr9_110837176_C_T_PRS313_Known_maternal,0.6085461522428816
chr9_110837176_C_T_PRS313_Known_paternal,0.7182062641787467
chr9_21964882_CAAAA_C_PRS313_Unknown_maternal,0.5514101081539293
chr9_21964882_CAAAA_C_PRS313_Unknown_paternal,0.5274466998409718
chr9_36928288_T_C_PRS313_Unknown_maternal,0.6240452590611136
chr9_36928288_T_C_PRS313_Unknown_paternal,0.7466858586471015
chr9_110303808_TAA_T_PRS313_Unknown_maternal,0.5957021491352481
chr9_110303808_TAA_T_PRS313_Unknown_paternal,0.6947506438830189
chr9_129424719_A_G_PRS313_Unknown_maternal,0.42209547947389053
chr9_129424719_A_G_PRS313_Unknown_paternal,0.3536853895884035
chr9_119313486_A_G_PRS313_Unknown_maternal,0.8551975525814175
chr9_119313486_A_G_PRS313_Unknown_paternal,0.863020195594999
chr9_110849525_G_T_PRS313_Unknown_maternal,0.4899572791456378
chr9_110849525_G_T_PRS313_Unknown_paternal,0.5723313033605615
chr9_136146597_C_T_PRS313_Known_maternal,0.9682077244605245
chr9_136146597_C_T_PRS313_Known_paternal,0.982641970767176
chr9_87782211_T_C_PRS313_Known_maternal,0.8294018173667317
chr9_87782211_T_C_PRS313_Known_paternal,0.7640916500402778
chr9_22041998_C_G_PRS313_Known_maternal,0.6895940202165265
chr9_22041998_C_G_PRS313_Known_paternal,0.760816467390435
chr9_110837073_A_G_PRS313_Known_maternal,0.20958413483881497
chr9_110837073_A_G_PRS313_Known_paternal,0.25672983785718023
