SNP,IQS Score
chr9_98362587_T_C_PRS313_Unknown_maternal,0.9782083904221309
chr9_98362587_T_C_PRS313_Unknown_paternal,1.0
chr9_6880263_A_G_PRS313_Unknown_maternal,0.964174621902821
chr9_6880263_A_G_PRS313_Unknown_paternal,0.9102382895706008
chr9_110885479_C_T_PRS313_Unknown_maternal,0.971878683555672
chr9_110885479_C_T_PRS313_Unknown_paternal,0.9701299733693708
chr9_21964882_CAAAA_C_PRS313_Unknown_maternal,0.7354393812319447
chr9_21964882_CAAAA_C_PRS313_Unknown_paternal,0.8254121431443505
chr9_36928288_T_C_PRS313_Unknown_maternal,0.69004263857537
chr9_36928288_T_C_PRS313_Unknown_paternal,0.6902142149264352
chr9_110303808_TAA_T_PRS313_Unknown_maternal,0.764743029243175
chr9_110303808_TAA_T_PRS313_Unknown_paternal,0.8299773755656109
chr9_129424719_A_G_PRS313_Unknown_maternal,0.7271756204838205
chr9_129424719_A_G_PRS313_Unknown_paternal,0.7916586370229123
chr9_119313486_A_G_PRS313_Unknown_maternal,0.5957191821864289
chr9_119313486_A_G_PRS313_Unknown_paternal,0.5368431119399416
chr9_110849525_G_T_PRS313_Unknown_maternal,0.9101158607404889
chr9_110849525_G_T_PRS313_Unknown_paternal,0.9173164995667782
