SNP,R2 Score
chr9_98362587_T_C_PRS313_Unknown_maternal,0.939929567105527
chr9_98362587_T_C_PRS313_Unknown_paternal,0.9765830803133129
chr9_6880263_A_G_PRS313_Unknown_maternal,0.9097357575418715
chr9_6880263_A_G_PRS313_Unknown_paternal,0.8887285067023122
chr9_110885479_C_T_PRS313_Unknown_maternal,0.9486410841843163
chr9_110885479_C_T_PRS313_Unknown_paternal,0.9459643250033438
chr9_110849525_G_T_PRS313_Unknown_maternal,0.531880210680038
chr9_110849525_G_T_PRS313_Unknown_paternal,0.6217313369380794
chr9_21964882_CAAAA_C_PRS313_Unknown_maternal,0.5742806432426852
chr9_21964882_CAAAA_C_PRS313_Unknown_paternal,0.5275960476799071
chr9_36928288_T_C_PRS313_Unknown_maternal,0.6140663996573614
chr9_36928288_T_C_PRS313_Unknown_paternal,0.7106453726372396
chr9_110303808_TAA_T_PRS313_Unknown_maternal,0.9971118966513312
chr9_110303808_TAA_T_PRS313_Unknown_paternal,0.99343082422509
chr9_129424719_A_G_PRS313_Unknown_maternal,0.3884222509074129
chr9_129424719_A_G_PRS313_Unknown_paternal,0.29897991445908123
chr9_119313486_A_G_PRS313_Unknown_maternal,0.8377439147454574
chr9_119313486_A_G_PRS313_Unknown_paternal,0.8344203290973995
