SNP,IQS Score
chr9_98362587_T_C_PRS313_Unknown_maternal,0.9561679790026247
chr9_98362587_T_C_PRS313_Unknown_paternal,0.9836104901586608
chr9_6880263_A_G_PRS313_Unknown_maternal,0.936032831737346
chr9_6880263_A_G_PRS313_Unknown_paternal,0.9301853363326895
chr9_110885479_C_T_PRS313_Unknown_maternal,0.9529665790461885
chr9_110885479_C_T_PRS313_Unknown_paternal,0.9458383701388684
chr9_110849525_G_T_PRS313_Unknown_maternal,0.7095441698673817
chr9_110849525_G_T_PRS313_Unknown_paternal,0.7310479696307373
chr9_21964882_CAAAA_C_PRS313_Unknown_maternal,0.7428599811255152
chr9_21964882_CAAAA_C_PRS313_Unknown_paternal,0.671353842531075
chr9_36928288_T_C_PRS313_Unknown_maternal,0.757400652096717
chr9_36928288_T_C_PRS313_Unknown_paternal,0.8175719961483374
chr9_129424719_A_G_PRS313_Unknown_maternal,0.6266676281820148
chr9_129424719_A_G_PRS313_Unknown_paternal,0.580492356276466
chr9_119313486_A_G_PRS313_Unknown_maternal,0.9002871684057888
chr9_119313486_A_G_PRS313_Unknown_paternal,0.8753705507991458
