SNP,R2 Score
chr9_98362587_T_C_PRS313_Unknown_maternal,0.9316262688618295
chr9_98362587_T_C_PRS313_Unknown_paternal,0.9640880615092389
chr9_6880263_A_G_PRS313_Unknown_maternal,0.8998237698840821
chr9_6880263_A_G_PRS313_Unknown_paternal,0.8826086576175051
chr9_110885479_C_T_PRS313_Unknown_maternal,0.9297712739066298
chr9_110885479_C_T_PRS313_Unknown_paternal,0.9266685916659854
chr9_110849525_G_T_PRS313_Unknown_maternal,0.5416795591991033
chr9_110849525_G_T_PRS313_Unknown_paternal,0.6017517201301157
chr9_21964882_CAAAA_C_PRS313_Unknown_maternal,0.6006995028474803
chr9_21964882_CAAAA_C_PRS313_Unknown_paternal,0.5053399462035764
chr9_36928288_T_C_PRS313_Unknown_maternal,0.6140058652977465
chr9_36928288_T_C_PRS313_Unknown_paternal,0.708802124645757
chr9_129424719_A_G_PRS313_Unknown_maternal,0.4119479107545103
chr9_129424719_A_G_PRS313_Unknown_paternal,0.37587162577819677
chr9_119313486_A_G_PRS313_Unknown_maternal,0.8409993465832565
chr9_119313486_A_G_PRS313_Unknown_paternal,0.8220657849154487
