SNP,R2 Score
chr2_218292158_C_G_PRS313_Unknown_combined,0.9413310890257054
chr2_217920769_G_T_PRS313_Known_combined,0.9999970950904105
chr2_172974566_C_G_PRS313_Unknown_combined,0.9935657239421655
chr2_88358825_G_C_PRS313_Unknown_combined,0.996234510791346
chr2_202204741_T_C_PRS313_Unknown_combined,0.9021883193586018
chr2_174212910_A_G_PRS313_Unknown_combined,0.7502572706012134
chr2_121246568_T_C_PRS313_Unknown_combined,0.8528195918018224
chr2_29615233_T_C_PRS313_Unknown_combined,0.7108875236411278
chr2_10138983_T_C_PRS313_Unknown_combined,0.9787467369467687
chr2_39699510_C_CT_PRS313_Unknown_combined,0.7939609610183657
chr2_25129473_A_G_PRS313_Known_combined,0.9512602849578106
chr2_121058254_A_G_PRS313_Unknown_combined,0.9945355845433195
chr2_241388857_C_A_PRS313_Unknown_combined,0.9982038475166446
chr2_121159205_G_A_PRS313_Unknown_combined,0.9711859941249354
chr2_217955896_GA_G_PRS313_Unknown_combined,0.8022805488344289
chr2_192381934_C_T_PRS313_Known_combined,0.9917770676507706
chr2_121089731_T_C_PRS313_Known_combined,0.9839277200759076
chr2_70172587_G_A_PRS313_Unknown_combined,0.9462149019458104
chr2_19315675_T_A_PRS313_Unknown_combined,0.9463231460449566
chr2_29179452_G_C_PRS313_Unknown_combined,0.7855017544077558
chr2_218714845_G_A_PRS313_Unknown_combined,0.4848363402693626
