SNP,Accuracy Score
chr2_218292158_C_G_PRS313_Unknown_combined,0.9920159680638723
chr2_217920769_G_T_PRS313_Known_combined,1.0
chr2_172974566_C_G_PRS313_Unknown_combined,0.9940119760479041
chr2_88358825_G_C_PRS313_Unknown_combined,0.998003992015968
chr2_202204741_T_C_PRS313_Unknown_combined,0.9560878243512974
chr2_174212910_A_G_PRS313_Unknown_combined,0.8383233532934131
chr2_121246568_T_C_PRS313_Unknown_combined,0.9221556886227545
chr2_29615233_T_C_PRS313_Unknown_combined,0.8143712574850299
chr2_10138983_T_C_PRS313_Unknown_combined,0.9880239520958084
chr2_39699510_C_CT_PRS313_Unknown_combined,0.9401197604790419
chr2_25129473_A_G_PRS313_Known_combined,0.9700598802395209
chr2_121058254_A_G_PRS313_Unknown_combined,0.998003992015968
chr2_241388857_C_A_PRS313_Unknown_combined,0.998003992015968
chr2_121159205_G_A_PRS313_Unknown_combined,0.9900199600798403
chr2_217955896_GA_G_PRS313_Unknown_combined,0.9421157684630739
chr2_192381934_C_T_PRS313_Known_combined,0.9960079840319361
chr2_121089731_T_C_PRS313_Known_combined,0.9900199600798403
chr2_70172587_G_A_PRS313_Unknown_combined,0.9940119760479041
chr2_19315675_T_A_PRS313_Unknown_combined,0.9660678642714571
chr2_29179452_G_C_PRS313_Unknown_combined,0.8862275449101796
chr2_218714845_G_A_PRS313_Unknown_combined,0.9900199600798403
