SNP,R2 Score
chr2_218292158_C_G_PRS313_Unknown_combined,0.9377136818549139
chr2_217920769_G_T_PRS313_Known_combined,1.0
chr2_172974566_C_G_PRS313_Unknown_combined,0.9895876631473938
chr2_88358825_G_C_PRS313_Unknown_combined,0.9966579947968781
chr2_202204741_T_C_PRS313_Unknown_combined,0.8900811775734487
chr2_174212910_A_G_PRS313_Unknown_combined,0.6910607714443673
chr2_121246568_T_C_PRS313_Unknown_combined,0.8090962383976551
chr2_29615233_T_C_PRS313_Unknown_combined,0.6141813785565234
chr2_10138983_T_C_PRS313_Unknown_combined,0.9768412942989214
chr2_39699510_C_CT_PRS313_Unknown_combined,0.7348458118693106
chr2_25129473_A_G_PRS313_Known_combined,0.9447726972088717
chr2_121058254_A_G_PRS313_Unknown_combined,0.9945796819214541
chr2_241388857_C_A_PRS313_Unknown_combined,0.9955782673162465
chr2_121159205_G_A_PRS313_Unknown_combined,0.9640406534409003
chr2_217955896_GA_G_PRS313_Unknown_combined,0.7579125392606909
chr2_192381934_C_T_PRS313_Known_combined,0.9896504709965295
chr2_121089731_T_C_PRS313_Known_combined,0.9833006679732811
chr2_70172587_G_A_PRS313_Unknown_combined,0.9450577569820149
chr2_19315675_T_A_PRS313_Unknown_combined,0.935535876475931
chr2_29179452_G_C_PRS313_Unknown_combined,0.7444060575683804
chr2_218714845_G_A_PRS313_Unknown_combined,0.3648580121703854
