SNP,AUC Score
chr2_218292158_C_G_PRS313_Unknown_combined,0.9906284067557051
chr2_217920769_G_T_PRS313_Known_combined,1.0
chr2_172974566_C_G_PRS313_Unknown_combined,0.9951187391447259
chr2_88358825_G_C_PRS313_Unknown_combined,0.9983801054607203
chr2_202204741_T_C_PRS313_Unknown_combined,0.9502087182379437
chr2_174212910_A_G_PRS313_Unknown_combined,0.8852599284644985
chr2_121246568_T_C_PRS313_Unknown_combined,0.9294408005186797
chr2_29615233_T_C_PRS313_Unknown_combined,0.8364123926426013
chr2_10138983_T_C_PRS313_Unknown_combined,0.9920541397459752
chr2_39699510_C_CT_PRS313_Unknown_combined,0.9127535087818721
chr2_25129473_A_G_PRS313_Known_combined,0.9793108702260162
chr2_121058254_A_G_PRS313_Unknown_combined,0.9981961537342526
chr2_241388857_C_A_PRS313_Unknown_combined,0.9985650043872477
chr2_121159205_G_A_PRS313_Unknown_combined,0.9805789310090631
chr2_217955896_GA_G_PRS313_Unknown_combined,0.914169292123043
chr2_192381934_C_T_PRS313_Known_combined,0.9972004119723908
chr2_121089731_T_C_PRS313_Known_combined,0.9929543832237949
chr2_70172587_G_A_PRS313_Unknown_combined,0.9912746692144978
chr2_19315675_T_A_PRS313_Unknown_combined,0.9740933906341671
chr2_29179452_G_C_PRS313_Unknown_combined,0.8934830839579629
chr2_218714845_G_A_PRS313_Unknown_combined,0.7489858012170385
