SNP,R2 Score
chr2_218292158_C_G_PRS313_Unknown_combined,0.9382945017716169
chr2_217920769_G_T_PRS313_Known_combined,0.9999970942564544
chr2_172974566_C_G_PRS313_Unknown_combined,0.9935641345914041
chr2_88358825_G_C_PRS313_Unknown_combined,0.9962188553131879
chr2_202204741_T_C_PRS313_Unknown_combined,0.9021387727626304
chr2_174212910_A_G_PRS313_Unknown_combined,0.736659136271494
chr2_121246568_T_C_PRS313_Unknown_combined,0.8506364074255007
chr2_29615233_T_C_PRS313_Unknown_combined,0.7037377629094763
chr2_10138983_T_C_PRS313_Unknown_combined,0.9786800955315871
chr2_39699510_C_CT_PRS313_Unknown_combined,0.7905060951944112
chr2_25129473_A_G_PRS313_Known_combined,0.950026654614401
chr2_121058254_A_G_PRS313_Unknown_combined,0.9945233106134372
chr2_241388857_C_A_PRS313_Unknown_combined,0.9981946065452235
chr2_121159205_G_A_PRS313_Unknown_combined,0.9709714578967013
chr2_217955896_GA_G_PRS313_Unknown_combined,0.8020390311669485
chr2_192381934_C_T_PRS313_Known_combined,0.9917452156668319
chr2_121089731_T_C_PRS313_Known_combined,0.9839121975120995
chr2_70172587_G_A_PRS313_Unknown_combined,0.9450247916362041
chr2_19315675_T_A_PRS313_Unknown_combined,0.9453742393278838
chr2_29179452_G_C_PRS313_Unknown_combined,0.785276425784047
chr2_218714845_G_A_PRS313_Unknown_combined,0.4784595081135903
