SNP,IQS Score
chr2_218292158_C_G_PRS313_Unknown_combined,0.9663662454055687
chr2_217920769_G_T_PRS313_Known_combined,1.0
chr2_172974566_C_G_PRS313_Unknown_combined,0.9908352540884644
chr2_88358825_G_C_PRS313_Unknown_combined,0.9968402331037614
chr2_202204741_T_C_PRS313_Unknown_combined,0.9138542822753349
chr2_174212910_A_G_PRS313_Unknown_combined,0.7539218123715216
chr2_121246568_T_C_PRS313_Unknown_combined,0.8616218130311617
chr2_29615233_T_C_PRS313_Unknown_combined,0.6904716034783995
chr2_10138983_T_C_PRS313_Unknown_combined,0.980749032968722
chr2_39699510_C_CT_PRS313_Unknown_combined,0.8285694732759996
chr2_25129473_A_G_PRS313_Known_combined,0.9532684128050145
chr2_121058254_A_G_PRS313_Unknown_combined,0.996167703146155
chr2_241388857_C_A_PRS313_Unknown_combined,0.9966157337980788
chr2_121159205_G_A_PRS313_Unknown_combined,0.9759104503447545
chr2_217955896_GA_G_PRS313_Unknown_combined,0.8512013272976793
chr2_192381934_C_T_PRS313_Known_combined,0.9925935781444031
chr2_121089731_T_C_PRS313_Known_combined,0.9848380302149912
chr2_70172587_G_A_PRS313_Unknown_combined,0.9660331306922187
chr2_19315675_T_A_PRS313_Unknown_combined,0.9467184655518646
chr2_29179452_G_C_PRS313_Unknown_combined,0.8001119938403387
chr2_218714845_G_A_PRS313_Unknown_combined,0.6106015855743816
