SNP,R2 Score
chr3_55970777_A_AT_PRS313_Unknown_maternal,-0.14828043032011906
chr3_55970777_A_AT_PRS313_Unknown_paternal,-0.017016980474999777
chr3_59373745_C_T_PRS313_Unknown_maternal,0.8677618212684243
chr3_59373745_C_T_PRS313_Unknown_paternal,0.8974587335003383
chr3_141112859_CTT_C_PRS313_Unknown_maternal,0.9521003306411199
chr3_141112859_CTT_C_PRS313_Unknown_paternal,0.8672574289447691
chr3_99403877_G_A_PRS313_Unknown_maternal,0.7400546779769275
chr3_99403877_G_A_PRS313_Unknown_paternal,0.6527990990033556
chr3_27388664_C_G_PRS313_Unknown_maternal,0.9436836687645046
chr3_27388664_C_G_PRS313_Unknown_paternal,0.979523203905404
chr3_4742251_A_G_PRS313_Unknown_maternal,0.8659277467718292
chr3_4742251_A_G_PRS313_Unknown_paternal,0.9209984663682009
chr3_29294845_C_T_PRS313_Unknown_maternal,-0.3941993932868022
chr3_29294845_C_T_PRS313_Unknown_paternal,0.13031482447183462
chr3_30684907_C_T_PRS313_Unknown_maternal,0.9714174052759966
chr3_30684907_C_T_PRS313_Unknown_paternal,0.9889756876849748
chr3_46888198_T_C_PRS313_Unknown_maternal,0.9332508807840326
chr3_46888198_T_C_PRS313_Unknown_paternal,0.8843525179440163
chr3_71620370_T_G_PRS313_Unknown_maternal,0.9364476356545949
chr3_71620370_T_G_PRS313_Unknown_paternal,0.9249016371502338
chr3_49709912_C_CT_PRS313_Unknown_maternal,0.8094692549379026
chr3_49709912_C_CT_PRS313_Unknown_paternal,0.7253322951641731
chr3_189774456_C_T_PRS313_Unknown_maternal,0.46781864262697326
chr3_189774456_C_T_PRS313_Unknown_paternal,0.6096258004409318
"chr3_63887449_T_TTG,TTGTG_PRS313_Unknown_maternal",-0.2900324235705596
"chr3_63887449_T_TTG,TTGTG_PRS313_Unknown_paternal",-0.4540246874945051
