SNP,R2 Score
chr3_55970777_A_AT_PRS313_Unknown_maternal,0.5104520862848041
chr3_55970777_A_AT_PRS313_Unknown_paternal,0.3857588997120446
chr3_59373745_C_T_PRS313_Unknown_maternal,0.8666680347344087
chr3_59373745_C_T_PRS313_Unknown_paternal,0.8904631061894649
chr3_141112859_CTT_C_PRS313_Unknown_maternal,0.9510859234523509
chr3_141112859_CTT_C_PRS313_Unknown_paternal,0.8879354590346332
chr3_99403877_G_A_PRS313_Unknown_maternal,0.7184056140358103
chr3_99403877_G_A_PRS313_Unknown_paternal,0.6509563884721865
chr3_27388664_C_G_PRS313_Unknown_maternal,0.91250336039109
chr3_27388664_C_G_PRS313_Unknown_paternal,0.9629015352071599
chr3_4742251_A_G_PRS313_Unknown_maternal,0.8915358560087865
chr3_4742251_A_G_PRS313_Unknown_paternal,0.9007373272773175
chr3_29294845_C_T_PRS313_Unknown_maternal,-0.1669978491003845
chr3_29294845_C_T_PRS313_Unknown_paternal,0.12570594876962737
chr3_30684907_C_T_PRS313_Unknown_maternal,0.9738530278920792
chr3_30684907_C_T_PRS313_Unknown_paternal,0.9885440958010997
chr3_46888198_T_C_PRS313_Unknown_maternal,0.9398890397878343
chr3_46888198_T_C_PRS313_Unknown_paternal,0.8964991836539155
chr3_71620370_T_G_PRS313_Unknown_maternal,0.9314768116962715
chr3_71620370_T_G_PRS313_Unknown_paternal,0.9379363285550569
chr3_49709912_C_CT_PRS313_Unknown_maternal,0.8090272623715165
chr3_49709912_C_CT_PRS313_Unknown_paternal,0.7429749977538644
chr3_189774456_C_T_PRS313_Unknown_maternal,0.503978920830956
chr3_189774456_C_T_PRS313_Unknown_paternal,0.5878864245510493
"chr3_63887449_T_TTG,TTGTG_PRS313_Unknown_maternal",0.893373038561733
"chr3_63887449_T_TTG,TTGTG_PRS313_Unknown_paternal",0.9864586662554994
