SNP,R2 Score
chr3_55970777_A_AT_PRS313_Unknown_maternal,0.7474375416964746
chr3_55970777_A_AT_PRS313_Unknown_paternal,0.754779659891911
chr3_59373745_C_T_PRS313_Unknown_maternal,0.8966081802861303
chr3_59373745_C_T_PRS313_Unknown_paternal,0.9254563009651934
chr3_141112859_CTT_C_PRS313_Unknown_maternal,0.9450175102122776
chr3_141112859_CTT_C_PRS313_Unknown_paternal,0.8915907928956172
chr3_99403877_G_A_PRS313_Unknown_maternal,0.7218644451300117
chr3_99403877_G_A_PRS313_Unknown_paternal,0.6900885493851894
chr3_172285237_G_A_PRS313_Known_maternal,0.7851371955744806
chr3_172285237_G_A_PRS313_Known_paternal,0.7691189168095768
chr3_27388664_C_G_PRS313_Unknown_maternal,0.9214019908825618
chr3_27388664_C_G_PRS313_Unknown_paternal,0.978564222182857
chr3_4742251_A_G_PRS313_Unknown_maternal,0.9149489591696975
chr3_4742251_A_G_PRS313_Unknown_paternal,0.919541345048926
chr3_27353716_C_A_PRS313_Known_maternal,0.9996186925057945
chr3_27353716_C_A_PRS313_Known_paternal,0.9999633885934823
chr3_29294845_C_T_PRS313_Unknown_maternal,0.08183495717608312
chr3_29294845_C_T_PRS313_Unknown_paternal,0.451569976992174
chr3_30684907_C_T_PRS313_Unknown_maternal,0.9735553851198686
chr3_30684907_C_T_PRS313_Unknown_paternal,0.9875190106427447
chr3_46888198_T_C_PRS313_Unknown_maternal,0.9741232785896297
chr3_46888198_T_C_PRS313_Unknown_paternal,0.9429209724810932
chr3_71620370_T_G_PRS313_Unknown_maternal,0.9503763621132976
chr3_71620370_T_G_PRS313_Unknown_paternal,0.9368698927983565
chr3_49709912_C_CT_PRS313_Unknown_maternal,0.8216458535973445
chr3_49709912_C_CT_PRS313_Unknown_paternal,0.7325563181277744
chr3_189774456_C_T_PRS313_Unknown_maternal,0.5422776031679167
chr3_189774456_C_T_PRS313_Unknown_paternal,0.624278145018703
"chr3_63887449_T_TTG,TTGTG_PRS313_Unknown_maternal",0.8845110783493911
"chr3_63887449_T_TTG,TTGTG_PRS313_Unknown_paternal",0.974483290185289
chr3_87037543_A_G_PRS313_Known_maternal,0.5706562153028694
chr3_87037543_A_G_PRS313_Known_paternal,0.5461478188926675
