SNP,IQS Score
chr3_55970777_A_AT_PRS313_Unknown_maternal,0.6646586345381535
chr3_55970777_A_AT_PRS313_Unknown_paternal,0.0
chr3_59373745_C_T_PRS313_Unknown_maternal,0.9081927768438329
chr3_59373745_C_T_PRS313_Unknown_paternal,0.9235096064991523
chr3_141112859_CTT_C_PRS313_Unknown_maternal,0.9795954939030846
chr3_141112859_CTT_C_PRS313_Unknown_paternal,0.9277221925201762
chr3_99403877_G_A_PRS313_Unknown_maternal,0.8316766776199879
chr3_99403877_G_A_PRS313_Unknown_paternal,0.7700166092160283
chr3_27388664_C_G_PRS313_Unknown_maternal,0.9439145620634068
chr3_27388664_C_G_PRS313_Unknown_paternal,0.968356562381574
chr3_4742251_A_G_PRS313_Unknown_maternal,0.9301157762588925
chr3_4742251_A_G_PRS313_Unknown_paternal,0.9339707415261852
chr3_29294845_C_T_PRS313_Unknown_maternal,-0.002000000000005239
chr3_29294845_C_T_PRS313_Unknown_paternal,0.0
chr3_30684907_C_T_PRS313_Unknown_maternal,0.9873210564942678
chr3_30684907_C_T_PRS313_Unknown_paternal,0.9917678568494389
chr3_46888198_T_C_PRS313_Unknown_maternal,0.9633396751061027
chr3_46888198_T_C_PRS313_Unknown_paternal,0.9271002817572125
chr3_71620370_T_G_PRS313_Unknown_maternal,0.9548178695285021
chr3_71620370_T_G_PRS313_Unknown_paternal,0.9504622534236418
chr3_49709912_C_CT_PRS313_Unknown_maternal,0.8799697370909779
chr3_49709912_C_CT_PRS313_Unknown_paternal,0.8660258124445821
chr3_189774456_C_T_PRS313_Unknown_maternal,0.7084711503123852
chr3_189774456_C_T_PRS313_Unknown_paternal,0.7445564153320137
"chr3_63887449_T_TTG,TTGTG_PRS313_Unknown_maternal",0.9360188276503747
"chr3_63887449_T_TTG,TTGTG_PRS313_Unknown_paternal",0.9898687589735291
