SNP,IQS Score
chr3_55970777_A_AT_PRS313_Unknown_maternal,0.8561584840654571
chr3_55970777_A_AT_PRS313_Unknown_paternal,0.0
chr3_59373745_C_T_PRS313_Unknown_maternal,0.9321478932147893
chr3_59373745_C_T_PRS313_Unknown_paternal,0.9557160879731934
chr3_141112859_CTT_C_PRS313_Unknown_maternal,0.9714336914643186
chr3_141112859_CTT_C_PRS313_Unknown_paternal,0.9315935894591321
chr3_99403877_G_A_PRS313_Unknown_maternal,0.8107073627492855
chr3_99403877_G_A_PRS313_Unknown_paternal,0.7788411084180804
chr3_27388664_C_G_PRS313_Unknown_maternal,0.8467271192040825
chr3_27388664_C_G_PRS313_Unknown_paternal,0.8465652091971352
chr3_4742251_A_G_PRS313_Unknown_maternal,1.0
chr3_4742251_A_G_PRS313_Unknown_paternal,1.0
chr3_29294845_C_T_PRS313_Unknown_maternal,0.955396291927263
chr3_29294845_C_T_PRS313_Unknown_paternal,0.9736988545089926
chr3_30684907_C_T_PRS313_Unknown_maternal,0.9174046161092795
chr3_30684907_C_T_PRS313_Unknown_paternal,0.946355275837864
chr3_46888198_T_C_PRS313_Unknown_maternal,0.0
chr3_46888198_T_C_PRS313_Unknown_paternal,0.0
chr3_71620370_T_G_PRS313_Unknown_maternal,0.9873210564942678
chr3_71620370_T_G_PRS313_Unknown_paternal,0.9917678568494389
chr3_49709912_C_CT_PRS313_Unknown_maternal,0.9878660175833758
chr3_49709912_C_CT_PRS313_Unknown_paternal,0.9539854359378074
chr3_189774456_C_T_PRS313_Unknown_maternal,0.9630328023415018
chr3_189774456_C_T_PRS313_Unknown_paternal,0.9544857659621911
"chr3_63887449_T_TTG,TTGTG_PRS313_Unknown_maternal",0.892604501607717
"chr3_63887449_T_TTG,TTGTG_PRS313_Unknown_paternal",0.8569756487481802
