SNP,IQS Score
chr3_55970777_A_AT_PRS313_Unknown_maternal,0.8561584840654571
chr3_55970777_A_AT_PRS313_Unknown_paternal,0.0
chr3_59373745_C_T_PRS313_Unknown_maternal,0.9401304940130494
chr3_59373745_C_T_PRS313_Unknown_paternal,0.959727983023054
chr3_141112859_CTT_C_PRS313_Unknown_maternal,0.9754992256907654
chr3_141112859_CTT_C_PRS313_Unknown_paternal,0.9272368454776123
chr3_99403877_G_A_PRS313_Unknown_maternal,0.8140971197216198
chr3_99403877_G_A_PRS313_Unknown_paternal,0.7802140498125202
chr3_27388664_C_G_PRS313_Unknown_maternal,0.8589889496677559
chr3_27388664_C_G_PRS313_Unknown_paternal,0.8593256428855557
chr3_4742251_A_G_PRS313_Unknown_maternal,0.9496724074425457
chr3_4742251_A_G_PRS313_Unknown_paternal,0.9894521874605247
chr3_29294845_C_T_PRS313_Unknown_maternal,0.9174046161092795
chr3_29294845_C_T_PRS313_Unknown_paternal,0.946355275837864
chr3_30684907_C_T_PRS313_Unknown_maternal,1.0
chr3_30684907_C_T_PRS313_Unknown_paternal,1.0
chr3_46888198_T_C_PRS313_Unknown_maternal,0.0
chr3_46888198_T_C_PRS313_Unknown_paternal,0.0
chr3_71620370_T_G_PRS313_Unknown_maternal,0.9873210564942678
chr3_71620370_T_G_PRS313_Unknown_paternal,0.9917678568494389
chr3_49709912_C_CT_PRS313_Unknown_maternal,0.9939543134344566
chr3_49709912_C_CT_PRS313_Unknown_paternal,0.9539854359378074
chr3_189774456_C_T_PRS313_Unknown_maternal,0.9588966920451563
chr3_189774456_C_T_PRS313_Unknown_paternal,0.96270378917591
"chr3_63887449_T_TTG,TTGTG_PRS313_Unknown_maternal",0.8858423211301839
"chr3_63887449_T_TTG,TTGTG_PRS313_Unknown_paternal",0.8491115349864472
