SNP,IQS Score
chr9_98362587_T_C_PRS313_Unknown_combined,0.9739136256118062
chr9_6880263_A_G_PRS313_Unknown_combined,0.8185768604019553
chr9_110837073_A_G_PRS313_Known_combined,0.4282481285904951
chr9_110885479_C_T_PRS313_Unknown_combined,0.9656588228036385
chr9_110849525_G_T_PRS313_Unknown_combined,0.662476020827624
chr9_110837176_C_T_PRS313_Known_combined,0.40894719456373013
chr9_22041998_C_G_PRS313_Known_combined,0.7802400252658174
chr9_21964882_CAAAA_C_PRS313_Unknown_combined,0.6544737663960024
chr9_36928288_T_C_PRS313_Unknown_combined,0.6972431867893669
chr9_110303808_TAA_T_PRS313_Unknown_combined,0.6842331437739038
chr9_129424719_A_G_PRS313_Unknown_combined,0.5032863263862889
chr9_119313486_A_G_PRS313_Unknown_combined,0.8111505894999896
chr9_136146597_C_T_PRS313_Known_combined,0.07219025633958089
chr9_87782211_T_C_PRS313_Known_combined,0.07887233872471949
