SNP,IQS Score
chr9_98362587_T_C_PRS313_Unknown_combined,0.9776189412553049
chr9_6880263_A_G_PRS313_Unknown_combined,0.8238334681247582
chr9_110885479_C_T_PRS313_Unknown_combined,0.9621923108586482
chr9_110837176_C_T_PRS313_Known_combined,0.8441946167840652
chr9_21964882_CAAAA_C_PRS313_Unknown_combined,0.618475398833187
chr9_36928288_T_C_PRS313_Unknown_combined,0.6820858028810299
chr9_110303808_TAA_T_PRS313_Unknown_combined,0.7042460881934566
chr9_129424719_A_G_PRS313_Unknown_combined,0.44799700642371587
chr9_119313486_A_G_PRS313_Unknown_combined,0.8212941851193889
chr9_110849525_G_T_PRS313_Unknown_combined,0.6047716515287194
chr9_136146597_C_T_PRS313_Known_combined,0.9740906740217204
chr9_87782211_T_C_PRS313_Known_combined,0.7630350630437759
chr9_22041998_C_G_PRS313_Known_combined,0.7699255026023064
chr9_110837073_A_G_PRS313_Known_combined,0.4423620720774925
