SNP,Accuracy Score
chr9_98362587_T_C_PRS313_Unknown_combined,0.9880239520958084
chr9_6880263_A_G_PRS313_Unknown_combined,0.9401197604790419
chr9_110885479_C_T_PRS313_Unknown_combined,0.9780439121756487
chr9_110837176_C_T_PRS313_Known_combined,0.9600798403193613
chr9_21964882_CAAAA_C_PRS313_Unknown_combined,0.7644710578842315
chr9_36928288_T_C_PRS313_Unknown_combined,0.8063872255489022
chr9_110303808_TAA_T_PRS313_Unknown_combined,0.8343313373253493
chr9_129424719_A_G_PRS313_Unknown_combined,0.6826347305389222
chr9_119313486_A_G_PRS313_Unknown_combined,0.8982035928143712
chr9_110849525_G_T_PRS313_Unknown_combined,0.8522954091816367
chr9_136146597_C_T_PRS313_Known_combined,0.9880239520958084
chr9_87782211_T_C_PRS313_Known_combined,0.8483033932135728
chr9_22041998_C_G_PRS313_Known_combined,0.9461077844311377
chr9_110837073_A_G_PRS313_Known_combined,0.7784431137724551
