SNP,Accuracy Score
chr9_98362587_T_C_PRS313_Unknown_combined,0.9860279441117764
chr9_6880263_A_G_PRS313_Unknown_combined,0.93812375249501
chr9_110885479_C_T_PRS313_Unknown_combined,0.9780439121756487
chr9_110837176_C_T_PRS313_Known_combined,0.9600798403193613
chr9_21964882_CAAAA_C_PRS313_Unknown_combined,0.7624750499001997
chr9_36928288_T_C_PRS313_Unknown_combined,0.8023952095808383
chr9_110303808_TAA_T_PRS313_Unknown_combined,0.8163672654690619
chr9_129424719_A_G_PRS313_Unknown_combined,0.6786427145708582
chr9_119313486_A_G_PRS313_Unknown_combined,0.8882235528942116
chr9_110849525_G_T_PRS313_Unknown_combined,0.846307385229541
chr9_136146597_C_T_PRS313_Known_combined,0.9880239520958084
chr9_87782211_T_C_PRS313_Known_combined,0.8423153692614771
chr9_22041998_C_G_PRS313_Known_combined,0.9441117764471058
chr9_110837073_A_G_PRS313_Known_combined,0.7644710578842315
