SNP,R2 Score
chr9_98362587_T_C_PRS313_Unknown_combined,0.9374008
chr9_6880263_A_G_PRS313_Unknown_combined,0.7422389
chr9_110885479_C_T_PRS313_Unknown_combined,0.93403417
chr9_110837176_C_T_PRS313_Known_combined,0.64580595
chr9_21964882_CAAAA_C_PRS313_Unknown_combined,0.61274016
chr9_36928288_T_C_PRS313_Unknown_combined,0.62684184
chr9_110303808_TAA_T_PRS313_Unknown_combined,0.61295843
chr9_129424719_A_G_PRS313_Unknown_combined,0.40805393
chr9_119313486_A_G_PRS313_Unknown_combined,0.73911095
chr9_110849525_G_T_PRS313_Unknown_combined,0.41603786
chr9_136146597_C_T_PRS313_Known_combined,0.93056196
chr9_87782211_T_C_PRS313_Known_combined,0.78404933
chr9_22041998_C_G_PRS313_Known_combined,0.5796013
chr9_110837073_A_G_PRS313_Known_combined,0.30251253
