SNP,R2 Score
chr9_98362587_T_C_PRS313_Unknown_combined,0.9384941374532417
chr9_6880263_A_G_PRS313_Unknown_combined,0.7670919926964144
chr9_110837073_A_G_PRS313_Known_combined,0.32747998416525603
chr9_110885479_C_T_PRS313_Unknown_combined,0.9433768702918182
chr9_110849525_G_T_PRS313_Unknown_combined,0.4845689254321178
chr9_110837176_C_T_PRS313_Known_combined,0.1788971484692441
chr9_22041998_C_G_PRS313_Known_combined,0.4829808620419347
chr9_21964882_CAAAA_C_PRS313_Unknown_combined,0.6375439129250916
chr9_36928288_T_C_PRS313_Unknown_combined,0.6766110769323667
chr9_110303808_TAA_T_PRS313_Unknown_combined,0.63109342184861
chr9_129424719_A_G_PRS313_Unknown_combined,0.4865685118422497
chr9_119313486_A_G_PRS313_Unknown_combined,0.7581157962962994
chr9_136146597_C_T_PRS313_Known_combined,-0.12478420245829924
chr9_87782211_T_C_PRS313_Known_combined,-0.0050290748702579435
