SNP,R2 Score
chr9_98362587_T_C_PRS313_Unknown_combined,0.9384944
chr9_6880263_A_G_PRS313_Unknown_combined,0.76709294
chr9_110837073_A_G_PRS313_Known_combined,0.32747853
chr9_110885479_C_T_PRS313_Unknown_combined,0.94337684
chr9_110849525_G_T_PRS313_Unknown_combined,0.4845683
chr9_110837176_C_T_PRS313_Known_combined,0.17889547
chr9_22041998_C_G_PRS313_Known_combined,0.48297983
chr9_21964882_CAAAA_C_PRS313_Unknown_combined,0.63754404
chr9_36928288_T_C_PRS313_Unknown_combined,0.6766105
chr9_110303808_TAA_T_PRS313_Unknown_combined,0.6310942
chr9_129424719_A_G_PRS313_Unknown_combined,0.48657
chr9_119313486_A_G_PRS313_Unknown_combined,0.75811636
chr9_136146597_C_T_PRS313_Known_combined,-0.124783635
chr9_87782211_T_C_PRS313_Known_combined,-0.0050308704
