SNP,IQS Score
chr4_106069013_G_T_PRS313_Unknown_combined,0.9151554495547493
chr4_38784633_G_T_PRS313_Unknown_combined,0.7778884334160039
chr4_175842495_G_A_PRS313_Unknown_combined,0.8538207918769877
chr4_151218296_CATATTT_C_PRS313_Unknown_combined,0.8474510388255796
chr4_89240476_G_A_PRS313_Unknown_combined,0.6037794751191492
chr4_143467195_C_T_PRS313_Unknown_combined,0.3059261849679887
"chr4_187503758_A_G,T_PRS313_Unknown_combined",0.7162669406140109
chr4_175847436_C_A_PRS313_Unknown_combined,0.7989600942574663
"chr4_126752992_A_AAT,AATAT_PRS313_Unknown_combined",0.3641970608391076
chr4_92594859_TTCTTTC_T_PRS313_Unknown_combined,0.5492008622531218
"chr4_84370124_TAA_TA,T_PRS313_Unknown_combined",0.835069237719673
