SNP,R2 Score
chr4_106069013_G_T_PRS313_Unknown_combined,0.9040199240077914
chr4_38784633_G_T_PRS313_Unknown_combined,0.7238059474920492
chr4_175842495_G_A_PRS313_Unknown_combined,0.8085996447059267
chr4_151218296_CATATTT_C_PRS313_Unknown_combined,0.8111980628297434
chr4_89240476_G_A_PRS313_Unknown_combined,0.4348587674248017
chr4_143467195_C_T_PRS313_Unknown_combined,-0.19371995064459302
"chr4_187503758_A_G,T_PRS313_Unknown_combined",0.601245782507138
chr4_175847436_C_A_PRS313_Unknown_combined,0.7263440485321793
"chr4_126752992_A_AAT,AATAT_PRS313_Unknown_combined",0.021400175538228372
chr4_92594859_TTCTTTC_T_PRS313_Unknown_combined,0.3751156413136889
"chr4_84370124_TAA_TA,T_PRS313_Unknown_combined",0.7708633373554963
