SNP,IQS Score
chr13_73806982_T_C_PRS313_Unknown_combined,0.44308848814426804
chr13_32839990_G_A_PRS313_Unknown_combined,0.0
chr13_73960952_A_G_PRS313_Unknown_combined,0.961003917770071
chr13_32972626_A_T_PRS313_Known_combined,1.0
chr13_43501356_A_G_PRS313_Unknown_combined,0.7756083223110999
