SNP,R2 Score
chr13_73806982_T_C_PRS313_Unknown_combined,0.39500257
chr13_32839990_G_A_PRS313_Unknown_combined,0.068985485
chr13_73960952_A_G_PRS313_Unknown_combined,0.9426872
chr13_32972626_A_T_PRS313_Known_combined,0.9911276
chr13_43501356_A_G_PRS313_Unknown_combined,0.71677613
