SNP,Accuracy Score
chr13_73806982_T_C_PRS313_Unknown_combined,0.7225548902195609
chr13_32839990_G_A_PRS313_Unknown_combined,0.9840319361277445
chr13_73960952_A_G_PRS313_Unknown_combined,0.9820359281437125
chr13_32972626_A_T_PRS313_Known_combined,1.0
chr13_43501356_A_G_PRS313_Unknown_combined,0.872255489021956
