SNP,R2 Score
chr13_73806982_T_C_PRS313_Unknown_combined,0.25791776
chr13_32839990_G_A_PRS313_Unknown_combined,0.069208086
chr13_73960952_A_G_PRS313_Unknown_combined,0.94565624
chr13_32972626_A_T_PRS313_Known_combined,0.9967603
chr13_43501356_A_G_PRS313_Unknown_combined,0.7225338
