SNP,AUC Score
chr13_73806982_T_C_PRS313_Unknown_combined,0.6939586400985718
chr13_32839990_G_A_PRS313_Unknown_combined,0.5
chr13_73960952_A_G_PRS313_Unknown_combined,0.9675757090250651
chr13_32972626_A_T_PRS313_Known_combined,1.0
chr13_43501356_A_G_PRS313_Unknown_combined,0.8696403503417969
