SNP,R2 Score
chr13_73806982_T_C_PRS313_Unknown_combined,0.3509748
chr13_32972626_A_T_PRS313_Known_combined,0.99760634
chr13_32839990_G_A_PRS313_Unknown_combined,0.07104683
chr13_73960952_A_G_PRS313_Unknown_combined,0.94317937
chr13_43501356_A_G_PRS313_Unknown_combined,0.73516697
