SNP,R2 Score
chr13_73806982_T_C_PRS313_Unknown_combined,0.3509756212064744
chr13_32972626_A_T_PRS313_Known_combined,0.9976063459707898
chr13_32839990_G_A_PRS313_Unknown_combined,0.07104375690127784
chr13_73960952_A_G_PRS313_Unknown_combined,0.9431794868256496
chr13_43501356_A_G_PRS313_Unknown_combined,0.7351670487780728
