SNP,IQS Score
chr4_106069013_G_T_PRS313_Unknown_combined,0.8930355694094538
chr4_38784633_G_T_PRS313_Unknown_combined,0.6983454928612148
chr4_175842495_G_A_PRS313_Unknown_combined,0.8216913500439433
chr4_151218296_CATATTT_C_PRS313_Unknown_combined,0.7477145955996282
chr4_89240476_G_A_PRS313_Unknown_combined,0.6128898731295404
chr4_143467195_C_T_PRS313_Unknown_combined,0.22291158874362949
"chr4_187503758_A_G,T_PRS313_Unknown_combined",0.6506959105481273
chr4_175847436_C_A_PRS313_Unknown_combined,0.7300854306164859
"chr4_126752992_A_AAT,AATAT_PRS313_Unknown_combined",0.3601282402158189
chr4_92594859_TTCTTTC_T_PRS313_Unknown_combined,0.4480544455381646
"chr4_84370124_TAA_TA,T_PRS313_Unknown_combined",0.770530039319588
