SNP,IQS Score
chr4_106069013_G_T_PRS313_Unknown_combined,0.9836250428984655
chr4_38784633_G_T_PRS313_Unknown_combined,0.8708984710530836
chr4_175847436_C_A_PRS313_Unknown_combined,0.782693558880937
chr4_175842495_G_A_PRS313_Unknown_combined,0.9716493803607084
chr4_151218296_CATATTT_C_PRS313_Unknown_combined,0.9168740666998508
chr4_89240476_G_A_PRS313_Unknown_combined,0.9121178778165813
chr4_143467195_C_T_PRS313_Unknown_combined,0.3166272478131923
"chr4_187503758_A_G,T_PRS313_Unknown_combined",0.8274169379424379
"chr4_126752992_A_AAT,AATAT_PRS313_Unknown_combined",0.5153238913396797
chr4_92594859_TTCTTTC_T_PRS313_Unknown_combined,0.5050557880055786
"chr4_84370124_TAA_TA,T_PRS313_Unknown_combined",0.5537453667787261
