SNP,IQS Score
chr4_106069013_G_T_PRS313_Unknown_combined,0.6957736215691037
chr4_38784633_G_T_PRS313_Unknown_combined,0.5079154148370697
chr4_175847436_C_A_PRS313_Unknown_combined,0.5708345014484626
chr4_175842495_G_A_PRS313_Unknown_combined,0.6520833333333333
chr4_151218296_CATATTT_C_PRS313_Unknown_combined,0.5934004403900597
chr4_89240476_G_A_PRS313_Unknown_combined,0.4853485401219528
chr4_143467195_C_T_PRS313_Unknown_combined,0.22781762501511063
"chr4_187503758_A_G,T_PRS313_Unknown_combined",0.5157923222638883
"chr4_126752992_A_AAT,AATAT_PRS313_Unknown_combined",0.33139694626525884
chr4_92594859_TTCTTTC_T_PRS313_Unknown_combined,0.3437699468085107
"chr4_84370124_TAA_TA,T_PRS313_Unknown_combined",0.5921664961747374
