SNP,R2 Score
chr4_106069013_G_T_PRS313_Unknown_combined,0.8800249050097393
chr4_38784633_G_T_PRS313_Unknown_combined,0.6117272015467938
chr4_175842495_G_A_PRS313_Unknown_combined,0.7511795381177047
chr4_151218296_CATATTT_C_PRS313_Unknown_combined,0.6866691255472337
chr4_89240476_G_A_PRS313_Unknown_combined,0.4440480557593578
chr4_143467195_C_T_PRS313_Unknown_combined,-0.4068842275454132
"chr4_187503758_A_G,T_PRS313_Unknown_combined",0.5102257980794195
chr4_175847436_C_A_PRS313_Unknown_combined,0.63318457569207
"chr4_126752992_A_AAT,AATAT_PRS313_Unknown_combined",0.06451029996385704
chr4_92594859_TTCTTTC_T_PRS313_Unknown_combined,0.26338135201216306
"chr4_84370124_TAA_TA,T_PRS313_Unknown_combined",0.6684831263866755
