SNP,R2 Score
chr4_106069013_G_T_PRS313_Unknown_combined,0.98318890650203
chr4_38784633_G_T_PRS313_Unknown_combined,0.9290476198606938
chr4_175847436_C_A_PRS313_Unknown_combined,0.7659383242526276
chr4_175842495_G_A_PRS313_Unknown_combined,0.972700641150568
chr4_151218296_CATATTT_C_PRS313_Unknown_combined,0.8327092563748737
chr4_89240476_G_A_PRS313_Unknown_combined,0.9856555774274245
chr4_143467195_C_T_PRS313_Unknown_combined,-0.0638703681141537
"chr4_187503758_A_G,T_PRS313_Unknown_combined",0.7924023750266238
"chr4_126752992_A_AAT,AATAT_PRS313_Unknown_combined",0.3926584341249626
chr4_92594859_TTCTTTC_T_PRS313_Unknown_combined,0.36550454144422584
