SNP,R2 Score
chr4_106069013_G_T_PRS313_Unknown_combined,0.6400747150292179
chr4_38784633_G_T_PRS313_Unknown_combined,0.3635528355251568
chr4_175847436_C_A_PRS313_Unknown_combined,0.3420612230667287
chr4_175842495_G_A_PRS313_Unknown_combined,0.5023590762354093
chr4_151218296_CATATTT_C_PRS313_Unknown_combined,0.4576965634471354
chr4_89240476_G_A_PRS313_Unknown_combined,0.11782831988261722
chr4_143467195_C_T_PRS313_Unknown_combined,-1.1103263413181197
"chr4_187503758_A_G,T_PRS313_Unknown_combined",0.32385154425123397
"chr4_126752992_A_AAT,AATAT_PRS313_Unknown_combined",-0.00877691155971183
chr4_92594859_TTCTTTC_T_PRS313_Unknown_combined,0.14750875569946964
"chr4_84370124_TAA_TA,T_PRS313_Unknown_combined",0.4490969600249166
