SNP,IQS Score
chr4_106069013_G_T_PRS313_Unknown_combined,0.9918125214492327
chr4_38784633_G_T_PRS313_Unknown_combined,0.9528171847843768
chr4_175847436_C_A_PRS313_Unknown_combined,0.8703659091517439
chr4_175842495_G_A_PRS313_Unknown_combined,0.9837756440356872
chr4_151218296_CATATTT_C_PRS313_Unknown_combined,0.8993534955073416
chr4_89240476_G_A_PRS313_Unknown_combined,0.9920121173469388
chr4_143467195_C_T_PRS313_Unknown_combined,0.3093945979509469
"chr4_187503758_A_G,T_PRS313_Unknown_combined",0.8609347350889975
"chr4_126752992_A_AAT,AATAT_PRS313_Unknown_combined",0.6515440562775723
chr4_92594859_TTCTTTC_T_PRS313_Unknown_combined,0.6035529881896774
