SNP,R2 Score
chr4_106069013_G_T_PRS313_Unknown_combined,0.9673286916674372
chr4_38784633_G_T_PRS313_Unknown_combined,0.7892440763232221
chr4_175847436_C_A_PRS313_Unknown_combined,0.6531195994921069
chr4_175842495_G_A_PRS313_Unknown_combined,0.9601592674754209
chr4_151218296_CATATTT_C_PRS313_Unknown_combined,0.8607965639516613
chr4_89240476_G_A_PRS313_Unknown_combined,0.8695397277158969
chr4_143467195_C_T_PRS313_Unknown_combined,-0.2765705153078579
"chr4_187503758_A_G,T_PRS313_Unknown_combined",0.7184912639854895
"chr4_126752992_A_AAT,AATAT_PRS313_Unknown_combined",0.13037117931609987
chr4_92594859_TTCTTTC_T_PRS313_Unknown_combined,0.1056844918547627
"chr4_84370124_TAA_TA,T_PRS313_Unknown_combined",0.3253387408000673
