SNP,IQS Score
chr4_106069013_G_T_PRS313_Unknown_combined,0.9918125214492327
chr4_38784633_G_T_PRS313_Unknown_combined,0.9871876838094262
chr4_175847436_C_A_PRS313_Unknown_combined,0.8645677521670961
chr4_175842495_G_A_PRS313_Unknown_combined,0.9837756440356872
chr4_151218296_CATATTT_C_PRS313_Unknown_combined,0.9502208492534482
chr4_89240476_G_A_PRS313_Unknown_combined,0.9920121173469388
chr4_143467195_C_T_PRS313_Unknown_combined,0.38060410457958643
"chr4_187503758_A_G,T_PRS313_Unknown_combined",0.8875517955801104
"chr4_126752992_A_AAT,AATAT_PRS313_Unknown_combined",0.6134641634849354
chr4_92594859_TTCTTTC_T_PRS313_Unknown_combined,0.6192295164490245
"chr4_84370124_TAA_TA,T_PRS313_Unknown_combined",0.7129762245774847
