SNP,IQS Score
chr4_106069013_G_T_PRS313_Unknown_combined,0.13972055888223553
chr4_38784633_G_T_PRS313_Unknown_combined,0.22954091816367264
chr4_175847436_C_A_PRS313_Unknown_combined,0.11377245508982035
chr4_175842495_G_A_PRS313_Unknown_combined,0.10379241516966067
chr4_151218296_CATATTT_C_PRS313_Unknown_combined,0.13373253493013973
chr4_89240476_G_A_PRS313_Unknown_combined,0.19161676646706588
chr4_143467195_C_T_PRS313_Unknown_combined,0.2055888223552894
"chr4_187503758_A_G,T_PRS313_Unknown_combined",0.21956087824351297
"chr4_126752992_A_AAT,AATAT_PRS313_Unknown_combined",0.36726546906187624
chr4_92594859_TTCTTTC_T_PRS313_Unknown_combined,0.3013972055888224
"chr4_84370124_TAA_TA,T_PRS313_Unknown_combined",0.1217564870259481
