SNP,R2 Score
chr4_106069013_G_T_PRS313_Unknown_combined,0.7200581116893917
chr4_38784633_G_T_PRS313_Unknown_combined,0.5396765791534153
chr4_175847436_C_A_PRS313_Unknown_combined,0.6448295097970836
chr4_175842495_G_A_PRS313_Unknown_combined,0.7511795381177047
chr4_151218296_CATATTT_C_PRS313_Unknown_combined,0.7308568129700598
chr4_89240476_G_A_PRS313_Unknown_combined,0.5589141599413086
chr4_143467195_C_T_PRS313_Unknown_combined,-0.225694592179716
"chr4_187503758_A_G,T_PRS313_Unknown_combined",0.5145600830521679
"chr4_126752992_A_AAT,AATAT_PRS313_Unknown_combined",0.18952966079818034
chr4_92594859_TTCTTTC_T_PRS313_Unknown_combined,0.3502857992466831
"chr4_84370124_TAA_TA,T_PRS313_Unknown_combined",0.7026098633762825
