SNP,R2 Score
chr4_106069013_G_T_PRS313_Unknown_combined,0.9822920525634086
chr4_38784633_G_T_PRS313_Unknown_combined,0.9683605402255844
chr4_175847436_C_A_PRS313_Unknown_combined,0.7918537488836019
chr4_175842495_G_A_PRS313_Unknown_combined,0.9743359721851854
chr4_151218296_CATATTT_C_PRS313_Unknown_combined,0.9269712177669953
chr4_89240476_G_A_PRS313_Unknown_combined,0.9863086095502095
chr4_143467195_C_T_PRS313_Unknown_combined,0.0815364472031258
"chr4_187503758_A_G,T_PRS313_Unknown_combined",0.8329060313152389
"chr4_126752992_A_AAT,AATAT_PRS313_Unknown_combined",0.42300544929735606
chr4_92594859_TTCTTTC_T_PRS313_Unknown_combined,0.3808492703864974
"chr4_84370124_TAA_TA,T_PRS313_Unknown_combined",0.5167664507217726
