SNP,IQS Score
chr17_43212339_C_CT_PRS313_Unknown_combined,0.9524602781321496
chr17_53209774_A_C_PRS313_Known_combined,0.923875607779578
chr17_44283858_G_A_PRS313_Unknown_combined,0.7600447022510773
chr17_40485239_G_T_PRS313_Unknown_combined,0.974620060790273
chr17_77781725_A_G_PRS313_Known_combined,1.0
chr17_40127060_T_C_PRS313_Unknown_combined,0.9328580235331957
chr17_29168077_G_T_PRS313_Unknown_combined,0.893468766867854
chr17_39251123_T_C_PRS313_Unknown_combined,1.0
chr17_40744470_G_A_PRS313_Unknown_combined,1.0
