SNP,AUC Score
chr17_43212339_C_CT_PRS313_Unknown_combined,0.984055317379375
chr17_53209774_A_C_PRS313_Known_combined,0.9979274589142891
chr17_44283858_G_A_PRS313_Unknown_combined,0.838821408236857
chr17_40485239_G_T_PRS313_Unknown_combined,0.9993077181873863
chr17_77781725_A_G_PRS313_Known_combined,1.0
chr17_40127060_T_C_PRS313_Unknown_combined,0.9739108083375871
chr17_29168077_G_T_PRS313_Unknown_combined,0.9581320450885669
chr17_39251123_T_C_PRS313_Unknown_combined,1.0
chr17_40744470_G_A_PRS313_Unknown_combined,1.0
