SNP,Accuracy Score
chr17_43212339_C_CT_PRS313_Unknown_combined,0.9820359281437125
chr17_53209774_A_C_PRS313_Known_combined,0.9940119760479041
chr17_44283858_G_A_PRS313_Unknown_combined,0.9820359281437125
chr17_40485239_G_T_PRS313_Unknown_combined,0.998003992015968
chr17_77781725_A_G_PRS313_Known_combined,1.0
chr17_40127060_T_C_PRS313_Unknown_combined,0.9700598802395209
chr17_29168077_G_T_PRS313_Unknown_combined,0.9740518962075848
chr17_39251123_T_C_PRS313_Unknown_combined,1.0
chr17_40744470_G_A_PRS313_Unknown_combined,1.0
