SNP,R2 Score
chr17_43212339_C_CT_PRS313_Unknown_combined,0.9382626233347117
chr17_53209774_A_C_PRS313_Known_combined,0.8742451651072487
chr17_44283858_G_A_PRS313_Unknown_combined,0.6831509153373339
chr17_40485239_G_T_PRS313_Unknown_combined,0.946962722555485
chr17_77781725_A_G_PRS313_Known_combined,0.9936387022900979
chr17_40127060_T_C_PRS313_Unknown_combined,0.9021749771328056
chr17_29168077_G_T_PRS313_Unknown_combined,0.8242103686924152
chr17_39251123_T_C_PRS313_Unknown_combined,1.0
chr17_40744470_G_A_PRS313_Unknown_combined,1.0
