SNP,R2 Score
chr17_43212339_C_CT_PRS313_Unknown_combined,0.9260431701876394
chr17_53209774_A_C_PRS313_Known_combined,0.8585012238749764
chr17_44283858_G_A_PRS313_Unknown_combined,0.5721199468589866
chr17_40485239_G_T_PRS313_Unknown_combined,0.9547915538711423
chr17_77781725_A_G_PRS313_Known_combined,1.0
chr17_40127060_T_C_PRS313_Unknown_combined,0.9049864717930564
chr17_29168077_G_T_PRS313_Unknown_combined,0.7815016103059581
chr17_39251123_T_C_PRS313_Unknown_combined,1.0
chr17_40744470_G_A_PRS313_Unknown_combined,1.0
