Chromosome,Accuracy,Precision,Recall,False Positive Rate,AUC ROC,R2 Score,IQS Score
1,0.9428642988204956,0.9162085623854739,0.8954737870400521,0.036192257878831485,0.9784123035022012,0.7132643971098591,0.8647422144277471
2,0.9259128570556641,0.9228607918263091,0.9165398274987316,0.06601092896174864,0.9729058021641674,0.6577918210242697,0.8509321023851825
3,0.9713649749755859,0.9386634116570034,0.9470443349753694,0.02055635099202291,0.9907138442638393,0.7569234418530837,0.9237339958972963
