Chromosome,Accuracy,Precision,Recall,False Positive Rate,AUC ROC,R2 Score,IQS Score
6,0.9203093647956848,0.8953229398663697,0.8838807200769548,0.058920316539998435,0.9769998446644399,0.7316185235977173,0.8272325232658266
7,0.9522383809089661,0.9171614362454057,0.8958851146092239,0.028154127029883732,0.9846132604594762,0.7788874506950378,0.8743438782087148
