Chromosome,Accuracy,Precision,Recall,False Positive Rate,AUC ROC,R2 Score,IQS Score
1,0.9481370449066162,0.9258920402561757,0.8988564449872322,0.03077946135942621,0.9816973710620773,0.7273185849189758,0.8753896518003198
2,0.9376009702682495,0.9372000408455019,0.9293236127987039,0.05507791509940892,0.9802961976584155,0.6959015727043152,0.8746703206779786
3,0.9733657836914062,0.9478535047295659,0.9485436893203884,0.01804902619207522,0.9919749685395165,0.7747050523757935,0.9302731146497449
