SNP,R2 Score
chr8_106358620_A_T_PRS313_Unknown_combined,0.46227613875094475
chr8_143669254_A_G_PRS313_Unknown_combined,0.7544491937400782
chr8_124563705_T_C_PRS313_Unknown_combined,0.4187832760262217
chr8_124571581_G_A_PRS313_Unknown_combined,0.46164918074703987
chr8_76230943_A_G_PRS313_Unknown_combined,0.9903804398733741
chr8_128213561_C_CA_PRS313_Unknown_combined,0.017982683945796385
chr8_124739913_T_G_PRS313_Unknown_combined,0.9676935598621939
chr8_23447496_A_G_PRS313_Unknown_combined,0.5983172737894846
chr8_102483100_T_C_PRS313_Unknown_combined,0.09367444428119942
chr8_120862186_A_G_PRS313_Unknown_combined,0.9200099660765371
chr8_128370949_C_G_PRS313_Unknown_combined,0.9507316643419951
chr8_17787610_CT_C_PRS313_Unknown_combined,0.3467858160322287
chr8_23663653_C_A_PRS313_Unknown_combined,0.7537472084347415
chr8_129199566_G_A_PRS313_Unknown_combined,0.9447924980462333
