SNP,IQS Score
chr8_106358620_A_T_PRS313_Unknown_combined,0.6217045545826972
chr8_143669254_A_G_PRS313_Unknown_combined,0.8455667484556675
chr8_124563705_T_C_PRS313_Unknown_combined,0.6234450609308099
chr8_124571581_G_A_PRS313_Unknown_combined,0.6428589832779366
chr8_76230943_A_G_PRS313_Unknown_combined,1.0
chr8_128213561_C_CA_PRS313_Unknown_combined,0.31661654555171775
chr8_124739913_T_G_PRS313_Unknown_combined,0.9679267629077175
chr8_23447496_A_G_PRS313_Unknown_combined,0.7376047486033525
chr8_102483100_T_C_PRS313_Unknown_combined,0.4079293474807802
chr8_120862186_A_G_PRS313_Unknown_combined,0.9427951587120348
chr8_128370949_C_G_PRS313_Unknown_combined,0.983420294970933
chr8_17787610_CT_C_PRS313_Unknown_combined,0.5700858112153263
chr8_23663653_C_A_PRS313_Unknown_combined,0.8482142857142857
chr8_129199566_G_A_PRS313_Unknown_combined,0.9723671582848884
