SNP,R2 Score
chr2_218292158_C_G_PRS313_Unknown_combined,0.5108310626702961
chr2_217920769_G_T_PRS313_Known_combined,0.14833406663733284
chr2_172974566_C_G_PRS313_Unknown_combined,0.3721139589070189
chr2_88358825_G_C_PRS313_Unknown_combined,-0.07448411778344144
chr2_202204741_T_C_PRS313_Unknown_combined,0.46182449181953833
chr2_174212910_A_G_PRS313_Unknown_combined,0.33834802331256764
chr2_121246568_T_C_PRS313_Unknown_combined,0.3224602401817558
chr2_29179452_G_C_PRS313_Unknown_combined,0.6724834900940577
chr2_29615233_T_C_PRS313_Unknown_combined,0.29552027444801154
chr2_10138983_T_C_PRS313_Unknown_combined,-0.1522968856841027
chr2_39699510_C_CT_PRS313_Unknown_combined,0.1442028266447445
chr2_25129473_A_G_PRS313_Known_combined,-0.0724706958184389
chr2_121058254_A_G_PRS313_Unknown_combined,0.4827889060092464
chr2_241388857_C_A_PRS313_Unknown_combined,-3.8270791075051047
chr2_121159205_G_A_PRS313_Unknown_combined,0.3151814453900077
chr2_217955896_GA_G_PRS313_Unknown_combined,-0.6299532095335527
chr2_192381934_C_T_PRS313_Known_combined,-1.7310491664653247
chr2_121089731_T_C_PRS313_Known_combined,-1.3421953284877501
chr2_70172587_G_A_PRS313_Unknown_combined,-0.3705911089399121
chr2_19315675_T_A_PRS313_Unknown_combined,0.613951214662115
chr2_218714845_G_A_PRS313_Unknown_combined,-0.22416046111986843
