SNP,IQS Score
chr2_218292158_C_G_PRS313_Unknown_combined,0.8889592502295539
chr2_217920769_G_T_PRS313_Known_combined,0.5262928212960942
chr2_172974566_C_G_PRS313_Unknown_combined,0.995997219625608
chr2_88358825_G_C_PRS313_Unknown_combined,0.5843864015270496
chr2_202204741_T_C_PRS313_Unknown_combined,0.8969065093627823
chr2_174212910_A_G_PRS313_Unknown_combined,0.793855438211494
chr2_121246568_T_C_PRS313_Unknown_combined,1.0
chr2_29179452_G_C_PRS313_Unknown_combined,0.951806842594671
chr2_29615233_T_C_PRS313_Unknown_combined,0.7656230064558932
chr2_10138983_T_C_PRS313_Unknown_combined,0.9489539464746638
chr2_39699510_C_CT_PRS313_Unknown_combined,0.6507545335833719
chr2_25129473_A_G_PRS313_Known_combined,0.14806026812195996
chr2_121058254_A_G_PRS313_Unknown_combined,0.9780208531360132
chr2_241388857_C_A_PRS313_Unknown_combined,nan
chr2_121159205_G_A_PRS313_Unknown_combined,0.7461352516551341
chr2_217955896_GA_G_PRS313_Unknown_combined,0.9539183222958058
chr2_192381934_C_T_PRS313_Known_combined,-0.017406440382941354
chr2_121089731_T_C_PRS313_Known_combined,0.39721449145023874
chr2_70172587_G_A_PRS313_Unknown_combined,0.3725660681381269
chr2_19315675_T_A_PRS313_Unknown_combined,0.9946269425050672
chr2_218714845_G_A_PRS313_Unknown_combined,0.3249927822153788
