SNP,IQS Score
chr2_218292158_C_G_PRS313_Unknown_combined,0.11976047904191617
chr2_217920769_G_T_PRS313_Known_combined,0.313373253493014
chr2_172974566_C_G_PRS313_Unknown_combined,0.11177644710578842
chr2_88358825_G_C_PRS313_Unknown_combined,0.34930139720558884
chr2_202204741_T_C_PRS313_Unknown_combined,0.09381237524950099
chr2_174212910_A_G_PRS313_Unknown_combined,0.059880239520958084
chr2_121246568_T_C_PRS313_Unknown_combined,0.06187624750499002
chr2_29179452_G_C_PRS313_Unknown_combined,0.03592814371257485
chr2_29615233_T_C_PRS313_Unknown_combined,0.15169660678642716
chr2_10138983_T_C_PRS313_Unknown_combined,0.13972055888223553
chr2_39699510_C_CT_PRS313_Unknown_combined,0.3073852295409182
chr2_25129473_A_G_PRS313_Known_combined,0.5768463073852296
chr2_121058254_A_G_PRS313_Unknown_combined,0.18363273453093812
chr2_241388857_C_A_PRS313_Unknown_combined,0.015968063872255488
chr2_121159205_G_A_PRS313_Unknown_combined,0.20159680638722555
chr2_217955896_GA_G_PRS313_Unknown_combined,0.10379241516966067
chr2_192381934_C_T_PRS313_Known_combined,0.29141716566866266
chr2_121089731_T_C_PRS313_Known_combined,0.2315369261477046
chr2_70172587_G_A_PRS313_Unknown_combined,0.4091816367265469
chr2_19315675_T_A_PRS313_Unknown_combined,0.25349301397205587
chr2_218714845_G_A_PRS313_Unknown_combined,0.3652694610778443
