SNP,IQS Score
chr2_218292158_C_G_PRS313_Unknown_combined,0.7707108002300684
chr2_217920769_G_T_PRS313_Known_combined,0.8205151559312154
chr2_172974566_C_G_PRS313_Unknown_combined,0.8371823776735117
chr2_88358825_G_C_PRS313_Unknown_combined,0.3940206673503195
chr2_202204741_T_C_PRS313_Unknown_combined,0.8921885087153002
chr2_174212910_A_G_PRS313_Unknown_combined,0.8012851023322227
chr2_121246568_T_C_PRS313_Unknown_combined,0.9807953264794498
chr2_29615233_T_C_PRS313_Unknown_combined,0.6003528283796739
chr2_10138983_T_C_PRS313_Unknown_combined,0.7947891437526714
chr2_39699510_C_CT_PRS313_Unknown_combined,0.4488917790486377
chr2_25129473_A_G_PRS313_Known_combined,0.9080700209181988
chr2_121058254_A_G_PRS313_Unknown_combined,0.7814416587543945
chr2_241388857_C_A_PRS313_Unknown_combined,-0.00878638110928318
chr2_121159205_G_A_PRS313_Unknown_combined,0.628639234592817
chr2_217955896_GA_G_PRS313_Unknown_combined,0.8597358965983857
chr2_192381934_C_T_PRS313_Known_combined,0.35115926464084896
chr2_121089731_T_C_PRS313_Known_combined,0.31682331462573515
chr2_70172587_G_A_PRS313_Unknown_combined,0.2172099423755054
chr2_19315675_T_A_PRS313_Unknown_combined,0.9282015203924097
chr2_29179452_G_C_PRS313_Unknown_combined,0.9016377868977049
chr2_218714845_G_A_PRS313_Unknown_combined,0.28472074975615963
