SNP,IQS Score
chr2_218292158_C_G_PRS313_Unknown_combined,0.5629602580488101
chr2_217920769_G_T_PRS313_Known_combined,0.19909476117103223
chr2_172974566_C_G_PRS313_Unknown_combined,0.5093925852366765
chr2_88358825_G_C_PRS313_Unknown_combined,0.135877123612664
chr2_202204741_T_C_PRS313_Unknown_combined,0.6311273468694248
chr2_174212910_A_G_PRS313_Unknown_combined,0.6213151927437642
chr2_121246568_T_C_PRS313_Unknown_combined,0.5551411827384123
chr2_29179452_G_C_PRS313_Unknown_combined,0.6886580679526692
chr2_29615233_T_C_PRS313_Unknown_combined,0.5047811418871007
chr2_10138983_T_C_PRS313_Unknown_combined,0.5585377470826387
chr2_39699510_C_CT_PRS313_Unknown_combined,0.18520093126834686
chr2_25129473_A_G_PRS313_Known_combined,-0.013010089457130055
chr2_121058254_A_G_PRS313_Unknown_combined,0.5515790317409427
chr2_241388857_C_A_PRS313_Unknown_combined,0.03019744483159148
chr2_121159205_G_A_PRS313_Unknown_combined,0.3819491424250865
chr2_217955896_GA_G_PRS313_Unknown_combined,0.42559934043567305
chr2_192381934_C_T_PRS313_Known_combined,0.029333017013488772
chr2_121089731_T_C_PRS313_Known_combined,0.15492285365108463
chr2_70172587_G_A_PRS313_Unknown_combined,0.08370753545252298
chr2_19315675_T_A_PRS313_Unknown_combined,0.6702454421922771
chr2_218714845_G_A_PRS313_Unknown_combined,0.13661946377167056
