SNP,R2 Score
chr2_218292158_C_G_PRS313_Unknown_combined,0.7648955495004524
chr2_217920769_G_T_PRS313_Known_combined,0.4288828446862114
chr2_172974566_C_G_PRS313_Unknown_combined,0.7523829697098103
chr2_88358825_G_C_PRS313_Unknown_combined,0.2574028684044941
chr2_202204741_T_C_PRS313_Unknown_combined,0.7567860684184452
chr2_174212910_A_G_PRS313_Unknown_combined,0.7842439206454025
chr2_121246568_T_C_PRS313_Unknown_combined,0.8319701395650755
chr2_29179452_G_C_PRS313_Unknown_combined,0.9398439063438065
chr2_29615233_T_C_PRS313_Unknown_combined,0.6002951911761767
chr2_10138983_T_C_PRS313_Unknown_combined,-0.1522968856841027
chr2_39699510_C_CT_PRS313_Unknown_combined,0.4460400039692122
chr2_25129473_A_G_PRS313_Known_combined,-0.16965250644276342
chr2_121058254_A_G_PRS313_Unknown_combined,0.644899845916796
chr2_241388857_C_A_PRS313_Unknown_combined,-0.01622718052739036
chr2_121159205_G_A_PRS313_Unknown_combined,0.628136161206402
chr2_217955896_GA_G_PRS313_Unknown_combined,-0.09884486035969853
chr2_192381934_C_T_PRS313_Known_combined,-0.22556776999274963
chr2_121089731_T_C_PRS313_Known_combined,-0.23738621127654724
chr2_70172587_G_A_PRS313_Unknown_combined,-0.11115779189057151
chr2_19315675_T_A_PRS313_Unknown_combined,0.4728150995923506
chr2_218714845_G_A_PRS313_Unknown_combined,0.1525042961477835
