SNP,IQS Score
chr2_218292158_C_G_PRS313_Unknown_combined,0.9151746031746033
chr2_172974566_C_G_PRS313_Unknown_combined,0.5216205156186059
chr2_88358825_G_C_PRS313_Unknown_combined,0.995997219625608
chr2_202204741_T_C_PRS313_Unknown_combined,0.5935760584082311
chr2_174212910_A_G_PRS313_Unknown_combined,0.91534588219391
chr2_121246568_T_C_PRS313_Unknown_combined,0.833565876021526
chr2_29179452_G_C_PRS313_Unknown_combined,1.0
chr2_29615233_T_C_PRS313_Unknown_combined,0.951806842594671
chr2_10138983_T_C_PRS313_Unknown_combined,0.7777095172272565
chr2_39699510_C_CT_PRS313_Unknown_combined,0.957723659561541
chr2_121058254_A_G_PRS313_Unknown_combined,0.6830117051565959
chr2_241388857_C_A_PRS313_Unknown_combined,0.13488676736200714
chr2_121159205_G_A_PRS313_Unknown_combined,0.9780208531360132
chr2_217955896_GA_G_PRS313_Unknown_combined,nan
chr2_70172587_G_A_PRS313_Unknown_combined,0.7909154647435898
chr2_19315675_T_A_PRS313_Unknown_combined,0.9539183222958058
chr2_218714845_G_A_PRS313_Unknown_combined,-0.01942286348501844
