SNP,R2 Score
chr2_218292158_C_G_PRS313_Unknown_combined,0.8341835560577734
chr2_172974566_C_G_PRS313_Unknown_combined,0.3353904588770842
chr2_88358825_G_C_PRS313_Unknown_combined,0.3264895969528969
chr2_202204741_T_C_PRS313_Unknown_combined,0.3921474357260407
chr2_174212910_A_G_PRS313_Unknown_combined,0.8509844206943125
chr2_121246568_T_C_PRS313_Unknown_combined,0.7728314297899077
chr2_29179452_G_C_PRS313_Unknown_combined,0.9993370223657385
chr2_29615233_T_C_PRS313_Unknown_combined,0.9292077657818587
chr2_10138983_T_C_PRS313_Unknown_combined,0.664359885548803
chr2_39699510_C_CT_PRS313_Unknown_combined,0.40341176289154823
chr2_121058254_A_G_PRS313_Unknown_combined,0.48500162464400864
chr2_241388857_C_A_PRS313_Unknown_combined,-0.13181457118134698
chr2_121159205_G_A_PRS313_Unknown_combined,0.9559295559676221
chr2_217955896_GA_G_PRS313_Unknown_combined,0.0
chr2_70172587_G_A_PRS313_Unknown_combined,0.6839203097068458
chr2_19315675_T_A_PRS313_Unknown_combined,0.9226882628477813
chr2_218714845_G_A_PRS313_Unknown_combined,-0.2565106062954454
