SNP,R2 Score
chr2_218292158_C_G_PRS313_Unknown_combined,0.835552169099044
chr2_172974566_C_G_PRS313_Unknown_combined,0.30970162169230786
chr2_88358825_G_C_PRS313_Unknown_combined,0.9916975177287538
chr2_202204741_T_C_PRS313_Unknown_combined,0.370891401050903
chr2_174212910_A_G_PRS313_Unknown_combined,0.872703020825091
chr2_121246568_T_C_PRS313_Unknown_combined,0.7547683984451266
chr2_29179452_G_C_PRS313_Unknown_combined,0.9996673234290104
chr2_29615233_T_C_PRS313_Unknown_combined,0.9274242988289969
chr2_10138983_T_C_PRS313_Unknown_combined,0.6544811631668234
chr2_39699510_C_CT_PRS313_Unknown_combined,0.9250395944616601
chr2_121058254_A_G_PRS313_Unknown_combined,0.46784780565288786
chr2_241388857_C_A_PRS313_Unknown_combined,-0.15685157051724152
chr2_121159205_G_A_PRS313_Unknown_combined,0.9551960802269581
chr2_217955896_GA_G_PRS313_Unknown_combined,0.0
chr2_70172587_G_A_PRS313_Unknown_combined,0.6604297855657992
chr2_19315675_T_A_PRS313_Unknown_combined,0.9209190056843687
chr2_218714845_G_A_PRS313_Unknown_combined,-0.2969706768587863
