SNP,R2 Score
chr2_218292158_C_G_PRS313_Unknown_combined,0.7080154405086263
chr2_217920769_G_T_PRS313_Known_combined,0.8029478820847162
chr2_172974566_C_G_PRS313_Unknown_combined,0.761226435077317
chr2_88358825_G_C_PRS313_Unknown_combined,0.12464807392931987
chr2_202204741_T_C_PRS313_Unknown_combined,0.8499318294496789
chr2_174212910_A_G_PRS313_Unknown_combined,0.7123252275272034
chr2_121246568_T_C_PRS313_Unknown_combined,0.9728984096072703
chr2_29615233_T_C_PRS313_Unknown_combined,0.4354169575363497
chr2_10138983_T_C_PRS313_Unknown_combined,0.6418536706657518
chr2_39699510_C_CT_PRS313_Unknown_combined,0.29334590249918735
chr2_25129473_A_G_PRS313_Known_combined,0.8958766314739379
chr2_121058254_A_G_PRS313_Unknown_combined,0.7375346687211102
chr2_241388857_C_A_PRS313_Unknown_combined,-0.3973123732251618
chr2_121159205_G_A_PRS313_Unknown_combined,0.5508179372988222
chr2_217955896_GA_G_PRS313_Unknown_combined,0.7802310279280603
chr2_192381934_C_T_PRS313_Known_combined,-0.04400217443826815
chr2_121089731_T_C_PRS313_Known_combined,-0.149001481899651
chr2_70172587_G_A_PRS313_Unknown_combined,-0.37548607718612614
chr2_19315675_T_A_PRS313_Unknown_combined,0.9086766314254465
chr2_29179452_G_C_PRS313_Unknown_combined,0.8963978387032223
chr2_218714845_G_A_PRS313_Unknown_combined,-0.026859873979669713
