SNP,IQS Score
chr2_218292158_C_G_PRS313_Unknown_combined,0.8939682539682541
chr2_172974566_C_G_PRS313_Unknown_combined,0.5326395654967973
chr2_88358825_G_C_PRS313_Unknown_combined,0.5679586068126287
chr2_202204741_T_C_PRS313_Unknown_combined,0.5981519803647914
chr2_174212910_A_G_PRS313_Unknown_combined,0.8814842350714741
chr2_121246568_T_C_PRS313_Unknown_combined,0.833565876021526
chr2_29179452_G_C_PRS313_Unknown_combined,1.0
chr2_29615233_T_C_PRS313_Unknown_combined,0.9598615584290728
chr2_10138983_T_C_PRS313_Unknown_combined,0.7853580792761298
chr2_39699510_C_CT_PRS313_Unknown_combined,0.5697912833184373
chr2_121058254_A_G_PRS313_Unknown_combined,0.6802682349706926
chr2_241388857_C_A_PRS313_Unknown_combined,0.13159467644246112
chr2_121159205_G_A_PRS313_Unknown_combined,0.9780208531360132
chr2_217955896_GA_G_PRS313_Unknown_combined,nan
chr2_70172587_G_A_PRS313_Unknown_combined,0.7949002865664658
chr2_19315675_T_A_PRS313_Unknown_combined,0.9657576378921465
chr2_218714845_G_A_PRS313_Unknown_combined,-0.01942286348501844
