SNP,R2 Score
chr2_218292158_C_G_PRS313_Unknown_combined,0.8152588746875111
chr2_217920769_G_T_PRS313_Known_combined,0.27391977126589695
chr2_172974566_C_G_PRS313_Unknown_combined,0.9919392703624268
chr2_88358825_G_C_PRS313_Unknown_combined,0.351691690569344
chr2_202204741_T_C_PRS313_Unknown_combined,0.8568463101926962
chr2_174212910_A_G_PRS313_Unknown_combined,0.7405553513344558
chr2_121246568_T_C_PRS313_Unknown_combined,0.999912225986357
chr2_29179452_G_C_PRS313_Unknown_combined,0.9269836185294166
chr2_29615233_T_C_PRS313_Unknown_combined,0.6303005981124415
chr2_10138983_T_C_PRS313_Unknown_combined,0.9093388152573213
chr2_39699510_C_CT_PRS313_Unknown_combined,0.42975167847942464
chr2_25129473_A_G_PRS313_Known_combined,-0.1667062556864447
chr2_121058254_A_G_PRS313_Unknown_combined,0.9529718064045337
chr2_241388857_C_A_PRS313_Unknown_combined,0.0
chr2_121159205_G_A_PRS313_Unknown_combined,0.6146525427423982
chr2_217955896_GA_G_PRS313_Unknown_combined,0.910953499380392
chr2_192381934_C_T_PRS313_Known_combined,-0.2974860671952806
chr2_121089731_T_C_PRS313_Known_combined,0.10512032787640124
chr2_70172587_G_A_PRS313_Unknown_combined,0.09601397445511062
chr2_19315675_T_A_PRS313_Unknown_combined,0.9881105820349917
chr2_218714845_G_A_PRS313_Unknown_combined,-0.043448844264954545
