Fold,Train Loss,Val Loss,Val Accuracy,Val Precision,Val Recall,Val F1,Val ROC AUC
1,0.5575704798102379,0.35490772128105164,30,0.8580496249278707,0.8429705215419501,0.8504432370603373,0.9502999529838392
2,0.5024742800742388,0.3498932421207428,29,0.8589061906570452,0.8511479111780204,0.8550094517958411,0.951576868892448
3,0.47411530651152134,0.35049310326576233,39,0.8691606532472465,0.850585393049619,0.859772705926552,0.9521868671421772
4,0.4541478343307972,0.3271874189376831,34,0.8673835125448028,0.8610486891385768,0.8642044920590171,0.9559519868120652
5,0.43548789992928505,0.37136951088905334,35,0.8630240940997913,0.840384260114539,0.8515537251965556,0.9484875799112122
,,,,,,,
Average,0.08752667033782928,0.35077019929885866,33.4,0.8633048150953513,0.849227355004541,0.8561967224076605,0.9517006511483483
Std Dev,0.08762040711432144,0.014131129408580995,3.6110940170535577,0.004426518683307447,0.007247413832093006,0.005157163196301844,0.0024743227391790246
