Chromosome,R2 Score,IQS Score,Accuracy Score
9,-0.4331398976377422,0.3799440887112251,0.5876818
10,-0.10772586875447401,0.47419318983872777,0.6520293
11,0.021325477112150798,0.6084050970278894,0.7382078
12,-0.4731564530856571,0.37047436503010733,0.5941059
13,-3.508636814630438,0.6120483687339155,0.74770457
14,-0.4227209541400708,0.44745982597440387,0.6292415
