Chromosome,R2 Score,IQS Score,Accuracy Score
1,0.3616943040783592,0.6562441297657893,0.80093145
2,0.4799753611289117,0.756385787972447,0.8380382
3,0.5020231495639181,0.7492282732182101,0.86377245
4,0.46423179550632737,0.6814862878876211,0.8023952
