SNP,IQS Score
chr5_79180995_G_GA_PRS313_Unknown_combined,0.5896944470242568
chr5_44508264_G_GT_PRS313_Unknown_combined,0.5990930914910642
chr5_131640536_A_G_PRS313_Unknown_combined,0.7622350799635939
chr5_71965007_G_A_PRS313_Unknown_combined,0.600051091277761
"chr5_52679539_C_CA,CAA_PRS313_Unknown_combined",0.4352470986088694
chr5_32579616_TCA_T_PRS313_Unknown_combined,0.7853532786290031
chr5_44619502_A_G_PRS313_Unknown_combined,0.583815876273547
chr5_55662540_C_CT_PRS313_Unknown_combined,0.3568142231598232
chr5_77155397_GT_G_PRS313_Unknown_combined,0.747672965360294
chr5_73234583_T_C_PRS313_Unknown_combined,0.6068022634640498
chr5_345109_T_C_PRS313_Known_combined,0.7142017879948915
chr5_122478676_C_A_PRS313_Unknown_combined,0.8080249616816292
chr5_2777029_G_A_PRS313_Unknown_combined,0.7872692358879785
chr5_56045081_T_C_PRS313_Known_combined,0.5078208726716
chr5_122705244_C_T_PRS313_Unknown_combined,0.7274517896000602
chr5_1353077_T_C_PRS313_Unknown_combined,0.0
chr5_81512947_TA_T_PRS313_Unknown_combined,0.7292623615239124
"chr5_176134882_T_A,C_PRS313_Unknown_combined",0.2649479821653139
chr5_58241712_C_T_PRS313_Unknown_combined,0.38499556538169855
chr5_90789470_G_A_PRS313_Unknown_combined,0.5946405725943087
chr5_44649944_C_T_PRS313_Known_combined,0.4235818626343148
chr5_132407058_C_T_PRS313_Known_combined,0.5267228128602536
chr5_1296255_A_AG_PRS313_Unknown_combined,0.9299878422001426
chr5_56023083_T_G_PRS313_Known_combined,0.8044278385010039
chr5_44706498_A_G_PRS313_Known_combined,0.6265703560151242
chr5_104300273_G_T_PRS313_Known_combined,0.6169724770642203
chr5_16231194_G_C_PRS313_Unknown_combined,0.8468795207726318
chr5_1279790_C_T_PRS313_Known_combined,0.4988189281288725
chr5_173358154_G_A_PRS313_Unknown_combined,0.5788619242566189
chr5_169591460_T_C_PRS313_Unknown_combined,0.7083258906420562
chr5_44853593_G_C_PRS313_Unknown_combined,0.5853419590223469
chr5_158244083_C_T_PRS313_Known_combined,0.6249315844106823
chr5_56042972_C_T_PRS313_Unknown_combined,0.6954036964980544
chr5_55965167_C_T_PRS313_Unknown_combined,0.4749635764128518
