SNP,R2 Score
chr5_79180995_G_GA_PRS313_Unknown_combined,0.45699297667562644
chr5_44508264_G_GT_PRS313_Unknown_combined,0.41092089173172275
chr5_131640536_A_G_PRS313_Unknown_combined,0.6833528009344434
chr5_71965007_G_A_PRS313_Unknown_combined,0.4038188606738189
"chr5_52679539_C_CA,CAA_PRS313_Unknown_combined",0.08758589613607426
chr5_32579616_TCA_T_PRS313_Unknown_combined,0.7305764182587129
chr5_44619502_A_G_PRS313_Unknown_combined,0.341398422511196
chr5_55662540_C_CT_PRS313_Unknown_combined,-0.0004967155948392143
chr5_77155397_GT_G_PRS313_Unknown_combined,0.6301167591807693
chr5_73234583_T_C_PRS313_Unknown_combined,0.510875306093056
chr5_345109_T_C_PRS313_Known_combined,0.7312145671182869
chr5_122478676_C_A_PRS313_Unknown_combined,0.74654910746549
chr5_2777029_G_A_PRS313_Unknown_combined,0.7441344614681
chr5_56045081_T_C_PRS313_Known_combined,0.12378163810720999
chr5_122705244_C_T_PRS313_Unknown_combined,0.5992442213273022
chr5_1353077_T_C_PRS313_Unknown_combined,-0.008048289738425973
chr5_81512947_TA_T_PRS313_Unknown_combined,0.5675649755442601
"chr5_176134882_T_A,C_PRS313_Unknown_combined",-0.1392367519114064
chr5_58241712_C_T_PRS313_Unknown_combined,0.2009129908700904
chr5_90789470_G_A_PRS313_Unknown_combined,0.420941106421729
chr5_44649944_C_T_PRS313_Known_combined,0.22606959601069254
chr5_132407058_C_T_PRS313_Known_combined,0.30623366761217363
chr5_1296255_A_AG_PRS313_Unknown_combined,0.9123926766572823
chr5_56023083_T_G_PRS313_Known_combined,0.745611489917305
chr5_44706498_A_G_PRS313_Known_combined,0.5271881809914404
chr5_104300273_G_T_PRS313_Known_combined,0.4632066172373879
chr5_16231194_G_C_PRS313_Unknown_combined,0.7910100485742878
chr5_1279790_C_T_PRS313_Known_combined,0.3534134994358513
chr5_173358154_G_A_PRS313_Unknown_combined,0.43900186353680004
chr5_169591460_T_C_PRS313_Unknown_combined,0.609959961672715
chr5_44853593_G_C_PRS313_Unknown_combined,0.4061139353044486
chr5_158244083_C_T_PRS313_Known_combined,0.559597854831802
chr5_56042972_C_T_PRS313_Unknown_combined,0.41916104553119293
chr5_55965167_C_T_PRS313_Unknown_combined,0.3156397647285748
