SNP,IQS Score
chr8_106358620_A_T_PRS313_Known_combined,0.04551227773073598
chr8_143669254_A_G_PRS313_Unknown_combined,0.7102857782420534
chr8_76333056_C_T_PRS313_Known_combined,-0.003916567993440833
chr8_124563705_T_C_PRS313_Unknown_combined,0.6574039537486013
chr8_124571581_G_A_PRS313_Unknown_combined,0.7857922311634111
chr8_170692_T_C_PRS313_Known_combined,0.036427418890105485
chr8_76378165_G_T_PRS313_Known_combined,0.16978681476173407
chr8_76230943_A_G_PRS313_Unknown_combined,0.9929222292858655
chr8_117209548_A_G_PRS313_Known_combined,0.3304157549234136
chr8_128213561_C_CA_PRS313_Unknown_combined,0.2638848075227741
chr8_124739913_T_G_PRS313_Unknown_combined,0.9799920127795526
chr8_29509616_A_C_PRS313_Known_combined,0.063159262708744
chr8_128372172_A_G_PRS313_Known_combined,0.9625870660276165
chr8_23447496_A_G_PRS313_Unknown_combined,0.9010967317394166
chr8_102483100_T_C_PRS313_Unknown_combined,0.5035287861942283
chr8_120862186_A_G_PRS313_Unknown_combined,0.9591165030057395
chr8_128370949_C_G_PRS313_Unknown_combined,0.9518380373759902
chr8_36858483_A_G_PRS313_Known_combined,0.09974350428217432
chr8_17787610_CT_C_PRS313_Unknown_combined,0.6414955574549285
chr8_23663653_C_A_PRS313_Unknown_combined,0.8800535769748422
chr8_129199566_G_A_PRS313_Unknown_combined,0.9730131540674185
