SNP,R2 Score
chr8_106358620_A_T_PRS313_Known_combined,0.57076937
chr8_143669254_A_G_PRS313_Unknown_combined,0.6585251
chr8_76333056_C_T_PRS313_Known_combined,0.6885394
chr8_124571581_G_A_PRS313_Unknown_combined,0.7276975
chr8_170692_T_C_PRS313_Known_combined,0.43667614
chr8_76230943_A_G_PRS313_Unknown_combined,0.95466465
chr8_117209548_A_G_PRS313_Known_combined,0.8716216
chr8_128213561_C_CA_PRS313_Unknown_combined,0.0067181587
chr8_124739913_T_G_PRS313_Unknown_combined,0.95323926
chr8_29509616_A_C_PRS313_Known_combined,0.9493741
chr8_128372172_A_G_PRS313_Known_combined,0.91124594
chr8_23447496_A_G_PRS313_Unknown_combined,0.8188956
chr8_102483100_T_C_PRS313_Unknown_combined,0.092565835
chr8_120862186_A_G_PRS313_Unknown_combined,0.86573803
chr8_124563705_T_C_PRS313_Unknown_combined,0.48532414
chr8_76378165_G_T_PRS313_Known_combined,0.74694437
chr8_128370949_C_G_PRS313_Unknown_combined,0.90387905
chr8_36858483_A_G_PRS313_Known_combined,0.95821565
chr8_17787610_CT_C_PRS313_Unknown_combined,0.50662327
chr8_23663653_C_A_PRS313_Unknown_combined,0.8337227
chr8_129199566_G_A_PRS313_Unknown_combined,0.94420546
