SNP,R2 Score
chr8_106358620_A_T_PRS313_Known_combined,0.52337885
chr8_143669254_A_G_PRS313_Unknown_combined,0.6457355
chr8_76333056_C_T_PRS313_Known_combined,0.5963861
chr8_124571581_G_A_PRS313_Unknown_combined,0.7173916
chr8_170692_T_C_PRS313_Known_combined,0.4994487
chr8_76230943_A_G_PRS313_Unknown_combined,0.94314873
chr8_117209548_A_G_PRS313_Known_combined,0.843066
chr8_128213561_C_CA_PRS313_Unknown_combined,0.140835
chr8_124739913_T_G_PRS313_Unknown_combined,0.94647044
chr8_29509616_A_C_PRS313_Known_combined,0.9473659
chr8_128372172_A_G_PRS313_Known_combined,0.9104135
chr8_23447496_A_G_PRS313_Unknown_combined,0.8048146
chr8_102483100_T_C_PRS313_Unknown_combined,0.2005529
chr8_120862186_A_G_PRS313_Unknown_combined,0.84330034
chr8_124563705_T_C_PRS313_Unknown_combined,0.48142606
chr8_76378165_G_T_PRS313_Known_combined,0.7267209
chr8_128370949_C_G_PRS313_Unknown_combined,0.9023472
chr8_36858483_A_G_PRS313_Known_combined,0.95637333
chr8_17787610_CT_C_PRS313_Unknown_combined,0.50837415
chr8_23663653_C_A_PRS313_Unknown_combined,0.8247
chr8_129199566_G_A_PRS313_Unknown_combined,0.9439491
