SNP,R2 Score
chr8_106358620_A_T_PRS313_Known_combined,-0.11978532586764001
chr8_143669254_A_G_PRS313_Unknown_combined,0.6817096602410336
chr8_76333056_C_T_PRS313_Known_combined,-0.239327755610506
chr8_124563705_T_C_PRS313_Unknown_combined,0.5597991758926113
chr8_124571581_G_A_PRS313_Unknown_combined,0.7566914500740111
chr8_170692_T_C_PRS313_Known_combined,-0.1510675182777932
chr8_76378165_G_T_PRS313_Known_combined,0.07996578532724552
chr8_76230943_A_G_PRS313_Unknown_combined,0.9912129897721658
chr8_117209548_A_G_PRS313_Known_combined,0.20840942793499628
chr8_128213561_C_CA_PRS313_Unknown_combined,0.08773707844780976
chr8_124739913_T_G_PRS313_Unknown_combined,0.9579667088243915
chr8_29509616_A_C_PRS313_Known_combined,-0.22895859689162568
chr8_128372172_A_G_PRS313_Known_combined,0.9193939723052232
chr8_23447496_A_G_PRS313_Unknown_combined,0.8378778102021426
chr8_102483100_T_C_PRS313_Unknown_combined,0.22557406191121132
chr8_120862186_A_G_PRS313_Unknown_combined,0.8696513597381847
chr8_128370949_C_G_PRS313_Unknown_combined,0.9109472564828838
chr8_36858483_A_G_PRS313_Known_combined,-0.057742319005428255
chr8_17787610_CT_C_PRS313_Unknown_combined,0.5600407808628347
chr8_23663653_C_A_PRS313_Unknown_combined,0.8536145670584695
chr8_129199566_G_A_PRS313_Unknown_combined,0.9524157916647629
