SNP,R2 Score
chr8_106358620_A_T_PRS313_Known_combined,0.50008655
chr8_143669254_A_G_PRS313_Unknown_combined,0.62217987
chr8_76333056_C_T_PRS313_Known_combined,0.57337594
chr8_124571581_G_A_PRS313_Unknown_combined,0.7096895
chr8_170692_T_C_PRS313_Known_combined,0.41594416
chr8_76230943_A_G_PRS313_Unknown_combined,0.9415382
chr8_117209548_A_G_PRS313_Known_combined,0.84167737
chr8_128213561_C_CA_PRS313_Unknown_combined,-0.058071375
chr8_124739913_T_G_PRS313_Unknown_combined,0.94626737
chr8_29509616_A_C_PRS313_Known_combined,0.94595087
chr8_128372172_A_G_PRS313_Known_combined,0.8889107
chr8_23447496_A_G_PRS313_Unknown_combined,0.8019211
chr8_102483100_T_C_PRS313_Unknown_combined,0.028832436
chr8_120862186_A_G_PRS313_Unknown_combined,0.8384177
chr8_124563705_T_C_PRS313_Unknown_combined,0.41278476
chr8_76378165_G_T_PRS313_Known_combined,0.7176055
chr8_128370949_C_G_PRS313_Unknown_combined,0.8921395
chr8_36858483_A_G_PRS313_Known_combined,0.9542202
chr8_17787610_CT_C_PRS313_Unknown_combined,0.47651213
chr8_23663653_C_A_PRS313_Unknown_combined,0.82348704
chr8_129199566_G_A_PRS313_Unknown_combined,0.9411763
