SNP,R2 Score
chr8_106358620_A_T_PRS313_Known_combined,-0.11978102
chr8_143669254_A_G_PRS313_Unknown_combined,0.68170965
chr8_76333056_C_T_PRS313_Known_combined,-0.23933041
chr8_124563705_T_C_PRS313_Unknown_combined,0.5597986
chr8_124571581_G_A_PRS313_Unknown_combined,0.75669146
chr8_170692_T_C_PRS313_Known_combined,-0.15106559
chr8_76378165_G_T_PRS313_Known_combined,0.07997048
chr8_76230943_A_G_PRS313_Unknown_combined,0.991213
chr8_117209548_A_G_PRS313_Known_combined,0.20841116
chr8_128213561_C_CA_PRS313_Unknown_combined,0.08773947
chr8_124739913_T_G_PRS313_Unknown_combined,0.95796686
chr8_29509616_A_C_PRS313_Known_combined,-0.22895265
chr8_128372172_A_G_PRS313_Known_combined,0.9193941
chr8_23447496_A_G_PRS313_Unknown_combined,0.83787763
chr8_102483100_T_C_PRS313_Unknown_combined,0.22557712
chr8_120862186_A_G_PRS313_Unknown_combined,0.86965126
chr8_128370949_C_G_PRS313_Unknown_combined,0.9109471
chr8_36858483_A_G_PRS313_Known_combined,-0.057742834
chr8_17787610_CT_C_PRS313_Unknown_combined,0.56003976
chr8_23663653_C_A_PRS313_Unknown_combined,0.85361516
chr8_129199566_G_A_PRS313_Unknown_combined,0.952416
