SNP,IQS Score
chr8_106358620_A_T_PRS313_Known_combined,0.7205144014797851
chr8_143669254_A_G_PRS313_Unknown_combined,0.6560247167868176
chr8_76333056_C_T_PRS313_Known_combined,0.9080565241328682
chr8_124571581_G_A_PRS313_Unknown_combined,0.746290087884052
chr8_170692_T_C_PRS313_Known_combined,0.5397463914368833
chr8_76230943_A_G_PRS313_Unknown_combined,1.0
chr8_117209548_A_G_PRS313_Known_combined,0.8727247323027678
chr8_128213561_C_CA_PRS313_Unknown_combined,0.22652332795104957
chr8_124739913_T_G_PRS313_Unknown_combined,0.9766344866182965
chr8_29509616_A_C_PRS313_Known_combined,0.9898089949350094
chr8_128372172_A_G_PRS313_Known_combined,0.9350105823718168
chr8_23447496_A_G_PRS313_Unknown_combined,0.8721500805669582
chr8_102483100_T_C_PRS313_Unknown_combined,0.38190541466758043
chr8_120862186_A_G_PRS313_Unknown_combined,0.9324743240693318
chr8_124563705_T_C_PRS313_Unknown_combined,0.5620629370629371
chr8_76378165_G_T_PRS313_Known_combined,0.7681526697371032
chr8_128370949_C_G_PRS313_Unknown_combined,0.9488305586763355
chr8_36858483_A_G_PRS313_Known_combined,0.9827910747162759
chr8_17787610_CT_C_PRS313_Unknown_combined,0.5825662593239169
chr8_23663653_C_A_PRS313_Unknown_combined,0.8440507379834503
chr8_129199566_G_A_PRS313_Unknown_combined,0.9730131540674185
