SNP,Accuracy Score
chr8_106358620_A_T_PRS313_Known_combined,0.9201596806387226
chr8_143669254_A_G_PRS313_Unknown_combined,0.7624750499001997
chr8_76333056_C_T_PRS313_Known_combined,0.9860279441117764
chr8_124571581_G_A_PRS313_Unknown_combined,0.8383233532934131
chr8_170692_T_C_PRS313_Known_combined,0.7305389221556886
chr8_76230943_A_G_PRS313_Unknown_combined,1.0
chr8_117209548_A_G_PRS313_Known_combined,0.9021956087824351
chr8_128213561_C_CA_PRS313_Unknown_combined,0.5548902195608783
chr8_124739913_T_G_PRS313_Unknown_combined,0.9860279441117764
chr8_29509616_A_C_PRS313_Known_combined,0.9940119760479041
chr8_128372172_A_G_PRS313_Known_combined,0.9620758483033932
chr8_23447496_A_G_PRS313_Unknown_combined,0.9261477045908184
chr8_102483100_T_C_PRS313_Unknown_combined,0.780439121756487
chr8_120862186_A_G_PRS313_Unknown_combined,0.9800399201596807
chr8_124563705_T_C_PRS313_Unknown_combined,0.7684630738522954
chr8_76378165_G_T_PRS313_Known_combined,0.8602794411177644
chr8_128370949_C_G_PRS313_Unknown_combined,0.9660678642714571
chr8_36858483_A_G_PRS313_Known_combined,0.9900199600798403
chr8_17787610_CT_C_PRS313_Unknown_combined,0.7485029940119761
chr8_23663653_C_A_PRS313_Unknown_combined,0.9041916167664671
chr8_129199566_G_A_PRS313_Unknown_combined,0.9900199600798403
