SNP,AUC Score
chr8_106358620_A_T_PRS313_Known_combined,0.8148331046104431
chr8_143669254_A_G_PRS313_Unknown_combined,0.8260396122932434
chr8_76333056_C_T_PRS313_Known_combined,0.9396770298480988
chr8_124571581_G_A_PRS313_Unknown_combined,0.8661078612009684
chr8_170692_T_C_PRS313_Known_combined,0.769470234711965
chr8_76230943_A_G_PRS313_Unknown_combined,1.0
chr8_117209548_A_G_PRS313_Known_combined,0.9277818004290262
chr8_128213561_C_CA_PRS313_Unknown_combined,0.5983322858810425
chr8_124739913_T_G_PRS313_Unknown_combined,0.9869352380434672
chr8_29509616_A_C_PRS313_Known_combined,0.9959396719932556
chr8_128372172_A_G_PRS313_Known_combined,0.9577629168828329
chr8_23447496_A_G_PRS313_Unknown_combined,0.9274894197781881
chr8_102483100_T_C_PRS313_Unknown_combined,0.6411619782447815
chr8_120862186_A_G_PRS313_Unknown_combined,0.9856213529904684
chr8_124563705_T_C_PRS313_Unknown_combined,0.7311682105064392
chr8_76378165_G_T_PRS313_Known_combined,0.8816403945287069
chr8_128370949_C_G_PRS313_Unknown_combined,0.97543336947759
chr8_36858483_A_G_PRS313_Known_combined,0.9910355011622111
chr8_17787610_CT_C_PRS313_Unknown_combined,0.7968602180480957
chr8_23663653_C_A_PRS313_Unknown_combined,0.9177029927571615
chr8_129199566_G_A_PRS313_Unknown_combined,0.9915109872817993
