SNP,R2 Score
chr7_25569548_C_T_PRS313_Unknown_combined,0.682557
"chr7_91459189_A_AT,ATT_PRS313_Unknown_combined",0.82590294
chr7_98005235_G_A_PRS313_Unknown_combined,0.5791711
chr7_28869017_G_A_PRS313_Unknown_combined,0.47454673
chr7_55192256_A_C_PRS313_Unknown_combined,0.7685367
chr7_144048902_G_T_PRS313_Known_combined,-0.08485007
chr7_101552440_G_A_PRS313_Unknown_combined,0.40726542
chr7_99948655_T_G_PRS313_Unknown_combined,0.7833818
chr7_139943702_CT_C_PRS313_Unknown_combined,0.37238282
chr7_94113799_T_C_PRS313_Known_combined,-0.011379242
chr7_130674481_G_A_PRS313_Known_combined,0.71561056
chr7_21940960_A_G_PRS313_Known_combined,-0.0020930767
chr7_102481842_T_C_PRS313_Unknown_combined,0.9435801
chr7_130656911_C_T_PRS313_Unknown_combined,0.59216857
