SNP,IQS Score
chr7_25569548_C_T_PRS313_Unknown_combined,0.7862797619047618
"chr7_91459189_A_AT,ATT_PRS313_Unknown_combined",0.8921997334665999
chr7_98005235_G_A_PRS313_Unknown_combined,0.6804518239614837
chr7_28869017_G_A_PRS313_Unknown_combined,0.6870864280891291
chr7_55192256_A_C_PRS313_Unknown_combined,0.7723086634053968
chr7_144048902_G_T_PRS313_Known_combined,0.8034137728075338
chr7_101552440_G_A_PRS313_Unknown_combined,0.5110958508023713
chr7_99948655_T_G_PRS313_Unknown_combined,0.8318791946308723
chr7_139943702_CT_C_PRS313_Unknown_combined,0.30878304782651744
chr7_94113799_T_C_PRS313_Known_combined,0.9348998375744452
chr7_130674481_G_A_PRS313_Known_combined,0.8363255668908985
chr7_21940960_A_G_PRS313_Known_combined,0.8619200734956363
chr7_102481842_T_C_PRS313_Unknown_combined,0.9529977609046445
chr7_130656911_C_T_PRS313_Unknown_combined,0.5880256872112147
