SNP,R2 Score
chr7_25569548_C_T_PRS313_Unknown_combined,0.6825581355860157
"chr7_91459189_A_AT,ATT_PRS313_Unknown_combined",0.8259021183092619
chr7_98005235_G_A_PRS313_Unknown_combined,0.5791696976733269
chr7_28869017_G_A_PRS313_Unknown_combined,0.4745483947001836
chr7_55192256_A_C_PRS313_Unknown_combined,0.7685372947946736
chr7_144048902_G_T_PRS313_Known_combined,-0.08484484693804584
chr7_101552440_G_A_PRS313_Unknown_combined,0.4072667072244419
chr7_99948655_T_G_PRS313_Unknown_combined,0.7833810891114789
chr7_139943702_CT_C_PRS313_Unknown_combined,0.3723804880112105
chr7_94113799_T_C_PRS313_Known_combined,-0.011383536554828932
chr7_130674481_G_A_PRS313_Known_combined,0.7156098264628663
chr7_21940960_A_G_PRS313_Known_combined,-0.0020899088817123435
chr7_102481842_T_C_PRS313_Unknown_combined,0.9435800610732084
chr7_130656911_C_T_PRS313_Unknown_combined,0.5921676881272215
