SNP,Accuracy Score
chr7_25569548_C_T_PRS313_Unknown_combined,0.908183632734531
"chr7_91459189_A_AT,ATT_PRS313_Unknown_combined",0.93812375249501
chr7_98005235_G_A_PRS313_Unknown_combined,0.8642714570858283
chr7_28869017_G_A_PRS313_Unknown_combined,0.9001996007984032
chr7_55192256_A_C_PRS313_Unknown_combined,0.846307385229541
chr7_144048902_G_T_PRS313_Known_combined,0.936127744510978
chr7_101552440_G_A_PRS313_Unknown_combined,0.8862275449101796
chr7_99948655_T_G_PRS313_Unknown_combined,0.9401197604790419
chr7_139943702_CT_C_PRS313_Unknown_combined,0.5788423153692615
chr7_94113799_T_C_PRS313_Known_combined,0.9640718562874252
chr7_130674481_G_A_PRS313_Known_combined,0.8842315369261478
chr7_21940960_A_G_PRS313_Known_combined,0.9161676646706587
chr7_102481842_T_C_PRS313_Unknown_combined,0.9700598802395209
chr7_130656911_C_T_PRS313_Unknown_combined,0.7325349301397206
