SNP,IQS Score
chr7_25569548_C_T_PRS313_Unknown_combined,0.8131931349675606
"chr7_91459189_A_AT,ATT_PRS313_Unknown_combined",0.8884225910846645
chr7_98005235_G_A_PRS313_Unknown_combined,0.6997135194441059
chr7_28869017_G_A_PRS313_Unknown_combined,0.7726791493995583
chr7_55192256_A_C_PRS313_Unknown_combined,0.8044671648666633
chr7_144048902_G_T_PRS313_Known_combined,0.13057949987198114
chr7_101552440_G_A_PRS313_Unknown_combined,0.5467832626780422
chr7_99948655_T_G_PRS313_Unknown_combined,0.8536864806577704
chr7_139943702_CT_C_PRS313_Unknown_combined,0.35726962729575057
chr7_94113799_T_C_PRS313_Known_combined,0.16299043960168696
chr7_130674481_G_A_PRS313_Known_combined,0.8423418698395098
chr7_21940960_A_G_PRS313_Known_combined,0.16227602826183182
chr7_102481842_T_C_PRS313_Unknown_combined,0.9466614060797355
chr7_130656911_C_T_PRS313_Unknown_combined,0.595978424684699
