SNP,Accuracy Score
chr7_25569548_C_T_PRS313_Unknown_combined,0.9141716566866267
"chr7_91459189_A_AT,ATT_PRS313_Unknown_combined",0.93812375249501
chr7_98005235_G_A_PRS313_Unknown_combined,0.8762475049900199
chr7_28869017_G_A_PRS313_Unknown_combined,0.9261477045908184
chr7_55192256_A_C_PRS313_Unknown_combined,0.8562874251497006
chr7_144048902_G_T_PRS313_Known_combined,0.936127744510978
chr7_101552440_G_A_PRS313_Unknown_combined,0.8922155688622755
chr7_99948655_T_G_PRS313_Unknown_combined,0.9401197604790419
chr7_139943702_CT_C_PRS313_Unknown_combined,0.5828343313373253
chr7_94113799_T_C_PRS313_Known_combined,0.9640718562874252
chr7_130674481_G_A_PRS313_Known_combined,0.9121756487025948
chr7_21940960_A_G_PRS313_Known_combined,0.9281437125748503
chr7_102481842_T_C_PRS313_Unknown_combined,0.9700598802395209
chr7_130656911_C_T_PRS313_Unknown_combined,0.7485029940119761
