SNP,R2 Score
chr7_25569548_C_T_PRS313_Unknown_combined,0.9528228844061271
"chr7_91459189_A_AT,ATT_PRS313_Unknown_combined",0.9223279898297727
chr7_98005235_G_A_PRS313_Unknown_combined,0.813744755430453
chr7_28869017_G_A_PRS313_Unknown_combined,0.8916505754228778
chr7_55192256_A_C_PRS313_Unknown_combined,-13.840525045262522
chr7_144048902_G_T_PRS313_Known_combined,0.9814072589623691
chr7_101552440_G_A_PRS313_Unknown_combined,0.7820937468633946
chr7_99948655_T_G_PRS313_Unknown_combined,0.9165166966606679
chr7_139943702_CT_C_PRS313_Unknown_combined,0.857604258177872
chr7_94113799_T_C_PRS313_Known_combined,0.9774409005628518
chr7_130674481_G_A_PRS313_Known_combined,0.776226672513765
chr7_21940960_A_G_PRS313_Known_combined,0.8811259706643658
chr7_102481842_T_C_PRS313_Unknown_combined,0.7589955743698287
chr7_130656911_C_T_PRS313_Unknown_combined,0.6736636409480584
