SNP,Accuracy Score
chr7_25569548_C_T_PRS313_Unknown_combined,0.9820359281437125
"chr7_91459189_A_AT,ATT_PRS313_Unknown_combined",0.9800399201596807
chr7_98005235_G_A_PRS313_Unknown_combined,0.9720558882235529
chr7_28869017_G_A_PRS313_Unknown_combined,0.9441117764471058
chr7_55192256_A_C_PRS313_Unknown_combined,0.7225548902195609
chr7_144048902_G_T_PRS313_Known_combined,0.9920159680638723
chr7_101552440_G_A_PRS313_Unknown_combined,0.9481037924151696
chr7_99948655_T_G_PRS313_Unknown_combined,0.9800399201596807
chr7_139943702_CT_C_PRS313_Unknown_combined,0.9840319361277445
chr7_94113799_T_C_PRS313_Known_combined,0.9880239520958084
chr7_130674481_G_A_PRS313_Known_combined,0.8962075848303394
chr7_21940960_A_G_PRS313_Known_combined,0.9560878243512974
chr7_102481842_T_C_PRS313_Unknown_combined,0.8922155688622755
chr7_130656911_C_T_PRS313_Unknown_combined,0.93812375249501
