SNP,R2 Score
chr7_25569548_C_T_PRS313_Unknown_combined,0.9535373556122876
"chr7_91459189_A_AT,ATT_PRS313_Unknown_combined",0.9473958543921119
chr7_98005235_G_A_PRS313_Unknown_combined,0.8618917361516809
chr7_28869017_G_A_PRS313_Unknown_combined,0.9160504788754151
chr7_55192256_A_C_PRS313_Unknown_combined,-13.840525045262522
chr7_144048902_G_T_PRS313_Known_combined,0.9845670953017145
chr7_101552440_G_A_PRS313_Unknown_combined,0.8177122001405199
chr7_99948655_T_G_PRS313_Unknown_combined,0.933176624675065
chr7_139943702_CT_C_PRS313_Unknown_combined,0.8850659242416412
chr7_94113799_T_C_PRS313_Known_combined,0.9874383414634146
chr7_130674481_G_A_PRS313_Known_combined,0.8295957973980412
chr7_21940960_A_G_PRS313_Known_combined,0.9078158919327006
chr7_102481842_T_C_PRS313_Unknown_combined,0.8087967288820473
chr7_130656911_C_T_PRS313_Unknown_combined,0.7393519919314171
