SNP,IQS Score
chr7_25569548_C_T_PRS313_Unknown_combined,0.965726664639708
"chr7_91459189_A_AT,ATT_PRS313_Unknown_combined",0.9460884536748091
chr7_98005235_G_A_PRS313_Unknown_combined,0.8894910981566095
chr7_28869017_G_A_PRS313_Unknown_combined,0.9116262953979903
chr7_55192256_A_C_PRS313_Unknown_combined,0.5288039948035077
chr7_144048902_G_T_PRS313_Known_combined,0.9854573953933905
chr7_101552440_G_A_PRS313_Unknown_combined,0.8677751385589865
chr7_99948655_T_G_PRS313_Unknown_combined,0.9452135686634736
chr7_139943702_CT_C_PRS313_Unknown_combined,0.939867672872939
chr7_94113799_T_C_PRS313_Known_combined,0.9812819906098608
chr7_130674481_G_A_PRS313_Known_combined,0.8301019310155929
chr7_21940960_A_G_PRS313_Known_combined,0.9172510097749214
chr7_102481842_T_C_PRS313_Unknown_combined,0.8296079357581484
chr7_130656911_C_T_PRS313_Unknown_combined,0.8042500094528682
