SNP,R2 Score
chr7_25569548_C_T_PRS313_Unknown_combined,0.9538381690355852
"chr7_91459189_A_AT,ATT_PRS313_Unknown_combined",0.9476227069209296
chr7_98005235_G_A_PRS313_Unknown_combined,0.8644525017577858
chr7_28869017_G_A_PRS313_Unknown_combined,0.9168594251983062
chr7_55192256_A_C_PRS313_Unknown_combined,0.0014737942853136593
chr7_144048902_G_T_PRS313_Known_combined,0.9845954264758255
chr7_101552440_G_A_PRS313_Unknown_combined,0.8190299099864158
chr7_99948655_T_G_PRS313_Unknown_combined,0.933795513756499
chr7_139943702_CT_C_PRS313_Unknown_combined,0.8868060797057269
chr7_94113799_T_C_PRS313_Known_combined,0.9874649724747783
chr7_130674481_G_A_PRS313_Known_combined,0.8299126649337986
chr7_21940960_A_G_PRS313_Known_combined,0.9082314070529366
chr7_102481842_T_C_PRS313_Unknown_combined,0.8150404494145945
chr7_130656911_C_T_PRS313_Unknown_combined,0.7406666135765905
