SNP,AUC Score
chr7_25569548_C_T_PRS313_Unknown_combined,0.9859540802881203
"chr7_91459189_A_AT,ATT_PRS313_Unknown_combined",0.9669936894144898
chr7_98005235_G_A_PRS313_Unknown_combined,0.9360905573411591
chr7_28869017_G_A_PRS313_Unknown_combined,0.9572467459611208
chr7_55192256_A_C_PRS313_Unknown_combined,0.7725037687431081
chr7_144048902_G_T_PRS313_Known_combined,0.9894331831831833
chr7_101552440_G_A_PRS313_Unknown_combined,0.9158298040411861
chr7_99948655_T_G_PRS313_Unknown_combined,0.976363109098922
chr7_139943702_CT_C_PRS313_Unknown_combined,0.9760377135396885
chr7_94113799_T_C_PRS313_Known_combined,0.9915915074897308
chr7_130674481_G_A_PRS313_Known_combined,0.9099520306150537
chr7_21940960_A_G_PRS313_Known_combined,0.9602207975402607
chr7_102481842_T_C_PRS313_Unknown_combined,0.9223513860674722
chr7_130656911_C_T_PRS313_Unknown_combined,0.8747470408675767
