SNP,R2 Score
chr7_25569548_C_T_PRS313_Unknown_maternal,0.9186520561810818
chr7_25569548_C_T_PRS313_Unknown_paternal,0.9241551763948278
"chr7_91459189_A_AT,ATT_PRS313_Unknown_maternal",0.801692950428556
"chr7_91459189_A_AT,ATT_PRS313_Unknown_paternal",0.8533649646248399
chr7_98005235_G_A_PRS313_Unknown_maternal,0.5123466922416462
chr7_98005235_G_A_PRS313_Unknown_paternal,0.596002519418975
chr7_28869017_G_A_PRS313_Unknown_maternal,0.7034392661211445
chr7_28869017_G_A_PRS313_Unknown_paternal,0.7420822179542417
chr7_55192256_A_C_PRS313_Unknown_maternal,0.8533074700230247
chr7_55192256_A_C_PRS313_Unknown_paternal,0.790622126862165
chr7_144048902_G_T_PRS313_Known_maternal,0.7541061235218208
chr7_144048902_G_T_PRS313_Known_paternal,0.6971723714023554
chr7_101552440_G_A_PRS313_Unknown_maternal,0.5647292504240271
chr7_101552440_G_A_PRS313_Unknown_paternal,0.5533857698064417
chr7_99948655_T_G_PRS313_Unknown_maternal,0.7607949794747538
chr7_99948655_T_G_PRS313_Unknown_paternal,0.7724528712402838
chr7_139943702_CT_C_PRS313_Unknown_maternal,0.295848639278245
chr7_139943702_CT_C_PRS313_Unknown_paternal,0.27531895929374395
chr7_94113799_T_C_PRS313_Known_maternal,0.9226028186207637
chr7_94113799_T_C_PRS313_Known_paternal,0.9567642975625825
chr7_130674481_G_A_PRS313_Known_maternal,0.8499971591121803
chr7_130674481_G_A_PRS313_Known_paternal,0.8859297423196074
chr7_21940960_A_G_PRS313_Known_maternal,0.8492297317716109
chr7_21940960_A_G_PRS313_Known_paternal,0.8464658042399443
chr7_102481842_T_C_PRS313_Unknown_maternal,0.9425899832771654
chr7_102481842_T_C_PRS313_Unknown_paternal,0.9781972697573527
chr7_130656911_C_T_PRS313_Unknown_maternal,0.5365986157973134
chr7_130656911_C_T_PRS313_Unknown_paternal,0.5081124236913409
