SNP,IQS Score
chr7_25569548_C_T_PRS313_Unknown_maternal,0.9587321460931449
chr7_25569548_C_T_PRS313_Unknown_paternal,0.9626676602086438
"chr7_91459189_A_AT,ATT_PRS313_Unknown_maternal",0.9098690502116217
"chr7_91459189_A_AT,ATT_PRS313_Unknown_paternal",0.9334219269102991
chr7_98005235_G_A_PRS313_Unknown_maternal,0.7168614296392176
chr7_98005235_G_A_PRS313_Unknown_paternal,0.8033852611462795
chr7_28869017_G_A_PRS313_Unknown_maternal,0.7805358837701688
chr7_28869017_G_A_PRS313_Unknown_paternal,0.8181676777103751
chr7_55192256_A_C_PRS313_Unknown_maternal,0.9121599005403337
chr7_55192256_A_C_PRS313_Unknown_paternal,0.8799885018923969
chr7_101552440_G_A_PRS313_Unknown_maternal,0.9010350821744629
chr7_101552440_G_A_PRS313_Unknown_paternal,0.8318754334548871
chr7_99948655_T_G_PRS313_Unknown_maternal,0.7502492522432707
chr7_99948655_T_G_PRS313_Unknown_paternal,0.7002791810688651
chr7_139943702_CT_C_PRS313_Unknown_maternal,0.8729485925442888
chr7_139943702_CT_C_PRS313_Unknown_paternal,0.8778346744696415
chr7_102481842_T_C_PRS313_Unknown_maternal,0.604546215606388
chr7_102481842_T_C_PRS313_Unknown_paternal,0.5563648257321325
chr7_130656911_C_T_PRS313_Unknown_maternal,0.970516693475617
chr7_130656911_C_T_PRS313_Unknown_paternal,0.97756381549485
