SNP,R2 Score
chr7_25569548_C_T_PRS313_Unknown_maternal,0.8897108597013
chr7_25569548_C_T_PRS313_Unknown_paternal,0.9111875646699241
"chr7_91459189_A_AT,ATT_PRS313_Unknown_maternal",-0.37127413607637716
"chr7_91459189_A_AT,ATT_PRS313_Unknown_paternal",-0.3267841728548051
chr7_98005235_G_A_PRS313_Unknown_maternal,0.4726532413574356
chr7_98005235_G_A_PRS313_Unknown_paternal,0.4871545981496678
chr7_28869017_G_A_PRS313_Unknown_maternal,0.6413398601085223
chr7_28869017_G_A_PRS313_Unknown_paternal,0.6992172079130062
chr7_55192256_A_C_PRS313_Unknown_maternal,0.8355162727190497
chr7_55192256_A_C_PRS313_Unknown_paternal,0.7714205871874329
chr7_144048902_G_T_PRS313_Unknown_maternal,0.7409526802165677
chr7_144048902_G_T_PRS313_Unknown_paternal,0.6412166009046513
chr7_101552440_G_A_PRS313_Unknown_maternal,0.5096322269654084
chr7_101552440_G_A_PRS313_Unknown_paternal,0.4038240812677356
chr7_99948655_T_G_PRS313_Unknown_maternal,0.7130876463330766
chr7_99948655_T_G_PRS313_Unknown_paternal,0.7354117056148339
chr7_139943702_CT_C_PRS313_Unknown_maternal,0.12212717698413966
chr7_139943702_CT_C_PRS313_Unknown_paternal,0.2538029119562635
chr7_102481842_T_C_PRS313_Unknown_maternal,0.9423226006549931
chr7_102481842_T_C_PRS313_Unknown_paternal,0.976716252834474
chr7_130656911_C_T_PRS313_Unknown_maternal,0.4704336283491849
chr7_130656911_C_T_PRS313_Unknown_paternal,0.46080070102351245
