SNP,IQS Score
chr7_25569548_C_T_PRS313_Unknown_maternal,0.9335764003977461
chr7_25569548_C_T_PRS313_Unknown_paternal,0.9536617399507943
"chr7_91459189_A_AT,ATT_PRS313_Unknown_maternal",0.8849796246341042
"chr7_91459189_A_AT,ATT_PRS313_Unknown_paternal",0.9087300445850711
chr7_98005235_G_A_PRS313_Unknown_maternal,0.6505891421649599
chr7_98005235_G_A_PRS313_Unknown_paternal,0.6541096496663069
chr7_28869017_G_A_PRS313_Unknown_maternal,0.7873213527663794
chr7_28869017_G_A_PRS313_Unknown_paternal,0.8329357445171218
chr7_55192256_A_C_PRS313_Unknown_maternal,0.9201568177471793
chr7_55192256_A_C_PRS313_Unknown_paternal,0.8757152117026641
chr7_101552440_G_A_PRS313_Unknown_maternal,0.857032205462699
chr7_101552440_G_A_PRS313_Unknown_paternal,0.8190437491534609
chr7_99948655_T_G_PRS313_Unknown_maternal,0.6947490860751078
chr7_99948655_T_G_PRS313_Unknown_paternal,0.6669768678542946
chr7_139943702_CT_C_PRS313_Unknown_maternal,0.8344348975545277
chr7_139943702_CT_C_PRS313_Unknown_paternal,0.8286809567517953
chr7_102481842_T_C_PRS313_Unknown_maternal,0.4935658815223671
chr7_102481842_T_C_PRS313_Unknown_paternal,0.5108724593946924
chr7_130656911_C_T_PRS313_Unknown_maternal,0.941283328450044
chr7_130656911_C_T_PRS313_Unknown_paternal,0.9718700519926783
