SNP,R2 Score
chr7_25569548_C_T_PRS313_Unknown_maternal,0.8969644041497439
chr7_25569548_C_T_PRS313_Unknown_paternal,0.8536849951029801
"chr7_91459189_A_AT,ATT_PRS313_Unknown_maternal",0.7565543733602966
"chr7_91459189_A_AT,ATT_PRS313_Unknown_paternal",0.8302080781210437
chr7_98005235_G_A_PRS313_Unknown_maternal,0.48068189969529096
chr7_98005235_G_A_PRS313_Unknown_paternal,0.5943702473154476
chr7_28869017_G_A_PRS313_Unknown_maternal,0.6346209955138771
chr7_28869017_G_A_PRS313_Unknown_paternal,0.7060807970004557
chr7_55192256_A_C_PRS313_Unknown_maternal,0.8310458995010497
chr7_55192256_A_C_PRS313_Unknown_paternal,0.7731453782186227
chr7_144048902_G_T_PRS313_Unknown_maternal,0.7258107295102225
chr7_144048902_G_T_PRS313_Unknown_paternal,0.7044108554504598
chr7_101552440_G_A_PRS313_Unknown_maternal,0.5035880990719914
chr7_101552440_G_A_PRS313_Unknown_paternal,0.5174818541936019
chr7_99948655_T_G_PRS313_Unknown_maternal,0.7630879633249127
chr7_99948655_T_G_PRS313_Unknown_paternal,0.7542117462074781
chr7_139943702_CT_C_PRS313_Unknown_maternal,0.3860132670061851
chr7_139943702_CT_C_PRS313_Unknown_paternal,0.31263684180422757
chr7_102481842_T_C_PRS313_Unknown_maternal,0.9414548054723751
chr7_102481842_T_C_PRS313_Unknown_paternal,0.9799736594485853
chr7_130656911_C_T_PRS313_Unknown_maternal,0.5758309043889223
chr7_130656911_C_T_PRS313_Unknown_paternal,0.5484753925655022
