SNP,IQS Score
chr7_25569548_C_T_PRS313_Unknown_maternal,0.9229691637481847
chr7_25569548_C_T_PRS313_Unknown_paternal,0.8847481021394067
"chr7_91459189_A_AT,ATT_PRS313_Unknown_maternal",0.850509658976062
"chr7_91459189_A_AT,ATT_PRS313_Unknown_paternal",0.9133584412589832
chr7_98005235_G_A_PRS313_Unknown_maternal,0.6288959373991
chr7_98005235_G_A_PRS313_Unknown_paternal,0.6971554895424952
chr7_28869017_G_A_PRS313_Unknown_maternal,0.7118813019974695
chr7_28869017_G_A_PRS313_Unknown_paternal,0.7921916316690001
chr7_55192256_A_C_PRS313_Unknown_maternal,0.908121038153331
chr7_55192256_A_C_PRS313_Unknown_paternal,0.8477422863449511
chr7_144048902_G_T_PRS313_Unknown_maternal,0.7909795568828089
chr7_144048902_G_T_PRS313_Unknown_paternal,0.8416632805092783
chr7_101552440_G_A_PRS313_Unknown_maternal,0.6220403899721447
chr7_101552440_G_A_PRS313_Unknown_paternal,0.5633669838041975
chr7_99948655_T_G_PRS313_Unknown_maternal,0.8403890481812559
chr7_99948655_T_G_PRS313_Unknown_paternal,0.8239276399755839
chr7_139943702_CT_C_PRS313_Unknown_maternal,0.5916544141149395
chr7_139943702_CT_C_PRS313_Unknown_paternal,0.5042038442043268
chr7_102481842_T_C_PRS313_Unknown_maternal,0.9639893621269356
chr7_102481842_T_C_PRS313_Unknown_paternal,0.9920067647340375
chr7_130656911_C_T_PRS313_Unknown_maternal,0.7242194049947919
chr7_130656911_C_T_PRS313_Unknown_paternal,0.6866465130824558
