SNP,R2 Score
chr5_79180995_G_GA_PRS313_Unknown_combined,0.7241477680647519
chr5_44853593_G_C_PRS313_Unknown_combined,0.6862223977590967
chr5_44508264_G_GT_PRS313_Unknown_combined,0.642408654547316
chr5_44619502_A_G_PRS313_Unknown_combined,0.4950719400514444
chr5_131640536_A_G_PRS313_Unknown_combined,0.718397420917004
chr5_71965007_G_A_PRS313_Unknown_combined,0.8124822600895627
"chr5_52679539_C_CA,CAA_PRS313_Unknown_combined",0.48448000829070037
chr5_32579616_TCA_T_PRS313_Unknown_combined,0.9609444049837252
chr5_55662540_C_CT_PRS313_Unknown_combined,0.5971104806365799
chr5_77155397_GT_G_PRS313_Unknown_combined,0.9435091710685377
chr5_73234583_T_C_PRS313_Unknown_combined,0.688384095579249
chr5_345109_T_C_PRS313_Unknown_combined,0.890919875888752
chr5_122478676_C_A_PRS313_Unknown_combined,0.9124067639629257
chr5_2777029_G_A_PRS313_Unknown_combined,0.972041333767811
chr5_122705244_C_T_PRS313_Unknown_combined,0.8908729985591548
chr5_1353077_T_C_PRS313_Unknown_combined,0.047952126393880135
chr5_81512947_TA_T_PRS313_Unknown_combined,0.27614174833398886
"chr5_176134882_T_A,C_PRS313_Unknown_combined",0.1784304451894373
chr5_58241712_C_T_PRS313_Unknown_combined,0.07781183156225835
chr5_90789470_G_A_PRS313_Unknown_combined,0.6429336322424007
chr5_132407058_C_T_PRS313_Unknown_combined,0.7384369012438508
chr5_1296255_A_AG_PRS313_Unknown_combined,0.979965240427662
chr5_16231194_G_C_PRS313_Unknown_combined,0.9453555744514607
chr5_173358154_G_A_PRS313_Unknown_combined,0.8467742149741041
chr5_169591460_T_C_PRS313_Unknown_combined,0.7948163600459531
chr5_56042972_C_T_PRS313_Unknown_combined,0.8922841395564897
chr5_55965167_C_T_PRS313_Unknown_combined,0.328196258210229
