SNP,IQS Score
chr5_79180995_G_GA_PRS313_Unknown_combined,0.8192934047503111
chr5_44853593_G_C_PRS313_Unknown_combined,0.8048478195435472
chr5_44508264_G_GT_PRS313_Unknown_combined,0.7557500839626013
chr5_44619502_A_G_PRS313_Unknown_combined,0.6020651310563937
chr5_131640536_A_G_PRS313_Unknown_combined,0.8375064867669954
chr5_71965007_G_A_PRS313_Unknown_combined,0.8887847470586785
"chr5_52679539_C_CA,CAA_PRS313_Unknown_combined",0.6717699389676218
chr5_32579616_TCA_T_PRS313_Unknown_combined,0.9755570011383965
chr5_55662540_C_CT_PRS313_Unknown_combined,0.7452549451099052
chr5_77155397_GT_G_PRS313_Unknown_combined,0.9622228924747399
chr5_73234583_T_C_PRS313_Unknown_combined,0.8112086590499097
chr5_345109_T_C_PRS313_Unknown_combined,0.9104658709331528
chr5_122478676_C_A_PRS313_Unknown_combined,0.9356372045220968
chr5_2777029_G_A_PRS313_Unknown_combined,0.9811896925021587
chr5_122705244_C_T_PRS313_Unknown_combined,0.9377451937585428
chr5_1353077_T_C_PRS313_Unknown_combined,0.0
chr5_81512947_TA_T_PRS313_Unknown_combined,0.5544652950486095
"chr5_176134882_T_A,C_PRS313_Unknown_combined",0.45421496505379616
chr5_58241712_C_T_PRS313_Unknown_combined,0.3951080240337495
chr5_90789470_G_A_PRS313_Unknown_combined,0.760455182965702
chr5_132407058_C_T_PRS313_Unknown_combined,0.8375347749654384
chr5_1296255_A_AG_PRS313_Unknown_combined,0.9879753266182906
chr5_16231194_G_C_PRS313_Unknown_combined,0.9680357285269958
chr5_173358154_G_A_PRS313_Unknown_combined,0.9033540497697707
chr5_169591460_T_C_PRS313_Unknown_combined,0.8623775315691776
chr5_56042972_C_T_PRS313_Unknown_combined,0.938750560332532
chr5_55965167_C_T_PRS313_Unknown_combined,0.5142259794564129
