SNP,R2 Score
chr11_111696440_T_C_PRS313_Unknown_combined,0.8005916876872838
chr11_122966626_A_G_PRS313_Unknown_combined,0.929745624148952
chr11_1895708_C_A_PRS313_Unknown_combined,0.8589368943948873
chr11_433617_T_C_PRS313_Unknown_combined,0.3729434514535812
chr11_46318032_C_G_PRS313_Unknown_combined,0.5031132969891221
chr11_42844441_C_T_PRS313_Unknown_combined,0.7197163610115065
chr11_69328130_A_T_PRS313_Unknown_combined,0.4000673914402455
chr11_69330983_G_A_PRS313_Unknown_combined,0.27804320209438027
chr11_65553492_C_A_PRS313_Unknown_combined,0.8081228271685499
chr11_65572431_G_A_PRS313_Unknown_combined,0.9702047446956181
chr11_108267402_C_CA_PRS313_Unknown_combined,0.9855661474598495
chr11_116727936_A_T_PRS313_Unknown_combined,0.9846976300210502
chr11_129243417_T_G_PRS313_Unknown_combined,0.23917071271102386
chr11_129461016_A_G_PRS313_Unknown_combined,0.9911461636992964
chr11_103614438_T_G_PRS313_Unknown_combined,0.6840658795462813
chr11_18664241_T_G_PRS313_Unknown_combined,0.7068148628002633
chr11_44368892_G_A_PRS313_Unknown_combined,0.8885726558401015
