SNP,IQS Score
chr15_66630569_G_A_PRS313_Unknown_combined,0.624933509328395
chr15_100905819_A_C_PRS313_Unknown_combined,0.74857060921621
chr15_67457698_A_G_PRS313_Known_combined,-0.007237635705668788
chr15_46680811_C_A_PRS313_Unknown_combined,0.2194524816381006
chr15_91512267_G_T_PRS313_Unknown_combined,0.8243479150079982
chr15_50694306_A_G_PRS313_Known_combined,0.49113011926587935
chr15_75750383_T_C_PRS313_Unknown_combined,0.7521979448751714
