SNP,IQS Score
chr15_66630569_G_A_PRS313_Unknown_combined,0.5241014835667778
chr15_100905819_A_C_PRS313_Unknown_combined,0.8952616413826954
chr15_46680811_C_A_PRS313_Unknown_combined,-0.013237727523443096
chr15_91512267_G_T_PRS313_Unknown_combined,-0.010759919300605264
chr15_75750383_T_C_PRS313_Unknown_combined,0.9753380152270937
