SNP,IQS Score
chr15_66630569_G_A_PRS313_Unknown_combined,0.5285863317446357
chr15_100905819_A_C_PRS313_Unknown_combined,0.6190532182583542
chr15_67457698_A_G_PRS313_Known_combined,0.021675454012888173
chr15_46680811_C_A_PRS313_Unknown_combined,0.132884615384616
chr15_91512267_G_T_PRS313_Unknown_combined,0.5818111863942562
chr15_50694306_A_G_PRS313_Known_combined,-0.0038218617670279886
chr15_75750383_T_C_PRS313_Unknown_combined,0.32784021871202923
