SNP,IQS Score
chr15_66630569_G_A_PRS313_Unknown_combined,0.23353293413173654
chr15_100905819_A_C_PRS313_Unknown_combined,0.08383233532934131
chr15_67457698_A_G_PRS313_Known_combined,0.03592814371257485
chr15_46680811_C_A_PRS313_Unknown_combined,0.015968063872255488
chr15_91512267_G_T_PRS313_Unknown_combined,0.12574850299401197
chr15_50694306_A_G_PRS313_Known_combined,0.5508982035928144
chr15_75750383_T_C_PRS313_Unknown_combined,0.3033932135728543
