SNP,R2 Score
chr15_66630569_G_A_PRS313_Unknown_combined,0.3044379889336679
chr15_100905819_A_C_PRS313_Unknown_combined,0.8417544424394626
chr15_67457698_A_G_PRS313_Known_combined,-0.24060606958664255
chr15_46680811_C_A_PRS313_Unknown_combined,-0.9143610467661709
chr15_91512267_G_T_PRS313_Unknown_combined,0.9442070151456815
chr15_50694306_A_G_PRS313_Known_combined,-0.020329038858425186
chr15_75750383_T_C_PRS313_Unknown_combined,0.6957993344202102
