SNP,R2 Score
chr15_66630569_G_A_PRS313_Unknown_combined,0.525160087928894
chr15_100905819_A_C_PRS313_Unknown_combined,0.7234735984440284
chr15_67457698_A_G_PRS313_Known_combined,-0.037267080745345016
chr15_46680811_C_A_PRS313_Unknown_combined,-0.016227180527394136
chr15_91512267_G_T_PRS313_Unknown_combined,0.7249747307518031
chr15_50694306_A_G_PRS313_Known_combined,-0.2539694955025513
chr15_75750383_T_C_PRS313_Unknown_combined,0.43438992618323713
