SNP,IQS Score
chr15_66630569_G_A_PRS313_Unknown_combined,0.535585539190442
chr15_100905819_A_C_PRS313_Unknown_combined,0.9046691373014507
chr15_67457698_A_G_PRS313_Known_combined,-0.020532877047175872
chr15_46680811_C_A_PRS313_Unknown_combined,0.1648453417299521
chr15_91512267_G_T_PRS313_Unknown_combined,0.9753380152270937
chr15_50694306_A_G_PRS313_Known_combined,0.16563484305419784
chr15_75750383_T_C_PRS313_Unknown_combined,0.818348234420184
