SNP,R2 Score
chr15_66630569_G_A_PRS313_Unknown_combined,0.3655500334512114
chr15_100905819_A_C_PRS313_Unknown_combined,0.36135569164454184
chr15_67457698_A_G_PRS313_Known_combined,-13.579365079365127
chr15_46680811_C_A_PRS313_Unknown_combined,-7.383874239351002
chr15_91512267_G_T_PRS313_Unknown_combined,0.4412185005750918
chr15_50694306_A_G_PRS313_Known_combined,-1.3002502933124926
chr15_75750383_T_C_PRS313_Unknown_combined,0.2204732957012563
