SNP,IQS Score
chr15_66630569_G_A_PRS313_Unknown_combined,0.5360858434555257
chr15_100905819_A_C_PRS313_Unknown_combined,0.8949312033263124
chr15_46680811_C_A_PRS313_Unknown_combined,-0.0037962670041137296
chr15_91512267_G_T_PRS313_Unknown_combined,0.0
chr15_75750383_T_C_PRS313_Unknown_combined,0.9630328023415018
