SNP,R2 Score
chr15_66630569_G_A_PRS313_Unknown_combined,0.38177940284879464
chr15_100905819_A_C_PRS313_Unknown_combined,0.862185497162745
chr15_46680811_C_A_PRS313_Unknown_combined,-0.14849915092030797
chr15_91512267_G_T_PRS313_Unknown_combined,-0.13503168719053926
chr15_75750383_T_C_PRS313_Unknown_combined,0.9468343334563238
