SNP,R2 Score
chr15_66630569_G_A_PRS313_Unknown_combined,0.4643336855837181
chr15_100905819_A_C_PRS313_Unknown_combined,0.8521936430837589
chr15_46680811_C_A_PRS313_Unknown_combined,-0.09267887664185803
chr15_91512267_G_T_PRS313_Unknown_combined,0.025580400394803804
chr15_75750383_T_C_PRS313_Unknown_combined,0.9329023732668795
