SNP,R2 Score
chr15_66630569_G_A_PRS313_Unknown_combined,0.5091990824811258
chr15_100905819_A_C_PRS313_Unknown_combined,0.6312981312587046
chr15_67457698_A_G_PRS313_Known_combined,-0.15251897860593888
chr15_46680811_C_A_PRS313_Unknown_combined,0.11080121703853019
chr15_91512267_G_T_PRS313_Unknown_combined,0.7904569377156594
chr15_50694306_A_G_PRS313_Known_combined,0.2946421587798149
chr15_75750383_T_C_PRS313_Unknown_combined,0.7099435518888395
