SNP,R2 Score
chr18_29981526_G_A_PRS313_Unknown_combined,0.9590734851290954
chr18_42888797_T_C_PRS313_Unknown_combined,0.7102217835488216
chr18_42411803_G_C_PRS313_Unknown_combined,0.9022115927429427
chr18_24125857_T_C_PRS313_Unknown_combined,0.5075454642372297
chr18_24518050_AT_A_PRS313_Unknown_combined,0.7551386206362345
chr18_25407513_C_G_PRS313_Unknown_combined,0.5920681018240761
chr18_20634253_C_T_PRS313_Unknown_combined,0.6625747852179307
