SNP,IQS Score
chr18_29981526_G_A_PRS313_Unknown_combined,0.9823224304011856
chr18_42888797_T_C_PRS313_Unknown_combined,0.8145268769435806
chr18_42411803_G_C_PRS313_Unknown_combined,0.9338950463695997
chr18_24125857_T_C_PRS313_Unknown_combined,0.6857281612335335
chr18_24518050_AT_A_PRS313_Unknown_combined,0.8523007051511893
chr18_25407513_C_G_PRS313_Unknown_combined,0.7323630417007359
chr18_20634253_C_T_PRS313_Unknown_combined,0.7942953385676339
