SNP,R2 Score
chr21_16566350_A_G_PRS313_Unknown_combined,0.6934636621399791
chr21_47762932_G_A_PRS313_Unknown_combined,0.1806422836752818
chr21_16364756_T_G_PRS313_Known_combined,0.15917405242314742
chr21_16574455_C_A_PRS313_Known_combined,0.9190285811500514
