SNP,IQS Score
chr21_16566350_A_G_PRS313_Unknown_combined,0.7886532703645398
chr21_47762932_G_A_PRS313_Unknown_combined,0.4544104544104539
chr21_16364756_T_G_PRS313_Known_combined,0.44222354555575716
chr21_16574455_C_A_PRS313_Known_combined,0.9357254269103773
