SNP,IQS Score
chr12_115796577_A_G_PRS313_Unknown_combined,0.12972791239403464
chr12_103097887_C_T_PRS313_Unknown_combined,0.9954746226594042
chr12_85004551_C_T_PRS313_Unknown_combined,0.9386345263467333
chr12_111600134_G_T_PRS313_Unknown_combined,0.048497948647996496
chr12_28149568_C_T_PRS313_Unknown_combined,0.9206952227182068
chr12_29140260_G_A_PRS313_Unknown_combined,0.10471909031901346
chr12_293626_A_G_PRS313_Unknown_combined,0.9919960379589098
chr12_70798355_A_T_PRS313_Unknown_combined,0.6395145196106381
chr12_83064195_G_GA_PRS313_Unknown_combined,0.9217825732475239
chr12_115108136_T_C_PRS313_Unknown_combined,0.9744316007042793
chr12_28347382_C_T_PRS313_Unknown_combined,0.5684754521963793
