SNP,R2 Score
chr12_115796577_A_G_PRS313_Unknown_combined,-0.18962971762418634
chr12_103097887_C_T_PRS313_Unknown_combined,0.9606606176595021
chr12_85004551_C_T_PRS313_Unknown_combined,0.871971367923228
chr12_111600134_G_T_PRS313_Unknown_combined,-0.399873475605804
chr12_28149568_C_T_PRS313_Unknown_combined,0.8637121945333166
chr12_29140260_G_A_PRS313_Unknown_combined,-0.11551474720773047
chr12_293626_A_G_PRS313_Unknown_combined,0.981475858154258
chr12_70798355_A_T_PRS313_Unknown_combined,0.5003492873474269
chr12_83064195_G_GA_PRS313_Unknown_combined,0.8673331766796105
chr12_115108136_T_C_PRS313_Unknown_combined,0.9603207314097653
chr12_28347382_C_T_PRS313_Unknown_combined,0.20854538316717464
