SNP,R2 Score
chr12_115796577_A_G_PRS313_Unknown_combined,-0.20568852913783076
chr12_103097887_C_T_PRS313_Unknown_combined,0.9902427869146795
chr12_85004551_C_T_PRS313_Unknown_combined,0.8861466316643787
chr12_111600134_G_T_PRS313_Unknown_combined,-0.4877916544409948
chr12_28149568_C_T_PRS313_Unknown_combined,0.8823635172473769
chr12_29140260_G_A_PRS313_Unknown_combined,-0.1473474347047401
chr12_293626_A_G_PRS313_Unknown_combined,0.9841007561358058
chr12_70798355_A_T_PRS313_Unknown_combined,0.4328722004595116
chr12_83064195_G_GA_PRS313_Unknown_combined,0.8632071382648947
chr12_115108136_T_C_PRS313_Unknown_combined,0.9531369896770159
chr12_28347382_C_T_PRS313_Unknown_combined,0.4247596230628822
