SNP,IQS Score
chr12_14413931_G_C_PRS313_Known_combined,0.22968297962734416
chr12_115796577_A_G_PRS313_Unknown_combined,0.6768132887150748
chr12_115835836_T_C_PRS313_Known_combined,0.8391758655704413
chr12_120832146_C_T_PRS313_Known_combined,0.31182640769984427
chr12_103097887_C_T_PRS313_Unknown_combined,0.7610072468180987
chr12_96027759_A_G_PRS313_Known_combined,0.7117607218544494
chr12_85004551_C_T_PRS313_Unknown_combined,0.8054746651135702
chr12_111600134_G_T_PRS313_Unknown_combined,0.6082982853445488
chr12_28149568_C_T_PRS313_Unknown_combined,0.9418988222560111
chr12_29140260_G_A_PRS313_Unknown_combined,0.7048442813914255
chr12_57146069_T_G_PRS313_Known_combined,0.4866307058755291
chr12_293626_A_G_PRS313_Unknown_combined,0.35371517027863764
chr12_70798355_A_T_PRS313_Unknown_combined,0.7363246006816815
chr12_28174817_C_T_PRS313_Known_combined,0.8310030190079438
chr12_83064195_G_GA_PRS313_Unknown_combined,0.7209893582246758
chr12_115108136_T_C_PRS313_Unknown_combined,0.5722441300965956
chr12_28347382_C_T_PRS313_Unknown_combined,0.6869648918384925
