SNP,R2 Score
chr12_14413931_G_C_PRS313_Known_combined,-0.7448359868240466
chr12_115835836_T_C_PRS313_Known_combined,0.23689924490391678
chr12_115796577_A_G_PRS313_Unknown_combined,0.23407271514343397
chr12_120832146_C_T_PRS313_Known_combined,-2.3581158125057904
chr12_103097887_C_T_PRS313_Unknown_combined,-0.23120088311825615
chr12_96027759_A_G_PRS313_Known_combined,-1.1425915767660313
chr12_85004551_C_T_PRS313_Unknown_combined,-0.00010506408908739218
chr12_111600134_G_T_PRS313_Unknown_combined,-0.02945205479451607
chr12_28174817_C_T_PRS313_Known_combined,-0.4432918003008517
chr12_28149568_C_T_PRS313_Unknown_combined,-0.7832819443184913
chr12_29140260_G_A_PRS313_Unknown_combined,0.3736920085193046
chr12_57146069_T_G_PRS313_Known_combined,-2.3131827093641677
chr12_293626_A_G_PRS313_Unknown_combined,-0.007393192452372688
chr12_70798355_A_T_PRS313_Unknown_combined,-0.07552273410330024
chr12_83064195_G_GA_PRS313_Unknown_combined,-0.454036177105829
chr12_115108136_T_C_PRS313_Unknown_combined,-0.09324080201756257
chr12_28347382_C_T_PRS313_Unknown_combined,-0.2120729332625244
