SNP,IQS Score
chr12_14413931_G_C_PRS313_Known_combined,0.5788423153692615
chr12_115835836_T_C_PRS313_Known_combined,0.21756487025948104
chr12_115796577_A_G_PRS313_Unknown_combined,0.16766467065868262
chr12_120832146_C_T_PRS313_Known_combined,0.3013972055888224
chr12_103097887_C_T_PRS313_Unknown_combined,0.06986027944111776
chr12_96027759_A_G_PRS313_Known_combined,0.5109780439121756
chr12_85004551_C_T_PRS313_Unknown_combined,0.13572854291417166
chr12_111600134_G_T_PRS313_Unknown_combined,0.09580838323353294
chr12_28174817_C_T_PRS313_Known_combined,0.06986027944111776
chr12_28149568_C_T_PRS313_Unknown_combined,0.1996007984031936
chr12_29140260_G_A_PRS313_Unknown_combined,0.1936127744510978
chr12_57146069_T_G_PRS313_Known_combined,0.30538922155688625
chr12_293626_A_G_PRS313_Unknown_combined,0.3712574850299401
chr12_70798355_A_T_PRS313_Unknown_combined,0.12574850299401197
chr12_83064195_G_GA_PRS313_Unknown_combined,0.2155688622754491
chr12_115108136_T_C_PRS313_Unknown_combined,0.21157684630738524
chr12_28347382_C_T_PRS313_Unknown_combined,0.06387225548902195
