SNP,R2 Score
chr12_14413931_G_C_PRS313_Known_combined,-0.327966305242932
chr12_115796577_A_G_PRS313_Unknown_combined,0.554369579719816
chr12_115835836_T_C_PRS313_Known_combined,0.8011067180866591
chr12_120832146_C_T_PRS313_Known_combined,-0.19657000215723563
chr12_103097887_C_T_PRS313_Unknown_combined,0.6905537887349837
chr12_96027759_A_G_PRS313_Known_combined,0.5826781251904642
chr12_85004551_C_T_PRS313_Unknown_combined,0.7543601596974171
chr12_111600134_G_T_PRS313_Unknown_combined,0.4342650870048156
chr12_28149568_C_T_PRS313_Unknown_combined,0.8977736465040356
chr12_29140260_G_A_PRS313_Unknown_combined,0.48967496990461856
chr12_57146069_T_G_PRS313_Known_combined,0.12687890953226633
chr12_293626_A_G_PRS313_Unknown_combined,0.09985779381632098
chr12_70798355_A_T_PRS313_Unknown_combined,0.612811815722812
chr12_28174817_C_T_PRS313_Known_combined,0.6942780915618886
chr12_83064195_G_GA_PRS313_Unknown_combined,0.4815064794816424
chr12_115108136_T_C_PRS313_Unknown_combined,0.4175356382693315
chr12_28347382_C_T_PRS313_Unknown_combined,0.4530890423083731
