SNP,R2 Score
chr12_14413931_G_C_PRS313_Known_combined,-0.22712027549517
chr12_115835836_T_C_PRS313_Known_combined,0.9542333176288452
chr12_115796577_A_G_PRS313_Unknown_combined,0.8545631166139802
chr12_120832146_C_T_PRS313_Known_combined,-0.516448955738156
chr12_103097887_C_T_PRS313_Unknown_combined,0.8437903294422979
chr12_96027759_A_G_PRS313_Known_combined,-0.16358373787328895
chr12_85004551_C_T_PRS313_Unknown_combined,0.9779412789707916
chr12_111600134_G_T_PRS313_Unknown_combined,0.3619249261679539
chr12_28174817_C_T_PRS313_Known_combined,0.8389175119934241
chr12_28149568_C_T_PRS313_Unknown_combined,0.9603060077157496
chr12_29140260_G_A_PRS313_Unknown_combined,0.08078837633379621
chr12_57146069_T_G_PRS313_Known_combined,-0.21222150729455258
chr12_293626_A_G_PRS313_Unknown_combined,0.2621036512682853
chr12_70798355_A_T_PRS313_Unknown_combined,0.6210903401919731
chr12_83064195_G_GA_PRS313_Unknown_combined,0.67549696378126
chr12_115108136_T_C_PRS313_Unknown_combined,0.44518699394378447
chr12_28347382_C_T_PRS313_Unknown_combined,0.5084955673702611
