SNP,IQS Score
chr12_14413931_G_C_PRS313_Known_combined,0.020441372176775992
chr12_115835836_T_C_PRS313_Known_combined,0.3388738365645136
chr12_115796577_A_G_PRS313_Unknown_combined,0.4377688646896236
chr12_120832146_C_T_PRS313_Known_combined,-0.034793289196840646
chr12_103097887_C_T_PRS313_Unknown_combined,0.39130498426407084
chr12_96027759_A_G_PRS313_Known_combined,0.011371513141872226
chr12_85004551_C_T_PRS313_Unknown_combined,0.2745217590122704
chr12_111600134_G_T_PRS313_Unknown_combined,0.48669095274563795
chr12_28174817_C_T_PRS313_Known_combined,0.31869177942476373
chr12_28149568_C_T_PRS313_Unknown_combined,0.3870988649528887
chr12_29140260_G_A_PRS313_Unknown_combined,0.6079584975654998
chr12_57146069_T_G_PRS313_Known_combined,0.038429901622084046
chr12_293626_A_G_PRS313_Unknown_combined,0.1756105096311419
chr12_70798355_A_T_PRS313_Unknown_combined,0.3464467341208879
chr12_83064195_G_GA_PRS313_Unknown_combined,0.5162276701893674
chr12_115108136_T_C_PRS313_Unknown_combined,0.2937232981618055
chr12_28347382_C_T_PRS313_Unknown_combined,0.5256364159355674
