SNP,R2 Score
chr12_14413931_G_C_PRS313_Known_combined,-0.478383200658798
chr12_115835836_T_C_PRS313_Known_combined,0.5575639239070581
chr12_115796577_A_G_PRS313_Unknown_combined,0.6100733822548391
chr12_120832146_C_T_PRS313_Known_combined,-0.36640574439890794
chr12_103097887_C_T_PRS313_Unknown_combined,0.7695613320366901
chr12_96027759_A_G_PRS313_Known_combined,-0.5166087645517277
chr12_85004551_C_T_PRS313_Unknown_combined,0.7017230510611494
chr12_111600134_G_T_PRS313_Unknown_combined,0.5548315438726417
chr12_28174817_C_T_PRS313_Known_combined,0.7511565861550256
chr12_28149568_C_T_PRS313_Unknown_combined,-0.22671624195157358
chr12_29140260_G_A_PRS313_Unknown_combined,-0.21782109454579657
chr12_57146069_T_G_PRS313_Known_combined,-0.3642517038558337
chr12_293626_A_G_PRS313_Unknown_combined,0.2492430961191443
chr12_70798355_A_T_PRS313_Unknown_combined,0.6612103387574604
chr12_83064195_G_GA_PRS313_Unknown_combined,-0.2624190064794796
chr12_115108136_T_C_PRS313_Unknown_combined,0.5161065302545216
chr12_28347382_C_T_PRS313_Unknown_combined,0.5269959284829173
