SNP,IQS Score
chr12_14413931_G_C_PRS313_Known_combined,0.1258224079143255
chr12_115835836_T_C_PRS313_Known_combined,0.9727213328977459
chr12_115796577_A_G_PRS313_Unknown_combined,0.906154560336192
chr12_120832146_C_T_PRS313_Known_combined,0.006643759537428245
chr12_103097887_C_T_PRS313_Unknown_combined,0.8939884466450836
chr12_96027759_A_G_PRS313_Known_combined,0.109440307470574
chr12_85004551_C_T_PRS313_Unknown_combined,0.9879916588768245
chr12_111600134_G_T_PRS313_Unknown_combined,0.6311052932995175
chr12_28174817_C_T_PRS313_Known_combined,0.8957100976633648
chr12_28149568_C_T_PRS313_Unknown_combined,0.9742283950617284
chr12_29140260_G_A_PRS313_Unknown_combined,0.0
chr12_57146069_T_G_PRS313_Known_combined,0.09806757755184854
chr12_293626_A_G_PRS313_Unknown_combined,0.5281899109792284
chr12_70798355_A_T_PRS313_Unknown_combined,0.7844350024202658
chr12_83064195_G_GA_PRS313_Unknown_combined,0.8045021096017364
chr12_115108136_T_C_PRS313_Unknown_combined,0.6468466227142678
chr12_28347382_C_T_PRS313_Unknown_combined,0.7011037088595008
