SNP,IQS Score
chr12_115796577_A_G_PRS313_Unknown_combined,0.1052353379303717
chr12_103097887_C_T_PRS313_Unknown_combined,0.9727213328977459
chr12_85004551_C_T_PRS313_Unknown_combined,0.9102939740209004
chr12_111600134_G_T_PRS313_Unknown_combined,0.030164436597247306
chr12_28149568_C_T_PRS313_Unknown_combined,0.90507768093975
chr12_29140260_G_A_PRS313_Unknown_combined,0.10613366766322677
chr12_293626_A_G_PRS313_Unknown_combined,0.9919960379589098
chr12_70798355_A_T_PRS313_Unknown_combined,0.7045911393422851
chr12_83064195_G_GA_PRS313_Unknown_combined,0.9088546404345453
chr12_115108136_T_C_PRS313_Unknown_combined,0.9744316007042793
chr12_28347382_C_T_PRS313_Unknown_combined,0.398077693231871
