SNP,R2 Score
chr6_152432902_C_T_PRS313_Unknown_combined,0.6473563594696363
chr6_152055978_A_T_PRS313_Unknown_combined,0.5339775722184898
chr6_16399557_C_T_PRS313_Unknown_combined,-0.22836730690888807
chr6_152023191_G_A_PRS313_Unknown_combined,0.8268121421626882
chr6_82263549_AAT_A_PRS313_Unknown_combined,0.2920794360226644
chr6_152022664_CAAAAAAA_C_PRS313_Unknown_combined,0.0009023217725008248
chr6_18783140_G_A_PRS313_Unknown_combined,0.6411408478218434
chr6_87803819_T_C_PRS313_Unknown_combined,0.633148762866466
chr6_20537845_CA_C_PRS313_Unknown_combined,0.22524143154705933
chr6_85912194_CAA_C_PRS313_Unknown_combined,0.4075859559759917
chr6_151949806_A_C_PRS313_Unknown_combined,0.8427343410440913
chr6_169006947_C_G_PRS313_Unknown_combined,0.0005426195758001517
chr6_13713366_G_C_PRS313_Unknown_combined,0.7260357694287166
chr6_21923810_T_C_PRS313_Known_combined,0.6902187536556426
chr6_43227141_G_A_PRS313_Unknown_combined,0.3907333090113134
chr6_151955914_A_G_PRS313_Known_combined,0.842953741435672
chr6_170332621_T_C_PRS313_Unknown_combined,0.6853239689949048
chr6_149595505_T_C_PRS313_Unknown_combined,0.7948962882096067
chr6_27425644_G_C_PRS313_Unknown_combined,0.4342818428184233
chr6_130341728_C_CT_PRS313_Unknown_combined,0.5877587189062627
