SNP,IQS Score
chr6_152432902_C_T_PRS313_Unknown_combined,0.7210287090633619
chr6_152055978_A_T_PRS313_Unknown_combined,0.7346476386641165
chr6_16399557_C_T_PRS313_Unknown_combined,0.1111845766096036
chr6_152023191_G_A_PRS313_Unknown_combined,0.8796306028981155
chr6_82263549_AAT_A_PRS313_Unknown_combined,0.4566857890886689
chr6_152022664_CAAAAAAA_C_PRS313_Unknown_combined,0.3523110232514356
chr6_18783140_G_A_PRS313_Unknown_combined,0.7214153942771911
chr6_87803819_T_C_PRS313_Unknown_combined,0.6741110147441457
chr6_20537845_CA_C_PRS313_Unknown_combined,0.40217849075385737
chr6_85912194_CAA_C_PRS313_Unknown_combined,0.616498851792969
chr6_151949806_A_C_PRS313_Unknown_combined,0.8736639962756777
chr6_169006947_C_G_PRS313_Unknown_combined,0.329190234216817
chr6_13713366_G_C_PRS313_Unknown_combined,0.7837721191195511
chr6_21923810_T_C_PRS313_Known_combined,0.770322972222581
chr6_43227141_G_A_PRS313_Unknown_combined,0.6161801884624228
chr6_151955914_A_G_PRS313_Known_combined,0.8865204623959487
chr6_170332621_T_C_PRS313_Unknown_combined,0.7231870408739876
chr6_149595505_T_C_PRS313_Unknown_combined,0.851201718045571
chr6_27425644_G_C_PRS313_Unknown_combined,0.7008240773916152
chr6_130341728_C_CT_PRS313_Unknown_combined,0.713701197769041
