SNP,IQS Score
chr5_79180995_G_GA_PRS313_Unknown_combined,0.5589562406789707
chr5_44649944_C_T_PRS313_Known_combined,0.32868033508846306
chr5_44706498_A_G_PRS313_Known_combined,0.35908176593380015
chr5_44853593_G_C_PRS313_Unknown_combined,0.362657037735436
chr5_44508264_G_GT_PRS313_Unknown_combined,0.40517263763428213
chr5_44619502_A_G_PRS313_Unknown_combined,0.2992364298772412
chr5_131640536_A_G_PRS313_Unknown_combined,0.5164611794860388
chr5_71965007_G_A_PRS313_Unknown_combined,0.491791019606035
"chr5_52679539_C_CA,CAA_PRS313_Unknown_combined",0.4145244298421682
chr5_32579616_TCA_T_PRS313_Unknown_combined,0.5822553708865428
chr5_55662540_C_CT_PRS313_Unknown_combined,0.3855811877993529
chr5_77155397_GT_G_PRS313_Unknown_combined,0.5863799103803223
chr5_73234583_T_C_PRS313_Unknown_combined,0.39949824218185237
chr5_345109_T_C_PRS313_Known_combined,0.23562962576982793
chr5_122478676_C_A_PRS313_Unknown_combined,0.5868213110633069
chr5_2777029_G_A_PRS313_Unknown_combined,0.6075352480435888
chr5_56045081_T_C_PRS313_Known_combined,nan
chr5_122705244_C_T_PRS313_Unknown_combined,0.6186233809819042
chr5_1353077_T_C_PRS313_Unknown_combined,nan
chr5_81512947_TA_T_PRS313_Unknown_combined,0.48141807744170106
"chr5_176134882_T_A,C_PRS313_Unknown_combined",0.18307278305551733
chr5_58241712_C_T_PRS313_Unknown_combined,0.20214311786990657
chr5_90789470_G_A_PRS313_Unknown_combined,0.4409233488658163
chr5_132407058_C_T_PRS313_Known_combined,0.008595444562430554
chr5_1279790_C_T_PRS313_Known_combined,0.21501432350684346
chr5_1296255_A_AG_PRS313_Unknown_combined,0.6242721611619784
chr5_56023083_T_G_PRS313_Known_combined,0.5638024332427809
chr5_104300273_G_T_PRS313_Known_combined,0.011677185896840081
chr5_16231194_G_C_PRS313_Unknown_combined,0.6192016920398239
chr5_173358154_G_A_PRS313_Unknown_combined,0.46033456904529446
chr5_169591460_T_C_PRS313_Unknown_combined,0.42009872596686415
chr5_158244083_C_T_PRS313_Known_combined,0.042859959400480596
chr5_56042972_C_T_PRS313_Unknown_combined,0.5864338340417488
chr5_55965167_C_T_PRS313_Unknown_combined,0.45103371185452545
