SNP,R2 Score
chr5_79180995_G_GA_PRS313_Unknown_combined,0.7187599193471933
chr5_44649944_C_T_PRS313_Known_combined,0.43827034367852824
chr5_44706498_A_G_PRS313_Known_combined,0.5464396414905992
chr5_44853593_G_C_PRS313_Unknown_combined,0.688488137193787
chr5_44508264_G_GT_PRS313_Unknown_combined,0.42936435017428554
chr5_44619502_A_G_PRS313_Unknown_combined,0.4319445245444459
chr5_131640536_A_G_PRS313_Unknown_combined,0.8433841517490513
chr5_71965007_G_A_PRS313_Unknown_combined,0.6920271339803178
"chr5_52679539_C_CA,CAA_PRS313_Unknown_combined",0.3491167227738541
chr5_32579616_TCA_T_PRS313_Unknown_combined,0.9490369254581252
chr5_55662540_C_CT_PRS313_Unknown_combined,0.5686338355719289
chr5_77155397_GT_G_PRS313_Unknown_combined,0.8160399361486964
chr5_73234583_T_C_PRS313_Unknown_combined,0.6221377813109421
chr5_345109_T_C_PRS313_Known_combined,0.2533240678154609
chr5_122478676_C_A_PRS313_Unknown_combined,0.8972838464514812
chr5_2777029_G_A_PRS313_Unknown_combined,0.943138777520959
chr5_56045081_T_C_PRS313_Known_combined,-0.4057026153280563
chr5_122705244_C_T_PRS313_Unknown_combined,0.8712148037816461
chr5_1353077_T_C_PRS313_Unknown_combined,-0.7771322094932738
chr5_81512947_TA_T_PRS313_Unknown_combined,0.6865167554816627
"chr5_176134882_T_A,C_PRS313_Unknown_combined",0.3119340868639875
chr5_58241712_C_T_PRS313_Unknown_combined,0.2560402597357544
chr5_90789470_G_A_PRS313_Unknown_combined,0.5233012309381648
chr5_132407058_C_T_PRS313_Known_combined,-0.7688524614466397
chr5_1279790_C_T_PRS313_Known_combined,0.23724097071158012
chr5_1296255_A_AG_PRS313_Unknown_combined,0.957851498968386
chr5_56023083_T_G_PRS313_Known_combined,0.8819705973497424
chr5_104300273_G_T_PRS313_Known_combined,-0.7637185819291723
chr5_16231194_G_C_PRS313_Unknown_combined,0.9595993221473367
chr5_173358154_G_A_PRS313_Unknown_combined,0.7570339165097569
chr5_169591460_T_C_PRS313_Unknown_combined,0.689298336783208
chr5_158244083_C_T_PRS313_Known_combined,-0.6079775641317728
chr5_56042972_C_T_PRS313_Unknown_combined,0.651173966066886
chr5_55965167_C_T_PRS313_Unknown_combined,0.7546242474600134
