SNP,Accuracy Score
chr5_79180995_G_GA_PRS313_Unknown_combined,0.872255489021956
chr5_44508264_G_GT_PRS313_Unknown_combined,0.8403193612774451
chr5_131640536_A_G_PRS313_Unknown_combined,0.8542914171656687
chr5_71965007_G_A_PRS313_Unknown_combined,0.8862275449101796
"chr5_52679539_C_CA,CAA_PRS313_Unknown_combined",0.844311377245509
chr5_32579616_TCA_T_PRS313_Unknown_combined,0.9620758483033932
chr5_44619502_A_G_PRS313_Unknown_combined,0.9500998003992016
chr5_55662540_C_CT_PRS313_Unknown_combined,0.7265469061876247
chr5_77155397_GT_G_PRS313_Unknown_combined,0.9560878243512974
chr5_73234583_T_C_PRS313_Unknown_combined,0.7524950099800399
chr5_345109_T_C_PRS313_Known_combined,0.8642714570858283
chr5_122478676_C_A_PRS313_Unknown_combined,0.9141716566866267
chr5_2777029_G_A_PRS313_Unknown_combined,0.9540918163672655
chr5_56045081_T_C_PRS313_Known_combined,0.8323353293413174
chr5_122705244_C_T_PRS313_Unknown_combined,0.9880239520958084
chr5_1353077_T_C_PRS313_Unknown_combined,0.9920159680638723
chr5_81512947_TA_T_PRS313_Unknown_combined,0.93812375249501
"chr5_176134882_T_A,C_PRS313_Unknown_combined",0.5988023952095808
chr5_58241712_C_T_PRS313_Unknown_combined,0.6107784431137725
chr5_90789470_G_A_PRS313_Unknown_combined,0.7644710578842315
chr5_44649944_C_T_PRS313_Known_combined,0.6666666666666666
chr5_132407058_C_T_PRS313_Known_combined,0.846307385229541
chr5_1296255_A_AG_PRS313_Unknown_combined,0.9760479041916168
chr5_56023083_T_G_PRS313_Known_combined,0.9281437125748503
chr5_44706498_A_G_PRS313_Known_combined,0.7445109780439122
chr5_104300273_G_T_PRS313_Known_combined,0.8063872255489022
chr5_16231194_G_C_PRS313_Unknown_combined,0.9560878243512974
chr5_1279790_C_T_PRS313_Known_combined,0.7345309381237525
chr5_173358154_G_A_PRS313_Unknown_combined,0.7844311377245509
chr5_169591460_T_C_PRS313_Unknown_combined,0.7944111776447106
chr5_44853593_G_C_PRS313_Unknown_combined,0.7984031936127745
chr5_158244083_C_T_PRS313_Known_combined,0.7784431137724551
chr5_56042972_C_T_PRS313_Unknown_combined,0.9740518962075848
chr5_55965167_C_T_PRS313_Unknown_combined,0.8323353293413174
