SNP,R2 Score
chr5_79180995_G_GA_PRS313_Unknown_combined,0.7871336469085988
chr5_44649944_C_T_PRS313_Known_combined,0.4599865172943478
chr5_44706498_A_G_PRS313_Known_combined,0.5571334517802775
chr5_44853593_G_C_PRS313_Unknown_combined,0.6558180464223498
chr5_44508264_G_GT_PRS313_Unknown_combined,0.534818766811288
chr5_44619502_A_G_PRS313_Unknown_combined,0.4888519240851418
chr5_131640536_A_G_PRS313_Unknown_combined,0.8163338328114835
chr5_71965007_G_A_PRS313_Unknown_combined,0.7258521313046435
"chr5_52679539_C_CA,CAA_PRS313_Unknown_combined",0.45690830147535844
chr5_32579616_TCA_T_PRS313_Unknown_combined,0.8146238035747644
chr5_55662540_C_CT_PRS313_Unknown_combined,0.515493478233706
chr5_77155397_GT_G_PRS313_Unknown_combined,0.8653741647498083
chr5_73234583_T_C_PRS313_Unknown_combined,0.6473743149887287
chr5_345109_T_C_PRS313_Known_combined,0.34416877227826725
chr5_122478676_C_A_PRS313_Unknown_combined,0.8598988761394795
chr5_2777029_G_A_PRS313_Unknown_combined,0.9441427517991057
chr5_56045081_T_C_PRS313_Known_combined,-0.1969509382268324
chr5_122705244_C_T_PRS313_Unknown_combined,0.8552078613992402
chr5_1353077_T_C_PRS313_Unknown_combined,-0.61492213093486
chr5_81512947_TA_T_PRS313_Unknown_combined,0.6638546675691086
"chr5_176134882_T_A,C_PRS313_Unknown_combined",0.044617493364272454
chr5_58241712_C_T_PRS313_Unknown_combined,0.39642556408737084
chr5_90789470_G_A_PRS313_Unknown_combined,0.6017539197047042
chr5_132407058_C_T_PRS313_Known_combined,-0.4768260333174792
chr5_1279790_C_T_PRS313_Known_combined,0.33957317719828106
chr5_1296255_A_AG_PRS313_Unknown_combined,0.9496130870413233
chr5_56023083_T_G_PRS313_Known_combined,0.8865786135252192
chr5_104300273_G_T_PRS313_Known_combined,-0.4764937931807127
chr5_16231194_G_C_PRS313_Unknown_combined,0.9334933702996302
chr5_173358154_G_A_PRS313_Unknown_combined,0.6968994308063663
chr5_169591460_T_C_PRS313_Unknown_combined,0.6990961461386566
chr5_158244083_C_T_PRS313_Known_combined,-0.554824346698553
chr5_56042972_C_T_PRS313_Unknown_combined,0.6765655720716084
chr5_55965167_C_T_PRS313_Unknown_combined,0.7521749085675785
