SNP,IQS Score
chr5_79180995_G_GA_PRS313_Unknown_combined,0.7958867721591187
chr5_44508264_G_GT_PRS313_Unknown_combined,0.6968011527377522
chr5_131640536_A_G_PRS313_Unknown_combined,0.7728788752096676
chr5_71965007_G_A_PRS313_Unknown_combined,0.8034122893730051
"chr5_52679539_C_CA,CAA_PRS313_Unknown_combined",0.6862449180731798
chr5_32579616_TCA_T_PRS313_Unknown_combined,0.9422349371977892
chr5_44619502_A_G_PRS313_Unknown_combined,0.7818080009954582
chr5_55662540_C_CT_PRS313_Unknown_combined,0.5538427552689893
chr5_77155397_GT_G_PRS313_Unknown_combined,0.9373582209520408
chr5_73234583_T_C_PRS313_Unknown_combined,0.6323878910663498
chr5_345109_T_C_PRS313_Known_combined,0.7898386221191334
chr5_122478676_C_A_PRS313_Unknown_combined,0.8572049023466659
chr5_2777029_G_A_PRS313_Unknown_combined,0.9304982785365669
chr5_56045081_T_C_PRS313_Known_combined,0.6100335874606815
chr5_122705244_C_T_PRS313_Unknown_combined,0.9482063475653882
chr5_1353077_T_C_PRS313_Unknown_combined,0.0
chr5_81512947_TA_T_PRS313_Unknown_combined,0.825202512059707
"chr5_176134882_T_A,C_PRS313_Unknown_combined",0.3810592021847264
chr5_58241712_C_T_PRS313_Unknown_combined,0.42492379506931793
chr5_90789470_G_A_PRS313_Unknown_combined,0.6388280580530202
chr5_44649944_C_T_PRS313_Known_combined,0.4925229908036785
chr5_132407058_C_T_PRS313_Known_combined,0.7224549987125771
chr5_1296255_A_AG_PRS313_Unknown_combined,0.9617472304744981
chr5_56023083_T_G_PRS313_Known_combined,0.8856251426832052
chr5_44706498_A_G_PRS313_Known_combined,0.6439972381060914
chr5_104300273_G_T_PRS313_Known_combined,0.6663271302644466
chr5_16231194_G_C_PRS313_Unknown_combined,0.924476846966603
chr5_1279790_C_T_PRS313_Known_combined,0.6107982132452903
chr5_173358154_G_A_PRS313_Unknown_combined,0.6856840371720974
chr5_169591460_T_C_PRS313_Unknown_combined,0.6804216590164797
chr5_44853593_G_C_PRS313_Unknown_combined,0.6263829020044909
chr5_158244083_C_T_PRS313_Known_combined,0.7076994298832499
chr5_56042972_C_T_PRS313_Unknown_combined,0.8799137104506233
chr5_55965167_C_T_PRS313_Unknown_combined,0.7445345932653022
