SNP,AUC Score
chr5_79180995_G_GA_PRS313_Unknown_combined,0.8887059092521667
chr5_44508264_G_GT_PRS313_Unknown_combined,0.8597158392270406
chr5_131640536_A_G_PRS313_Unknown_combined,0.8899893363316854
chr5_71965007_G_A_PRS313_Unknown_combined,0.9005034764607748
"chr5_52679539_C_CA,CAA_PRS313_Unknown_combined",0.8763273557027181
chr5_32579616_TCA_T_PRS313_Unknown_combined,0.9723613460858663
chr5_44619502_A_G_PRS313_Unknown_combined,0.82632976770401
chr5_55662540_C_CT_PRS313_Unknown_combined,0.7959251205126444
chr5_77155397_GT_G_PRS313_Unknown_combined,0.9813464482625326
chr5_73234583_T_C_PRS313_Unknown_combined,0.8263967633247375
chr5_345109_T_C_PRS313_Known_combined,0.8923895756403605
chr5_122478676_C_A_PRS313_Unknown_combined,0.9233786265055338
chr5_2777029_G_A_PRS313_Unknown_combined,0.9656324783960978
chr5_56045081_T_C_PRS313_Known_combined,0.8329948584238688
chr5_122705244_C_T_PRS313_Unknown_combined,0.9737521608670553
chr5_1353077_T_C_PRS313_Unknown_combined,0.5
chr5_81512947_TA_T_PRS313_Unknown_combined,0.8968481024106344
"chr5_176134882_T_A,C_PRS313_Unknown_combined",0.6963805556297302
chr5_58241712_C_T_PRS313_Unknown_combined,0.7129990259806315
chr5_90789470_G_A_PRS313_Unknown_combined,0.8199082612991333
chr5_44649944_C_T_PRS313_Known_combined,0.7704052130381266
chr5_132407058_C_T_PRS313_Known_combined,0.868638296922048
chr5_1296255_A_AG_PRS313_Unknown_combined,0.9792421460151672
chr5_56023083_T_G_PRS313_Known_combined,0.9386188189188639
chr5_44706498_A_G_PRS313_Known_combined,0.8327382604281107
chr5_104300273_G_T_PRS313_Known_combined,0.8219672441482544
chr5_16231194_G_C_PRS313_Unknown_combined,0.9660384058952332
chr5_1279790_C_T_PRS313_Known_combined,0.8031968474388123
chr5_173358154_G_A_PRS313_Unknown_combined,0.8380012909571329
chr5_169591460_T_C_PRS313_Unknown_combined,0.8414206703503927
chr5_44853593_G_C_PRS313_Unknown_combined,0.7906026840209961
chr5_158244083_C_T_PRS313_Known_combined,0.8530721664428711
chr5_56042972_C_T_PRS313_Unknown_combined,0.9501989483833313
chr5_55965167_C_T_PRS313_Unknown_combined,0.8736403187115988
