SNP,AUC Score
chr5_79180995_G_GA_PRS313_Unknown_combined,0.8816989064216614
chr5_44508264_G_GT_PRS313_Unknown_combined,0.8397460778554281
chr5_131640536_A_G_PRS313_Unknown_combined,0.8861797650655111
chr5_71965007_G_A_PRS313_Unknown_combined,0.8976689974466959
"chr5_52679539_C_CA,CAA_PRS313_Unknown_combined",0.8688908020655314
chr5_32579616_TCA_T_PRS313_Unknown_combined,0.9706130822499593
chr5_44619502_A_G_PRS313_Unknown_combined,0.8248515725135803
chr5_55662540_C_CT_PRS313_Unknown_combined,0.7814023892084757
chr5_77155397_GT_G_PRS313_Unknown_combined,0.9681996504465739
chr5_73234583_T_C_PRS313_Unknown_combined,0.8157022794087728
chr5_345109_T_C_PRS313_Known_combined,0.8798521757125854
chr5_122478676_C_A_PRS313_Unknown_combined,0.9226411581039429
chr5_2777029_G_A_PRS313_Unknown_combined,0.9646855394045512
chr5_56045081_T_C_PRS313_Known_combined,0.8284568985303243
chr5_122705244_C_T_PRS313_Unknown_combined,0.9737521608670553
chr5_1353077_T_C_PRS313_Unknown_combined,0.5
chr5_81512947_TA_T_PRS313_Unknown_combined,0.8937108516693115
"chr5_176134882_T_A,C_PRS313_Unknown_combined",0.6804344654083252
chr5_58241712_C_T_PRS313_Unknown_combined,0.6955323020617167
chr5_90789470_G_A_PRS313_Unknown_combined,0.8112923701604208
chr5_44649944_C_T_PRS313_Known_combined,0.7529024680455526
chr5_132407058_C_T_PRS313_Known_combined,0.8600319623947144
chr5_1296255_A_AG_PRS313_Unknown_combined,0.9786132176717123
chr5_56023083_T_G_PRS313_Known_combined,0.9366957545280457
chr5_44706498_A_G_PRS313_Known_combined,0.8112996816635132
chr5_104300273_G_T_PRS313_Known_combined,0.8157366911570231
chr5_16231194_G_C_PRS313_Unknown_combined,0.9660384058952332
chr5_1279790_C_T_PRS313_Known_combined,0.7921434640884399
chr5_173358154_G_A_PRS313_Unknown_combined,0.8238154848416647
chr5_169591460_T_C_PRS313_Unknown_combined,0.8332223693529764
chr5_44853593_G_C_PRS313_Unknown_combined,0.7854426900545756
chr5_158244083_C_T_PRS313_Known_combined,0.8367972175280253
chr5_56042972_C_T_PRS313_Unknown_combined,0.949822723865509
chr5_55965167_C_T_PRS313_Unknown_combined,0.8693000276883444
