SNP,IQS Score
chr5_79180995_G_GA_PRS313_Unknown_combined,0.8724000339587401
chr5_44649944_C_T_PRS313_Known_combined,0.5538227692142866
chr5_44706498_A_G_PRS313_Known_combined,0.6684676940709359
chr5_44853593_G_C_PRS313_Unknown_combined,0.7766329988164913
chr5_44508264_G_GT_PRS313_Unknown_combined,0.6508390646492435
chr5_44619502_A_G_PRS313_Unknown_combined,0.7667031098153546
chr5_131640536_A_G_PRS313_Unknown_combined,0.8732238097091917
chr5_71965007_G_A_PRS313_Unknown_combined,0.826514201288158
"chr5_52679539_C_CA,CAA_PRS313_Unknown_combined",0.7668052217964537
chr5_32579616_TCA_T_PRS313_Unknown_combined,0.9855593586741128
chr5_55662540_C_CT_PRS313_Unknown_combined,0.6786423704030677
chr5_77155397_GT_G_PRS313_Unknown_combined,0.9246843054720385
chr5_73234583_T_C_PRS313_Unknown_combined,0.6553214689045523
chr5_345109_T_C_PRS313_Known_combined,0.3804423911521771
chr5_122478676_C_A_PRS313_Unknown_combined,0.9492164534636203
chr5_2777029_G_A_PRS313_Unknown_combined,0.9684798610848968
chr5_56045081_T_C_PRS313_Known_combined,0.2826871313212299
chr5_122705244_C_T_PRS313_Unknown_combined,0.9654708983769255
chr5_1353077_T_C_PRS313_Unknown_combined,0.0
chr5_81512947_TA_T_PRS313_Unknown_combined,0.9013869121521363
"chr5_176134882_T_A,C_PRS313_Unknown_combined",0.4740953497208286
chr5_58241712_C_T_PRS313_Unknown_combined,0.39258777135418654
chr5_90789470_G_A_PRS313_Unknown_combined,0.6954677703561037
chr5_132407058_C_T_PRS313_Known_combined,0.0392398994668256
chr5_1279790_C_T_PRS313_Known_combined,0.3854586303067864
chr5_1296255_A_AG_PRS313_Unknown_combined,0.9895945833679489
chr5_56023083_T_G_PRS313_Known_combined,0.9376490842338885
chr5_104300273_G_T_PRS313_Known_combined,0.09662224023818347
chr5_16231194_G_C_PRS313_Unknown_combined,0.9793294091759271
chr5_173358154_G_A_PRS313_Unknown_combined,0.7942267459023757
chr5_169591460_T_C_PRS313_Unknown_combined,0.7480323703650485
chr5_158244083_C_T_PRS313_Known_combined,0.14521387253907048
chr5_56042972_C_T_PRS313_Unknown_combined,0.8598993288590605
chr5_55965167_C_T_PRS313_Unknown_combined,0.8100113765642776
