SNP,R2 Score
chr19_18569492_C_T_PRS313_Unknown_maternal,0.9921291553779339
chr19_18569492_C_T_PRS313_Unknown_paternal,0.9902945225683344
chr19_46166073_T_C_PRS313_Unknown_maternal,0.6767704237170646
chr19_46166073_T_C_PRS313_Unknown_paternal,0.73563985206535
chr19_44283031_T_C_PRS313_Unknown_maternal,0.9476612976562588
chr19_44283031_T_C_PRS313_Unknown_paternal,0.9853200339442617
chr19_13249921_G_T_PRS313_Unknown_maternal,0.7974432044797205
chr19_13249921_G_T_PRS313_Unknown_paternal,0.9600939161207283
chr19_19517054_C_CGGGCG_PRS313_Unknown_maternal,0.8432395060914812
chr19_19517054_C_CGGGCG_PRS313_Unknown_paternal,0.8227560574309077
chr19_17393925_C_A_PRS313_Unknown_maternal,0.9626415180029075
chr19_17393925_C_A_PRS313_Unknown_paternal,0.9183044111618609
chr19_55816678_C_T_PRS313_Unknown_maternal,0.7492615080836835
chr19_55816678_C_T_PRS313_Unknown_paternal,0.7299174148247749
