SNP,R2 Score
chr19_18569492_C_T_PRS313_Unknown_maternal,0.993120757675699
chr19_18569492_C_T_PRS313_Unknown_paternal,0.9911263077929645
chr19_46166073_T_C_PRS313_Unknown_maternal,0.6225076701692597
chr19_46166073_T_C_PRS313_Unknown_paternal,0.7076563033254306
chr19_44283031_T_C_PRS313_Unknown_maternal,0.99824891717813
chr19_44283031_T_C_PRS313_Unknown_paternal,0.9989286244710657
chr19_13249921_G_T_PRS313_Unknown_maternal,0.8069872273923576
chr19_13249921_G_T_PRS313_Unknown_paternal,0.7765714229145282
chr19_19517054_C_CGGGCG_PRS313_Unknown_maternal,0.8347463413293309
chr19_19517054_C_CGGGCG_PRS313_Unknown_paternal,0.818433557511608
chr19_17393925_C_A_PRS313_Unknown_maternal,0.9736602978969531
chr19_17393925_C_A_PRS313_Unknown_paternal,0.913233235106487
chr19_55816678_C_T_PRS313_Unknown_maternal,0.745839608706879
chr19_55816678_C_T_PRS313_Unknown_paternal,0.714377244159676
