SNP,R2 Score
chr19_18569492_C_T_PRS313_Unknown_maternal,0.9834647048199223
chr19_18569492_C_T_PRS313_Unknown_paternal,0.9791629123669584
chr19_46166073_T_C_PRS313_Unknown_maternal,0.7545347206276922
chr19_46166073_T_C_PRS313_Unknown_paternal,0.8079410438120131
chr19_44283031_T_C_PRS313_Unknown_maternal,0.9781616943571154
chr19_44283031_T_C_PRS313_Unknown_paternal,0.9897929601061904
chr19_13249921_G_T_PRS313_Unknown_maternal,0.8472268761562938
chr19_13249921_G_T_PRS313_Unknown_paternal,0.7572547373942288
chr19_19517054_C_CGGGCG_PRS313_Unknown_maternal,0.8762824409285945
chr19_19517054_C_CGGGCG_PRS313_Unknown_paternal,0.8402860172002623
chr19_17393925_C_A_PRS313_Unknown_maternal,0.9656806801307831
chr19_17393925_C_A_PRS313_Unknown_paternal,0.9201378149189707
chr19_55816678_C_T_PRS313_Unknown_maternal,0.8103900813097392
chr19_55816678_C_T_PRS313_Unknown_paternal,0.8211625767684677
