SNP,IQS Score
chr19_18569492_C_T_PRS313_Unknown_maternal,0.9919672919672919
chr19_18569492_C_T_PRS313_Unknown_paternal,0.9919891269587464
chr19_46166073_T_C_PRS313_Unknown_maternal,0.8486252391983079
chr19_46166073_T_C_PRS313_Unknown_paternal,0.8863420577238164
chr19_44283031_T_C_PRS313_Unknown_maternal,0.989764020839718
chr19_44283031_T_C_PRS313_Unknown_paternal,0.9950543429976011
chr19_13249921_G_T_PRS313_Unknown_maternal,0.876934414148857
chr19_13249921_G_T_PRS313_Unknown_paternal,1.0
chr19_19517054_C_CGGGCG_PRS313_Unknown_maternal,0.9098714552055734
chr19_19517054_C_CGGGCG_PRS313_Unknown_paternal,0.9023566289324518
chr19_17393925_C_A_PRS313_Unknown_maternal,0.9768601912151862
chr19_17393925_C_A_PRS313_Unknown_paternal,0.9618460132510851
chr19_55816678_C_T_PRS313_Unknown_maternal,0.887032989905297
chr19_55816678_C_T_PRS313_Unknown_paternal,0.899405494591834
