SNP,IQS Score
chr19_18569492_C_T_PRS313_Unknown_maternal,0.995984901305508
chr19_18569492_C_T_PRS313_Unknown_paternal,0.995995491931036
chr19_46166073_T_C_PRS313_Unknown_maternal,0.7642703251529185
chr19_46166073_T_C_PRS313_Unknown_paternal,0.8162938764625488
chr19_44283031_T_C_PRS313_Unknown_maternal,1.0
chr19_44283031_T_C_PRS313_Unknown_paternal,1.0
chr19_13249921_G_T_PRS313_Unknown_maternal,0.8858509911141481
chr19_13249921_G_T_PRS313_Unknown_paternal,1.0
chr19_19517054_C_CGGGCG_PRS313_Unknown_maternal,0.8943192328287007
chr19_19517054_C_CGGGCG_PRS313_Unknown_paternal,0.8825702162052941
chr19_17393925_C_A_PRS313_Unknown_maternal,0.9768601912151862
chr19_17393925_C_A_PRS313_Unknown_paternal,0.954451784956664
chr19_55816678_C_T_PRS313_Unknown_maternal,0.8567864660481797
chr19_55816678_C_T_PRS313_Unknown_paternal,0.8322938689217759
