SNP,IQS Score
chr7_25569548_C_T_PRS313_Unknown_combined,0.9268621351809637
"chr7_91459189_A_AT,ATT_PRS313_Unknown_combined",0.9081898509270253
chr7_98005235_G_A_PRS313_Unknown_combined,0.7633890620572399
chr7_28869017_G_A_PRS313_Unknown_combined,0.7178259645170374
chr7_55192256_A_C_PRS313_Unknown_combined,0.8048752548741094
chr7_144048902_G_T_PRS313_Unknown_combined,0.8139240019979253
chr7_101552440_G_A_PRS313_Unknown_combined,0.5389117950228245
chr7_99948655_T_G_PRS313_Unknown_combined,0.8462613795219749
chr7_139943702_CT_C_PRS313_Unknown_combined,0.4460960149378409
chr7_102481842_T_C_PRS313_Unknown_combined,0.9694381748307205
chr7_130656911_C_T_PRS313_Unknown_combined,0.610761219935532
