SNP,R2 Score
chr7_25569548_C_T_PRS313_Unknown_combined,0.8767114354772988
"chr7_91459189_A_AT,ATT_PRS313_Unknown_combined",0.8435658068981211
chr7_98005235_G_A_PRS313_Unknown_combined,0.6254393545589303
chr7_28869017_G_A_PRS313_Unknown_combined,0.5727745512742015
chr7_55192256_A_C_PRS313_Unknown_combined,0.7099623461565543
chr7_144048902_G_T_PRS313_Unknown_combined,0.6926643164990208
chr7_101552440_G_A_PRS313_Unknown_combined,0.40850977160496926
chr7_99948655_T_G_PRS313_Unknown_combined,0.7630202163768007
chr7_139943702_CT_C_PRS313_Unknown_combined,0.2988548020461069
chr7_102481842_T_C_PRS313_Unknown_combined,0.9485666751717319
chr7_130656911_C_T_PRS313_Unknown_combined,0.45092755587873223
