SNP,IQS Score
chr12_115796577_A_G_PRS313_Unknown_combined,0.9104120946110703
chr12_103097887_C_T_PRS313_Unknown_combined,0.9101212524139677
chr12_85004551_C_T_PRS313_Unknown_combined,0.9919960379589098
chr12_111600134_G_T_PRS313_Unknown_combined,0.6911634638578436
chr12_28149568_C_T_PRS313_Unknown_combined,0.9871141975308643
chr12_29140260_G_A_PRS313_Unknown_combined,0.0
chr12_293626_A_G_PRS313_Unknown_combined,0.5599531553591865
chr12_70798355_A_T_PRS313_Unknown_combined,0.7892452137800173
chr12_83064195_G_GA_PRS313_Unknown_combined,0.8031144078204057
chr12_115108136_T_C_PRS313_Unknown_combined,0.6473554766104389
chr12_28347382_C_T_PRS313_Unknown_combined,0.7276501111934769
