SNP,R2 Score
chr12_115796577_A_G_PRS313_Unknown_combined,0.8631757540553215
chr12_103097887_C_T_PRS313_Unknown_combined,0.8557228680591095
chr12_85004551_C_T_PRS313_Unknown_combined,0.9831367960468624
chr12_111600134_G_T_PRS313_Unknown_combined,0.46970446593364334
chr12_28149568_C_T_PRS313_Unknown_combined,0.9712561276726068
chr12_29140260_G_A_PRS313_Unknown_combined,0.17271645488438991
chr12_293626_A_G_PRS313_Unknown_combined,0.31047170663713364
chr12_70798355_A_T_PRS313_Unknown_combined,0.6459299897041866
chr12_83064195_G_GA_PRS313_Unknown_combined,0.7080439500118696
chr12_115108136_T_C_PRS313_Unknown_combined,0.46927907869878294
chr12_28347382_C_T_PRS313_Unknown_combined,0.5283501245867237
