SNP,IQS Score
chr2_218292158_C_G_PRS313_Unknown_combined,0.8647467651102781
chr2_217920769_G_T_PRS313_Known_combined,0.5908822987658868
chr2_172974566_C_G_PRS313_Unknown_combined,0.9966171048900052
chr2_88358825_G_C_PRS313_Unknown_combined,0.46605918909737626
chr2_202204741_T_C_PRS313_Unknown_combined,0.9520295202952029
chr2_174212910_A_G_PRS313_Unknown_combined,0.9134764837948306
chr2_121246568_T_C_PRS313_Unknown_combined,0.996167703146155
chr2_29179452_G_C_PRS313_Unknown_combined,0.9653003400075558
chr2_29615233_T_C_PRS313_Unknown_combined,0.8059275538760732
chr2_10138983_T_C_PRS313_Unknown_combined,0.9829733725296946
chr2_39699510_C_CT_PRS313_Unknown_combined,0.4993041036425728
chr2_25129473_A_G_PRS313_Known_combined,0.10045269612056619
chr2_121058254_A_G_PRS313_Unknown_combined,0.95513911096898
chr2_241388857_C_A_PRS313_Unknown_combined,0.0
chr2_121159205_G_A_PRS313_Unknown_combined,0.8046602302265132
chr2_217955896_GA_G_PRS313_Unknown_combined,0.9660331306922187
chr2_192381934_C_T_PRS313_Known_combined,0.1819177964462969
chr2_121089731_T_C_PRS313_Known_combined,0.37415705232369184
chr2_70172587_G_A_PRS313_Unknown_combined,0.3194311974334517
chr2_19315675_T_A_PRS313_Unknown_combined,1.0
chr2_218714845_G_A_PRS313_Unknown_combined,0.48034436261798563
