SNP,R2 Score
chr2_218292158_C_G_PRS313_Unknown_combined,0.8275114
chr2_217920769_G_T_PRS313_Known_combined,0.8829451
chr2_172974566_C_G_PRS313_Unknown_combined,0.9832977
chr2_88358825_G_C_PRS313_Unknown_combined,0.44748256
chr2_202204741_T_C_PRS313_Unknown_combined,0.9011422
chr2_174212910_A_G_PRS313_Unknown_combined,0.83284646
chr2_121246568_T_C_PRS313_Unknown_combined,0.98836297
chr2_29615233_T_C_PRS313_Unknown_combined,0.66449803
chr2_10138983_T_C_PRS313_Unknown_combined,0.8800986
chr2_39699510_C_CT_PRS313_Unknown_combined,0.5123542
chr2_25129473_A_G_PRS313_Known_combined,0.94448787
chr2_121058254_A_G_PRS313_Unknown_combined,0.9235026
chr2_241388857_C_A_PRS313_Unknown_combined,0.012804862
chr2_121159205_G_A_PRS313_Unknown_combined,0.7704992
chr2_217955896_GA_G_PRS313_Unknown_combined,0.933174
chr2_192381934_C_T_PRS313_Known_combined,0.3480435
chr2_121089731_T_C_PRS313_Known_combined,0.27599567
chr2_70172587_G_A_PRS313_Unknown_combined,0.21063744
chr2_19315675_T_A_PRS313_Unknown_combined,0.99096537
chr2_29179452_G_C_PRS313_Unknown_combined,0.95276964
chr2_218714845_G_A_PRS313_Unknown_combined,0.39389247
