SNP,Accuracy Score
chr2_218292158_C_G_PRS313_Unknown_combined,0.9181636726546906
chr2_217920769_G_T_PRS313_Known_combined,0.936127744510978
chr2_172974566_C_G_PRS313_Unknown_combined,0.998003992015968
chr2_88358825_G_C_PRS313_Unknown_combined,0.6946107784431138
chr2_202204741_T_C_PRS313_Unknown_combined,0.9740518962075848
chr2_174212910_A_G_PRS313_Unknown_combined,0.9680638722554891
chr2_121246568_T_C_PRS313_Unknown_combined,0.998003992015968
chr2_29615233_T_C_PRS313_Unknown_combined,0.8702594810379242
chr2_10138983_T_C_PRS313_Unknown_combined,0.9960079840319361
chr2_39699510_C_CT_PRS313_Unknown_combined,0.6407185628742516
chr2_25129473_A_G_PRS313_Known_combined,0.9760479041916168
chr2_121058254_A_G_PRS313_Unknown_combined,0.9720558882235529
chr2_241388857_C_A_PRS313_Unknown_combined,0.9840319361277445
chr2_121159205_G_A_PRS313_Unknown_combined,0.8542914171656687
chr2_217955896_GA_G_PRS313_Unknown_combined,0.9940119760479041
chr2_192381934_C_T_PRS313_Known_combined,0.7764471057884231
chr2_121089731_T_C_PRS313_Known_combined,0.782435129740519
chr2_70172587_G_A_PRS313_Unknown_combined,0.6067864271457086
chr2_19315675_T_A_PRS313_Unknown_combined,1.0
chr2_29179452_G_C_PRS313_Unknown_combined,0.9800399201596807
chr2_218714845_G_A_PRS313_Unknown_combined,0.6746506986027944
