SNP,AUC Score
chr2_218292158_C_G_PRS313_Unknown_combined,0.9360954562822977
chr2_217920769_G_T_PRS313_Known_combined,0.9533133705457052
chr2_172974566_C_G_PRS313_Unknown_combined,0.9987308979034424
chr2_88358825_G_C_PRS313_Unknown_combined,0.733784019947052
chr2_202204741_T_C_PRS313_Unknown_combined,0.970171312491099
chr2_174212910_A_G_PRS313_Unknown_combined,0.9569422602653503
chr2_121246568_T_C_PRS313_Unknown_combined,0.9981961448987325
chr2_29615233_T_C_PRS313_Unknown_combined,0.8446741302808126
chr2_10138983_T_C_PRS313_Unknown_combined,0.9921645124753317
chr2_39699510_C_CT_PRS313_Unknown_combined,0.7281355460484823
chr2_25129473_A_G_PRS313_Known_combined,0.9814222057660421
chr2_121058254_A_G_PRS313_Unknown_combined,0.9807309508323669
chr2_241388857_C_A_PRS313_Unknown_combined,0.5
chr2_121159205_G_A_PRS313_Unknown_combined,0.8778396248817444
chr2_217955896_GA_G_PRS313_Unknown_combined,0.9912746747334799
chr2_192381934_C_T_PRS313_Known_combined,0.6766335566838583
chr2_121089731_T_C_PRS313_Known_combined,0.6862926681836446
chr2_70172587_G_A_PRS313_Unknown_combined,0.6315392851829529
chr2_19315675_T_A_PRS313_Unknown_combined,1.0
chr2_29179452_G_C_PRS313_Unknown_combined,0.984584391117096
chr2_218714845_G_A_PRS313_Unknown_combined,0.7149166067441305
