SNP,AUC Score
chr2_218292158_C_G_PRS313_Unknown_combined,0.9374182025591532
chr2_217920769_G_T_PRS313_Known_combined,0.9533133705457052
chr2_172974566_C_G_PRS313_Unknown_combined,0.9987308979034424
chr2_88358825_G_C_PRS313_Unknown_combined,0.7360362807909647
chr2_202204741_T_C_PRS313_Unknown_combined,0.9713368018468221
chr2_174212910_A_G_PRS313_Unknown_combined,0.9574026664098104
chr2_121246568_T_C_PRS313_Unknown_combined,0.9981961448987325
chr2_29615233_T_C_PRS313_Unknown_combined,0.8457425038019816
chr2_10138983_T_C_PRS313_Unknown_combined,0.9921645124753317
chr2_39699510_C_CT_PRS313_Unknown_combined,0.7276814182599386
chr2_25129473_A_G_PRS313_Known_combined,0.9824974735577902
chr2_121058254_A_G_PRS313_Unknown_combined,0.9815025726954142
chr2_241388857_C_A_PRS313_Unknown_combined,0.5
chr2_121159205_G_A_PRS313_Unknown_combined,0.8787031769752502
chr2_217955896_GA_G_PRS313_Unknown_combined,0.9912746747334799
chr2_192381934_C_T_PRS313_Known_combined,0.6784208615620931
chr2_121089731_T_C_PRS313_Known_combined,0.6892313758532206
chr2_70172587_G_A_PRS313_Unknown_combined,0.6354520122210184
chr2_19315675_T_A_PRS313_Unknown_combined,1.0
chr2_29179452_G_C_PRS313_Unknown_combined,0.9852997064590454
chr2_218714845_G_A_PRS313_Unknown_combined,0.7251163323720297
