SNP,R2 Score
chr2_218292158_C_G_PRS313_Unknown_combined,0.8379129
chr2_217920769_G_T_PRS313_Known_combined,0.8920959
chr2_172974566_C_G_PRS313_Unknown_combined,0.9865049
chr2_88358825_G_C_PRS313_Unknown_combined,0.43567342
chr2_202204741_T_C_PRS313_Unknown_combined,0.9177859
chr2_174212910_A_G_PRS313_Unknown_combined,0.862219
chr2_121246568_T_C_PRS313_Unknown_combined,0.9897492
chr2_29615233_T_C_PRS313_Unknown_combined,0.6805343
chr2_10138983_T_C_PRS313_Unknown_combined,0.8929844
chr2_39699510_C_CT_PRS313_Unknown_combined,0.51615214
chr2_25129473_A_G_PRS313_Known_combined,0.95174724
chr2_121058254_A_G_PRS313_Unknown_combined,0.93372643
chr2_241388857_C_A_PRS313_Unknown_combined,-0.35981512
chr2_121159205_G_A_PRS313_Unknown_combined,0.7875626
chr2_217955896_GA_G_PRS313_Unknown_combined,0.93954414
chr2_192381934_C_T_PRS313_Known_combined,0.33682346
chr2_121089731_T_C_PRS313_Known_combined,0.2412557
chr2_70172587_G_A_PRS313_Unknown_combined,0.15066648
chr2_19315675_T_A_PRS313_Unknown_combined,0.992144
chr2_29179452_G_C_PRS313_Unknown_combined,0.96277976
chr2_218714845_G_A_PRS313_Unknown_combined,0.3676312
