SNP,R2 Score
chr2_218292158_C_G_PRS313_Unknown_combined,0.8237324
chr2_217920769_G_T_PRS313_Known_combined,0.8816743
chr2_172974566_C_G_PRS313_Unknown_combined,0.9832004
chr2_88358825_G_C_PRS313_Unknown_combined,0.39770818
chr2_202204741_T_C_PRS313_Unknown_combined,0.9010072
chr2_174212910_A_G_PRS313_Unknown_combined,0.83138365
chr2_121246568_T_C_PRS313_Unknown_combined,0.988362
chr2_29615233_T_C_PRS313_Unknown_combined,0.6512935
chr2_10138983_T_C_PRS313_Unknown_combined,0.8650273
chr2_39699510_C_CT_PRS313_Unknown_combined,0.47628045
chr2_25129473_A_G_PRS313_Known_combined,0.9439602
chr2_121058254_A_G_PRS313_Unknown_combined,0.9216602
chr2_241388857_C_A_PRS313_Unknown_combined,-0.65746725
chr2_121159205_G_A_PRS313_Unknown_combined,0.7644677
chr2_217955896_GA_G_PRS313_Unknown_combined,0.93227386
chr2_192381934_C_T_PRS313_Known_combined,0.2892838
chr2_121089731_T_C_PRS313_Known_combined,0.15690517
chr2_70172587_G_A_PRS313_Unknown_combined,0.0680415
chr2_19315675_T_A_PRS313_Unknown_combined,0.99085546
chr2_29179452_G_C_PRS313_Unknown_combined,0.9520795
chr2_218714845_G_A_PRS313_Unknown_combined,0.30497748
