SNP,R2 Score
chr2_218292158_C_G_PRS313_Unknown_combined,0.8473167340752029
chr2_217920769_G_T_PRS313_Known_combined,0.6331148143375966
chr2_172974566_C_G_PRS313_Unknown_combined,0.9846889456026211
chr2_88358825_G_C_PRS313_Unknown_combined,0.41956725307434006
chr2_202204741_T_C_PRS313_Unknown_combined,0.9208685254461489
chr2_174212910_A_G_PRS313_Unknown_combined,0.8652321999928662
chr2_121246568_T_C_PRS313_Unknown_combined,0.9900513805003097
chr2_29179452_G_C_PRS313_Unknown_combined,0.9614397589387371
chr2_29615233_T_C_PRS313_Unknown_combined,0.7061200409198259
chr2_10138983_T_C_PRS313_Unknown_combined,0.9130591313066327
chr2_39699510_C_CT_PRS313_Unknown_combined,0.5464815562699095
chr2_25129473_A_G_PRS313_Known_combined,-0.012417703308297723
chr2_121058254_A_G_PRS313_Unknown_combined,0.9253992646655179
chr2_241388857_C_A_PRS313_Unknown_combined,-0.5040206829821328
chr2_121159205_G_A_PRS313_Unknown_combined,0.7827831952202244
chr2_217955896_GA_G_PRS313_Unknown_combined,0.9389926087258796
chr2_192381934_C_T_PRS313_Known_combined,-0.08075623193763937
chr2_121089731_T_C_PRS313_Known_combined,0.12088119419212451
chr2_70172587_G_A_PRS313_Unknown_combined,0.1651057888859062
chr2_19315675_T_A_PRS313_Unknown_combined,0.9810329611607603
chr2_218714845_G_A_PRS313_Unknown_combined,0.3843423090918825
