SNP,R2 Score
chr2_218292158_C_G_PRS313_Unknown_combined,0.8549558
chr2_217920769_G_T_PRS313_Known_combined,0.62055296
chr2_172974566_C_G_PRS313_Unknown_combined,0.99184245
chr2_88358825_G_C_PRS313_Unknown_combined,0.41083658
chr2_202204741_T_C_PRS313_Unknown_combined,0.9266259
chr2_174212910_A_G_PRS313_Unknown_combined,0.869175
chr2_121246568_T_C_PRS313_Unknown_combined,0.99017125
chr2_29179452_G_C_PRS313_Unknown_combined,0.9593802
chr2_29615233_T_C_PRS313_Unknown_combined,0.71740305
chr2_10138983_T_C_PRS313_Unknown_combined,0.8700464
chr2_39699510_C_CT_PRS313_Unknown_combined,0.53475654
chr2_25129473_A_G_PRS313_Known_combined,-0.012400627
chr2_121058254_A_G_PRS313_Unknown_combined,0.93185914
chr2_241388857_C_A_PRS313_Unknown_combined,-0.48802793
chr2_121159205_G_A_PRS313_Unknown_combined,0.7823267
chr2_217955896_GA_G_PRS313_Unknown_combined,0.9295849
chr2_192381934_C_T_PRS313_Known_combined,-0.12997615
chr2_121089731_T_C_PRS313_Known_combined,0.14825344
chr2_70172587_G_A_PRS313_Unknown_combined,0.1634903
chr2_19315675_T_A_PRS313_Unknown_combined,0.9897056
chr2_218714845_G_A_PRS313_Unknown_combined,0.3699289
