SNP,IQS Score
chr2_218292158_C_G_PRS313_Unknown_combined,0.8932305377961639
chr2_217920769_G_T_PRS313_Known_combined,0.5719054293301858
chr2_172974566_C_G_PRS313_Unknown_combined,0.9966171048900052
chr2_88358825_G_C_PRS313_Unknown_combined,0.4881191646109069
chr2_202204741_T_C_PRS313_Unknown_combined,0.9519403183317469
chr2_174212910_A_G_PRS313_Unknown_combined,0.9144369805305705
chr2_121246568_T_C_PRS313_Unknown_combined,0.996167703146155
chr2_29179452_G_C_PRS313_Unknown_combined,0.9621300880607734
chr2_29615233_T_C_PRS313_Unknown_combined,0.7967371205205628
chr2_10138983_T_C_PRS313_Unknown_combined,0.9829733725296946
chr2_39699510_C_CT_PRS313_Unknown_combined,0.49171871753187224
chr2_25129473_A_G_PRS313_Known_combined,0.11097591117364107
chr2_121058254_A_G_PRS313_Unknown_combined,0.95513911096898
chr2_241388857_C_A_PRS313_Unknown_combined,0.0
chr2_121159205_G_A_PRS313_Unknown_combined,0.7914678693901894
chr2_217955896_GA_G_PRS313_Unknown_combined,0.9660331306922187
chr2_192381934_C_T_PRS313_Known_combined,0.17987101354949395
chr2_121089731_T_C_PRS313_Known_combined,0.4129983948259501
chr2_70172587_G_A_PRS313_Unknown_combined,0.29184484688459666
chr2_19315675_T_A_PRS313_Unknown_combined,1.0
chr2_218714845_G_A_PRS313_Unknown_combined,0.452046816851794
