SNP,IQS Score
chr2_218292158_C_G_PRS313_Unknown_combined,0.8715264096069049
chr2_217920769_G_T_PRS313_Known_combined,0.9030654815889714
chr2_172974566_C_G_PRS313_Unknown_combined,0.9966171048900052
chr2_88358825_G_C_PRS313_Unknown_combined,0.4916539004834571
chr2_202204741_T_C_PRS313_Unknown_combined,0.9519403183317469
chr2_174212910_A_G_PRS313_Unknown_combined,0.9238847636591527
chr2_121246568_T_C_PRS313_Unknown_combined,0.996167703146155
chr2_29615233_T_C_PRS313_Unknown_combined,0.7476950491981096
chr2_10138983_T_C_PRS313_Unknown_combined,0.9829733725296946
chr2_39699510_C_CT_PRS313_Unknown_combined,0.4447112720286697
chr2_25129473_A_G_PRS313_Known_combined,0.9633932485751864
chr2_121058254_A_G_PRS313_Unknown_combined,0.95513911096898
chr2_241388857_C_A_PRS313_Unknown_combined,0.0
chr2_121159205_G_A_PRS313_Unknown_combined,0.77013726525379
chr2_217955896_GA_G_PRS313_Unknown_combined,0.9660331306922187
chr2_192381934_C_T_PRS313_Known_combined,0.45366385605514764
chr2_121089731_T_C_PRS313_Known_combined,0.43535579130219004
chr2_70172587_G_A_PRS313_Unknown_combined,0.293386122168447
chr2_19315675_T_A_PRS313_Unknown_combined,1.0
chr2_29179452_G_C_PRS313_Unknown_combined,0.9684154783069184
chr2_218714845_G_A_PRS313_Unknown_combined,0.43575233712662975
