SNP,AUC Score
chr1_88156923_G_A_PRS313_Known_combined,0.8116064866383871
chr1_120257110_T_C_PRS313_Known_combined,0.9055556654930115
chr1_114445880_G_A_PRS313_Unknown_combined,0.9900365273157755
chr1_88428199_C_A_PRS313_Unknown_combined,0.743957002957662
chr1_202184600_C_T_PRS313_Unknown_combined,0.9369343320528666
chr1_121280613_A_G_PRS313_Known_combined,0.7926180561383566
chr1_118141492_A_C_PRS313_Unknown_combined,0.8975035150845846
chr1_168171052_CA_C_PRS313_Unknown_combined,0.7616833249727885
chr1_110198129_CAAA_C_PRS313_Unknown_combined,0.7486613988876343
chr1_220671050_C_T_PRS313_Unknown_combined,0.7341695626576742
chr1_46670206_TC_T_PRS313_Unknown_combined,0.9235300024350485
chr1_41389220_T_C_PRS313_Unknown_combined,0.5989919602870941
chr1_208076291_G_A_PRS313_Unknown_combined,0.9500686128934225
chr1_51467096_CT_C_PRS313_Unknown_combined,0.7483331362406412
chr1_100880328_A_T_PRS313_Unknown_combined,0.6736391385396322
chr1_149906413_T_C_PRS313_Known_combined,0.9149288932482401
chr1_18807339_T_C_PRS313_Known_combined,0.7470564246177673
chr1_7917076_G_A_PRS313_Unknown_combined,0.8296709458033243
chr1_217053815_T_G_PRS313_Unknown_combined,0.7592354416847229
chr1_145604302_C_CT_PRS313_Unknown_combined,0.8814995487531027
chr1_203770448_T_A_PRS313_Unknown_combined,0.8110883037249247
chr1_10566215_A_G_PRS313_Known_combined,0.8663517634073893
chr1_242034263_A_G_PRS313_Known_combined,1.0
chr1_41380440_C_T_PRS313_Known_combined,0.7713517546653748
chr1_217220574_G_A_PRS313_Known_combined,0.9278918306032816
chr1_155556971_G_A_PRS313_Unknown_combined,0.9392286340395609
chr1_201437832_C_T_PRS313_Known_combined,0.7151710391044617
chr1_204502514_T_TTCTGAAACAGGG_PRS313_Unknown_combined,0.762932558854421
chr1_172328767_T_TA_PRS313_Unknown_combined,0.7533862392107645
chr1_121287994_A_G_PRS313_Unknown_combined,0.974912166595459
