SNP,R2 Score
chr1_88156923_G_A_PRS313_Known_combined,-0.60952413
chr1_120257110_T_C_PRS313_Known_combined,-0.27291882
chr1_114445880_G_A_PRS313_Unknown_combined,0.95553935
chr1_88428199_C_A_PRS313_Unknown_combined,0.5119148
chr1_202184600_C_T_PRS313_Unknown_combined,0.8862779
chr1_121280613_A_G_PRS313_Known_combined,0.56976867
chr1_118141492_A_C_PRS313_Unknown_combined,0.8452754
chr1_168171052_CA_C_PRS313_Unknown_combined,0.48728162
chr1_110198129_CAAA_C_PRS313_Unknown_combined,0.60759306
chr1_220671050_C_T_PRS313_Unknown_combined,0.55977285
chr1_46670206_TC_T_PRS313_Unknown_combined,0.77295446
chr1_41389220_T_C_PRS313_Unknown_combined,-0.3339107
chr1_208076291_G_A_PRS313_Unknown_combined,0.93373644
chr1_51467096_CT_C_PRS313_Unknown_combined,0.47040588
chr1_100880328_A_T_PRS313_Unknown_combined,0.44113278
chr1_149906413_T_C_PRS313_Known_combined,-0.2534051
chr1_18807339_T_C_PRS313_Known_combined,-0.18627739
chr1_7917076_G_A_PRS313_Unknown_combined,0.76300484
chr1_217053815_T_G_PRS313_Unknown_combined,0.5862602
chr1_145604302_C_CT_PRS313_Unknown_combined,0.762221
chr1_203770448_T_A_PRS313_Unknown_combined,0.6668778
chr1_10566215_A_G_PRS313_Known_combined,-0.44634795
chr1_242034263_A_G_PRS313_Known_combined,-0.8036057
chr1_41380440_C_T_PRS313_Known_combined,-0.4707893
chr1_217220574_G_A_PRS313_Known_combined,-0.21268964
chr1_155556971_G_A_PRS313_Unknown_combined,0.9025668
chr1_201437832_C_T_PRS313_Known_combined,-0.41652274
chr1_204502514_T_TTCTGAAACAGGG_PRS313_Unknown_combined,0.38664287
chr1_172328767_T_TA_PRS313_Unknown_combined,0.484784
chr1_121287994_A_G_PRS313_Unknown_combined,0.8870932
