SNP,AUC Score
chr1_88156923_G_A_PRS313_Known_combined,0.805611272652944
chr1_120257110_T_C_PRS313_Known_combined,0.8944608966509501
chr1_114445880_G_A_PRS313_Unknown_combined,0.9889948566754659
chr1_88428199_C_A_PRS313_Unknown_combined,0.7307902574539185
chr1_202184600_C_T_PRS313_Unknown_combined,0.9349501927693685
chr1_121280613_A_G_PRS313_Known_combined,0.7877589662869772
chr1_118141492_A_C_PRS313_Unknown_combined,0.891184389591217
chr1_168171052_CA_C_PRS313_Unknown_combined,0.7563335498174032
chr1_110198129_CAAA_C_PRS313_Unknown_combined,0.7342609365781149
chr1_220671050_C_T_PRS313_Unknown_combined,0.7085123459498087
chr1_46670206_TC_T_PRS313_Unknown_combined,0.9231405258178711
chr1_41389220_T_C_PRS313_Unknown_combined,0.598487913608551
chr1_208076291_G_A_PRS313_Unknown_combined,0.9500686128934225
chr1_51467096_CT_C_PRS313_Unknown_combined,0.7409511605898539
chr1_100880328_A_T_PRS313_Unknown_combined,0.6510144074757894
chr1_149906413_T_C_PRS313_Known_combined,0.9134091337521871
chr1_18807339_T_C_PRS313_Known_combined,0.7226695418357849
chr1_7917076_G_A_PRS313_Unknown_combined,0.8109697898228964
chr1_217053815_T_G_PRS313_Unknown_combined,0.7412429849306742
chr1_145604302_C_CT_PRS313_Unknown_combined,0.8726350466410319
chr1_203770448_T_A_PRS313_Unknown_combined,0.7950166662534078
chr1_10566215_A_G_PRS313_Known_combined,0.8412868777910868
chr1_242034263_A_G_PRS313_Known_combined,1.0
chr1_41380440_C_T_PRS313_Known_combined,0.7548404733339945
chr1_217220574_G_A_PRS313_Known_combined,0.9235690434773763
chr1_155556971_G_A_PRS313_Unknown_combined,0.9323460658391317
chr1_201437832_C_T_PRS313_Known_combined,0.7151710391044617
chr1_204502514_T_TTCTGAAACAGGG_PRS313_Unknown_combined,0.7558641036351522
chr1_172328767_T_TA_PRS313_Unknown_combined,0.7429401675860087
chr1_121287994_A_G_PRS313_Unknown_combined,0.974912166595459
