SNP,R2 Score
chr1_88156923_G_A_PRS313_Known_combined,-0.6095254695654282
chr1_120257110_T_C_PRS313_Known_combined,-0.2729168865296405
chr1_114445880_G_A_PRS313_Unknown_combined,0.955539442400752
chr1_88428199_C_A_PRS313_Unknown_combined,0.5119144267771345
chr1_202184600_C_T_PRS313_Unknown_combined,0.8862781530752137
chr1_121280613_A_G_PRS313_Known_combined,0.5697698476626357
chr1_118141492_A_C_PRS313_Unknown_combined,0.845275419597304
chr1_168171052_CA_C_PRS313_Unknown_combined,0.4872836770428225
chr1_110198129_CAAA_C_PRS313_Unknown_combined,0.6075944714941313
chr1_220671050_C_T_PRS313_Unknown_combined,0.5597731537586859
chr1_46670206_TC_T_PRS313_Unknown_combined,0.7729536090508637
chr1_41389220_T_C_PRS313_Unknown_combined,-0.3339174453583693
chr1_208076291_G_A_PRS313_Unknown_combined,0.9337362619292361
chr1_51467096_CT_C_PRS313_Unknown_combined,0.4704065489784225
chr1_100880328_A_T_PRS313_Unknown_combined,0.4411307738397068
chr1_149906413_T_C_PRS313_Known_combined,-0.2534015450545899
chr1_18807339_T_C_PRS313_Known_combined,-0.18627573853826118
chr1_7917076_G_A_PRS313_Unknown_combined,0.7630052802785424
chr1_217053815_T_G_PRS313_Unknown_combined,0.5862607134358465
chr1_145604302_C_CT_PRS313_Unknown_combined,0.762220487860841
chr1_203770448_T_A_PRS313_Unknown_combined,0.6668782263266546
chr1_10566215_A_G_PRS313_Known_combined,-0.44634486836161713
chr1_242034263_A_G_PRS313_Known_combined,-0.803584726589277
chr1_41380440_C_T_PRS313_Known_combined,-0.470786983888952
chr1_217220574_G_A_PRS313_Known_combined,-0.2126840236685481
chr1_155556971_G_A_PRS313_Unknown_combined,0.9025670303689823
chr1_201437832_C_T_PRS313_Known_combined,-0.4165238022822282
chr1_204502514_T_TTCTGAAACAGGG_PRS313_Unknown_combined,0.3866444231375772
chr1_172328767_T_TA_PRS313_Unknown_combined,0.4847848782376023
chr1_121287994_A_G_PRS313_Unknown_combined,0.8870936112688591
