SNP,IQS Score
chr1_88156923_G_A_PRS313_Known_combined,0.5730475705927246
chr1_120257110_T_C_PRS313_Known_combined,0.8283312841392376
chr1_114445880_G_A_PRS313_Unknown_combined,0.9653399132921316
chr1_88428199_C_A_PRS313_Unknown_combined,0.5128306551297899
chr1_202184600_C_T_PRS313_Unknown_combined,0.8555898702903026
chr1_121280613_A_G_PRS313_Known_combined,0.5659075675587306
chr1_118141492_A_C_PRS313_Unknown_combined,0.7996293876898056
chr1_168171052_CA_C_PRS313_Unknown_combined,0.521423079611379
chr1_110198129_CAAA_C_PRS313_Unknown_combined,0.5119253250791107
chr1_220671050_C_T_PRS313_Unknown_combined,0.4892756435024952
chr1_46670206_TC_T_PRS313_Unknown_combined,0.8384450017914726
chr1_41389220_T_C_PRS313_Unknown_combined,0.28161743619156826
chr1_208076291_G_A_PRS313_Unknown_combined,0.9255271707969677
chr1_51467096_CT_C_PRS313_Unknown_combined,0.49140133383531437
chr1_100880328_A_T_PRS313_Unknown_combined,0.3497855330525687
chr1_149906413_T_C_PRS313_Known_combined,0.8618782738433096
chr1_18807339_T_C_PRS313_Known_combined,0.49355098373237993
chr1_7917076_G_A_PRS313_Unknown_combined,0.6933700554823775
chr1_217053815_T_G_PRS313_Unknown_combined,0.516936362874151
chr1_145604302_C_CT_PRS313_Unknown_combined,0.7453052547255556
chr1_203770448_T_A_PRS313_Unknown_combined,0.5947371752938446
chr1_10566215_A_G_PRS313_Known_combined,0.716777286907728
chr1_242034263_A_G_PRS313_Known_combined,1.0
chr1_41380440_C_T_PRS313_Known_combined,0.5282582441201156
chr1_217220574_G_A_PRS313_Known_combined,0.8246270666164038
chr1_155556971_G_A_PRS313_Unknown_combined,0.8862472808771507
chr1_201437832_C_T_PRS313_Known_combined,0.6452595057707289
chr1_204502514_T_TTCTGAAACAGGG_PRS313_Unknown_combined,0.4142345488988871
chr1_172328767_T_TA_PRS313_Unknown_combined,0.5285941837098173
chr1_121287994_A_G_PRS313_Unknown_combined,0.9187150158189341
