SNP,Accuracy Score
chr1_88156923_G_A_PRS313_Known_combined,0.8363273453093812
chr1_120257110_T_C_PRS313_Known_combined,0.874251497005988
chr1_114445880_G_A_PRS313_Unknown_combined,0.9780439121756487
chr1_88428199_C_A_PRS313_Unknown_combined,0.7085828343313373
chr1_202184600_C_T_PRS313_Unknown_combined,0.9101796407185628
chr1_121280613_A_G_PRS313_Known_combined,0.7684630738522954
chr1_118141492_A_C_PRS313_Unknown_combined,0.8642714570858283
chr1_168171052_CA_C_PRS313_Unknown_combined,0.810379241516966
chr1_110198129_CAAA_C_PRS313_Unknown_combined,0.6826347305389222
chr1_220671050_C_T_PRS313_Unknown_combined,0.6666666666666666
chr1_46670206_TC_T_PRS313_Unknown_combined,0.936127744510978
chr1_41389220_T_C_PRS313_Unknown_combined,0.9880239520958084
chr1_208076291_G_A_PRS313_Unknown_combined,0.9720558882235529
chr1_51467096_CT_C_PRS313_Unknown_combined,0.688622754491018
chr1_100880328_A_T_PRS313_Unknown_combined,0.5588822355289421
chr1_149906413_T_C_PRS313_Known_combined,0.9261477045908184
chr1_18807339_T_C_PRS313_Known_combined,0.6307385229540918
chr1_7917076_G_A_PRS313_Unknown_combined,0.7784431137724551
chr1_217053815_T_G_PRS313_Unknown_combined,0.6407185628742516
chr1_145604302_C_CT_PRS313_Unknown_combined,0.8602794411177644
chr1_203770448_T_A_PRS313_Unknown_combined,0.7385229540918163
chr1_10566215_A_G_PRS313_Known_combined,0.7964071856287425
chr1_242034263_A_G_PRS313_Known_combined,1.0
chr1_41380440_C_T_PRS313_Known_combined,0.688622754491018
chr1_217220574_G_A_PRS313_Known_combined,0.9041916167664671
chr1_155556971_G_A_PRS313_Unknown_combined,0.9201596806387226
chr1_201437832_C_T_PRS313_Known_combined,0.9800399201596807
chr1_204502514_T_TTCTGAAACAGGG_PRS313_Unknown_combined,0.8043912175648703
chr1_172328767_T_TA_PRS313_Unknown_combined,0.688622754491018
chr1_121287994_A_G_PRS313_Unknown_combined,0.9720558882235529
