SNP,R2 Score
chr1_88156923_G_A_PRS313_Known_combined,0.23362964
chr1_120257110_T_C_PRS313_Known_combined,0.74885917
chr1_114445880_G_A_PRS313_Unknown_combined,0.9052055
chr1_88428199_C_A_PRS313_Unknown_combined,0.23961568
chr1_202184600_C_T_PRS313_Unknown_combined,0.7904945
chr1_121280613_A_G_PRS313_Known_combined,0.37582242
chr1_118141492_A_C_PRS313_Unknown_combined,0.75705266
chr1_168171052_CA_C_PRS313_Unknown_combined,0.17596805
chr1_110198129_CAAA_C_PRS313_Unknown_combined,0.4378016
chr1_220671050_C_T_PRS313_Unknown_combined,0.27738106
chr1_46670206_TC_T_PRS313_Unknown_combined,0.6498722
chr1_41389220_T_C_PRS313_Unknown_combined,-2.1458397
chr1_208076291_G_A_PRS313_Unknown_combined,0.85515225
chr1_51467096_CT_C_PRS313_Unknown_combined,0.3586622
chr1_100880328_A_T_PRS313_Unknown_combined,0.18279135
chr1_149906413_T_C_PRS313_Known_combined,0.7986568
chr1_18807339_T_C_PRS313_Known_combined,0.35561252
chr1_7917076_G_A_PRS313_Unknown_combined,0.6040493
chr1_217053815_T_G_PRS313_Unknown_combined,0.49905497
chr1_145604302_C_CT_PRS313_Unknown_combined,0.6459322
chr1_203770448_T_A_PRS313_Unknown_combined,0.4978404
chr1_10566215_A_G_PRS313_Known_combined,0.6294247
chr1_242034263_A_G_PRS313_Known_combined,0.6612547
chr1_41380440_C_T_PRS313_Known_combined,0.41260016
chr1_217220574_G_A_PRS313_Known_combined,0.64369357
chr1_155556971_G_A_PRS313_Unknown_combined,0.8364397
chr1_201437832_C_T_PRS313_Known_combined,-0.24259055
chr1_204502514_T_TTCTGAAACAGGG_PRS313_Unknown_combined,-0.25862813
chr1_172328767_T_TA_PRS313_Unknown_combined,0.31966794
chr1_121287994_A_G_PRS313_Unknown_combined,0.7602159
