SNP,R2 Score
chr1_88156923_G_A_PRS313_Known_combined,0.4050492
chr1_120257110_T_C_PRS313_Known_combined,0.7980157
chr1_114445880_G_A_PRS313_Unknown_combined,0.9304832
chr1_88428199_C_A_PRS313_Unknown_combined,0.38901114
chr1_202184600_C_T_PRS313_Unknown_combined,0.8251487
chr1_121280613_A_G_PRS313_Known_combined,0.44691396
chr1_118141492_A_C_PRS313_Unknown_combined,0.7935365
chr1_168171052_CA_C_PRS313_Unknown_combined,0.3301369
chr1_110198129_CAAA_C_PRS313_Unknown_combined,0.5178107
chr1_220671050_C_T_PRS313_Unknown_combined,0.47833687
chr1_46670206_TC_T_PRS313_Unknown_combined,0.7253865
chr1_41389220_T_C_PRS313_Unknown_combined,-0.72486484
chr1_208076291_G_A_PRS313_Unknown_combined,0.8862044
chr1_51467096_CT_C_PRS313_Unknown_combined,0.42523003
chr1_100880328_A_T_PRS313_Unknown_combined,0.29210836
chr1_149906413_T_C_PRS313_Known_combined,0.84072775
chr1_18807339_T_C_PRS313_Known_combined,0.47340894
chr1_7917076_G_A_PRS313_Unknown_combined,0.668552
chr1_217053815_T_G_PRS313_Unknown_combined,0.5954267
chr1_145604302_C_CT_PRS313_Unknown_combined,0.6934111
chr1_203770448_T_A_PRS313_Unknown_combined,0.58428395
chr1_10566215_A_G_PRS313_Known_combined,0.7090951
chr1_242034263_A_G_PRS313_Known_combined,0.819029
chr1_41380440_C_T_PRS313_Known_combined,0.49609393
chr1_217220574_G_A_PRS313_Known_combined,0.7296051
chr1_155556971_G_A_PRS313_Unknown_combined,0.8825229
chr1_201437832_C_T_PRS313_Known_combined,0.25759047
chr1_204502514_T_TTCTGAAACAGGG_PRS313_Unknown_combined,0.039560795
chr1_172328767_T_TA_PRS313_Unknown_combined,0.4366837
chr1_121287994_A_G_PRS313_Unknown_combined,0.8165289
