SNP,R2 Score
chr1_88156923_G_A_PRS313_Known_combined,0.41267198
chr1_120257110_T_C_PRS313_Known_combined,0.77428836
chr1_114445880_G_A_PRS313_Unknown_combined,0.90997976
chr1_88428199_C_A_PRS313_Unknown_combined,0.39033097
chr1_202184600_C_T_PRS313_Unknown_combined,0.80530757
chr1_121280613_A_G_PRS313_Known_combined,0.4885011
chr1_118141492_A_C_PRS313_Unknown_combined,0.7707618
chr1_168171052_CA_C_PRS313_Unknown_combined,0.37472683
chr1_110198129_CAAA_C_PRS313_Unknown_combined,0.5114757
chr1_220671050_C_T_PRS313_Unknown_combined,0.43676722
chr1_46670206_TC_T_PRS313_Unknown_combined,0.6918676
chr1_41389220_T_C_PRS313_Unknown_combined,0.039617453
chr1_208076291_G_A_PRS313_Unknown_combined,0.8592701
chr1_51467096_CT_C_PRS313_Unknown_combined,0.45704225
chr1_100880328_A_T_PRS313_Unknown_combined,0.35231486
chr1_149906413_T_C_PRS313_Known_combined,0.8051966
chr1_18807339_T_C_PRS313_Known_combined,0.48401216
chr1_7917076_G_A_PRS313_Unknown_combined,0.66318196
chr1_217053815_T_G_PRS313_Unknown_combined,0.5694277
chr1_145604302_C_CT_PRS313_Unknown_combined,0.6896678
chr1_203770448_T_A_PRS313_Unknown_combined,0.5711003
chr1_10566215_A_G_PRS313_Known_combined,0.6902832
chr1_242034263_A_G_PRS313_Known_combined,0.7275279
chr1_41380440_C_T_PRS313_Known_combined,0.5035256
chr1_217220574_G_A_PRS313_Known_combined,0.67743313
chr1_155556971_G_A_PRS313_Unknown_combined,0.8487499
chr1_201437832_C_T_PRS313_Known_combined,0.22476394
chr1_204502514_T_TTCTGAAACAGGG_PRS313_Unknown_combined,0.2955525
chr1_172328767_T_TA_PRS313_Unknown_combined,0.46591106
chr1_121287994_A_G_PRS313_Unknown_combined,0.77779317
