SNP,Accuracy Score
chr1_88156923_G_A_PRS313_Known_combined,0.8662674650698603
chr1_120257110_T_C_PRS313_Known_combined,0.8982035928143712
chr1_114445880_G_A_PRS313_Unknown_combined,0.9820359281437125
chr1_88428199_C_A_PRS313_Unknown_combined,0.7644710578842315
chr1_202184600_C_T_PRS313_Unknown_combined,0.9161676646706587
chr1_121280613_A_G_PRS313_Known_combined,0.7884231536926147
chr1_118141492_A_C_PRS313_Unknown_combined,0.8802395209580839
chr1_168171052_CA_C_PRS313_Unknown_combined,0.8363273453093812
chr1_110198129_CAAA_C_PRS313_Unknown_combined,0.718562874251497
chr1_220671050_C_T_PRS313_Unknown_combined,0.7524950099800399
chr1_46670206_TC_T_PRS313_Unknown_combined,0.9461077844311377
chr1_41389220_T_C_PRS313_Unknown_combined,0.9900199600798403
chr1_208076291_G_A_PRS313_Unknown_combined,0.9720558882235529
chr1_51467096_CT_C_PRS313_Unknown_combined,0.6986027944111777
chr1_100880328_A_T_PRS313_Unknown_combined,0.6007984031936128
chr1_149906413_T_C_PRS313_Known_combined,0.9321357285429142
chr1_18807339_T_C_PRS313_Known_combined,0.6766467065868264
chr1_7917076_G_A_PRS313_Unknown_combined,0.8163672654690619
chr1_217053815_T_G_PRS313_Unknown_combined,0.6786427145708582
chr1_145604302_C_CT_PRS313_Unknown_combined,0.8682634730538922
chr1_203770448_T_A_PRS313_Unknown_combined,0.7704590818363274
chr1_10566215_A_G_PRS313_Known_combined,0.8383233532934131
chr1_242034263_A_G_PRS313_Known_combined,1.0
chr1_41380440_C_T_PRS313_Known_combined,0.7245508982035929
chr1_217220574_G_A_PRS313_Known_combined,0.9221556886227545
chr1_155556971_G_A_PRS313_Unknown_combined,0.93812375249501
chr1_201437832_C_T_PRS313_Known_combined,0.9800399201596807
chr1_204502514_T_TTCTGAAACAGGG_PRS313_Unknown_combined,0.8423153692614771
chr1_172328767_T_TA_PRS313_Unknown_combined,0.720558882235529
chr1_121287994_A_G_PRS313_Unknown_combined,0.9720558882235529
