SNP,IQS Score
chr1_88156923_G_A_PRS313_Known_combined,0.07325633789456187
chr1_120257110_T_C_PRS313_Known_combined,0.12147780868303298
chr1_114445880_G_A_PRS313_Unknown_combined,0.9690964886579179
chr1_88428199_C_A_PRS313_Unknown_combined,0.6093249241632248
chr1_202184600_C_T_PRS313_Unknown_combined,0.9446767982111062
chr1_121280613_A_G_PRS313_Known_combined,0.6998945737424724
chr1_118141492_A_C_PRS313_Unknown_combined,0.913337369517055
chr1_168171052_CA_C_PRS313_Unknown_combined,0.6825314530623531
chr1_110198129_CAAA_C_PRS313_Unknown_combined,0.6480343457280726
chr1_220671050_C_T_PRS313_Unknown_combined,0.6338778066878673
chr1_46670206_TC_T_PRS313_Unknown_combined,0.8996557551480254
chr1_41389220_T_C_PRS313_Unknown_combined,0.3311081441922567
chr1_208076291_G_A_PRS313_Unknown_combined,0.973359282774463
chr1_51467096_CT_C_PRS313_Unknown_combined,0.571594356332838
chr1_100880328_A_T_PRS313_Unknown_combined,0.5409986257443884
chr1_149906413_T_C_PRS313_Known_combined,0.2018551724137932
chr1_18807339_T_C_PRS313_Known_combined,0.0681661297745052
chr1_7917076_G_A_PRS313_Unknown_combined,0.8075807541022687
chr1_217053815_T_G_PRS313_Unknown_combined,0.5935977141611832
chr1_145604302_C_CT_PRS313_Unknown_combined,0.884464907676893
chr1_203770448_T_A_PRS313_Unknown_combined,0.7063428930290979
chr1_10566215_A_G_PRS313_Known_combined,0.07170443129813585
chr1_242034263_A_G_PRS313_Known_combined,0.0
chr1_41380440_C_T_PRS313_Known_combined,0.08259922795209343
chr1_217220574_G_A_PRS313_Known_combined,0.20054710206872986
chr1_155556971_G_A_PRS313_Unknown_combined,0.9406459638366876
chr1_201437832_C_T_PRS313_Known_combined,0.0
chr1_204502514_T_TTCTGAAACAGGG_PRS313_Unknown_combined,0.7051785013730876
chr1_172328767_T_TA_PRS313_Unknown_combined,0.6257965929803885
chr1_121287994_A_G_PRS313_Unknown_combined,0.9648371701291409
