SNP,IQS Score
chr9_98362587_T_C_PRS313_Unknown_combined,0.9917435728411338
chr9_6880263_A_G_PRS313_Unknown_combined,0.7772116838400652
chr9_110885479_C_T_PRS313_Unknown_combined,0.9053431076178962
chr9_110849525_G_T_PRS313_Unknown_combined,0.4650033977283758
chr9_21964882_CAAAA_C_PRS313_Unknown_combined,0.6448142124358813
chr9_36928288_T_C_PRS313_Unknown_combined,0.44104601485754724
chr9_129424719_A_G_PRS313_Unknown_combined,0.5732124179130229
chr9_119313486_A_G_PRS313_Unknown_combined,0.7636660190448777
