SNP,R2 Score
chr9_98362587_T_C_PRS313_Unknown_combined,0.9677251568183378
chr9_6880263_A_G_PRS313_Unknown_combined,0.6829586832042667
chr9_110885479_C_T_PRS313_Unknown_combined,0.859377425903892
chr9_110849525_G_T_PRS313_Unknown_combined,0.1920144593211054
chr9_21964882_CAAAA_C_PRS313_Unknown_combined,0.4634013186971626
chr9_36928288_T_C_PRS313_Unknown_combined,0.24010280679947482
chr9_129424719_A_G_PRS313_Unknown_combined,0.3726065865527215
chr9_119313486_A_G_PRS313_Unknown_combined,0.6400430448747682
