SNP,R2 Score
chr9_98362587_T_C_PRS313_Unknown_combined,0.773989493944982
chr9_6880263_A_G_PRS313_Unknown_combined,0.6286481979060509
chr9_110837073_A_G_PRS313_Known_combined,0.17267755231452053
chr9_110885479_C_T_PRS313_Unknown_combined,0.6899449529331323
chr9_110849525_G_T_PRS313_Unknown_combined,0.37283538493636736
chr9_110837176_C_T_PRS313_Known_combined,-0.041443005999367566
chr9_22041998_C_G_PRS313_Known_combined,0.5604620558561222
chr9_21964882_CAAAA_C_PRS313_Unknown_combined,0.4606178811046985
chr9_36928288_T_C_PRS313_Unknown_combined,0.3693167884643662
chr9_110303808_TAA_T_PRS313_Unknown_combined,0.45072935055282426
chr9_129424719_A_G_PRS313_Unknown_combined,0.13234295859224388
chr9_119313486_A_G_PRS313_Unknown_combined,0.572236817414149
chr9_136146597_C_T_PRS313_Known_combined,-0.5146983398569365
chr9_87782211_T_C_PRS313_Known_combined,-0.280711734546927
