SNP,R2 Score
chr9_98362587_T_C_PRS313_Unknown_combined,0.9782742319788561
chr9_6880263_A_G_PRS313_Unknown_combined,0.6826989501962424
chr9_110885479_C_T_PRS313_Unknown_combined,0.24395011599993388
chr9_110849525_G_T_PRS313_Unknown_combined,0.9081441031188595
chr9_21964882_CAAAA_C_PRS313_Unknown_combined,0.2409832617542479
chr9_36928288_T_C_PRS313_Unknown_combined,0.1344139812531916
chr9_110303808_TAA_T_PRS313_Unknown_combined,0.3453677534935904
chr9_129424719_A_G_PRS313_Unknown_combined,0.4560536933335987
chr9_119313486_A_G_PRS313_Unknown_combined,0.2670752096567881
