SNP,IQS Score
chr9_98362587_T_C_PRS313_Unknown_combined,0.08982035928143713
chr9_6880263_A_G_PRS313_Unknown_combined,0.09580838323353294
chr9_110837073_A_G_PRS313_Known_combined,0.21756487025948104
chr9_110885479_C_T_PRS313_Unknown_combined,0.15169660678642716
chr9_110849525_G_T_PRS313_Unknown_combined,0.1437125748502994
chr9_110837176_C_T_PRS313_Known_combined,0.1497005988023952
chr9_22041998_C_G_PRS313_Known_combined,0.06786427145708583
chr9_21964882_CAAAA_C_PRS313_Unknown_combined,0.2634730538922156
chr9_36928288_T_C_PRS313_Unknown_combined,0.2994011976047904
chr9_110303808_TAA_T_PRS313_Unknown_combined,0.23552894211576847
chr9_129424719_A_G_PRS313_Unknown_combined,0.3772455089820359
chr9_119313486_A_G_PRS313_Unknown_combined,0.18163672654690619
chr9_136146597_C_T_PRS313_Known_combined,0.39520958083832336
chr9_87782211_T_C_PRS313_Known_combined,0.5968063872255489
