SNP,IQS Score
chr9_98362587_T_C_PRS313_Unknown_combined,0.9917435728411338
chr9_6880263_A_G_PRS313_Unknown_combined,0.7608468475442197
chr9_110885479_C_T_PRS313_Unknown_combined,0.46298653446774307
chr9_110849525_G_T_PRS313_Unknown_combined,0.9530062845886875
chr9_21964882_CAAAA_C_PRS313_Unknown_combined,0.4899205864386078
chr9_36928288_T_C_PRS313_Unknown_combined,0.33248444167102376
chr9_110303808_TAA_T_PRS313_Unknown_combined,0.5669198653694064
chr9_129424719_A_G_PRS313_Unknown_combined,0.6429494828957836
chr9_119313486_A_G_PRS313_Unknown_combined,0.4638623641751729
