SNP,R2 Score
chr9_98362587_T_C_PRS313_Unknown_combined,0.7589221268746473
chr9_6880263_A_G_PRS313_Unknown_combined,0.6595941814138799
chr9_110885479_C_T_PRS313_Unknown_combined,0.8694505064981609
chr9_110837176_C_T_PRS313_Known_combined,0.3408588569624257
chr9_21964882_CAAAA_C_PRS313_Unknown_combined,0.4215322203151838
chr9_36928288_T_C_PRS313_Unknown_combined,0.45531904458286165
chr9_110303808_TAA_T_PRS313_Unknown_combined,0.41349066245471067
chr9_129424719_A_G_PRS313_Unknown_combined,0.09746227351052505
chr9_119313486_A_G_PRS313_Unknown_combined,0.6145430662413212
chr9_110849525_G_T_PRS313_Unknown_combined,0.3118610473607364
chr9_136146597_C_T_PRS313_Known_combined,0.9120933999190171
chr9_87782211_T_C_PRS313_Known_combined,0.6284132150469479
chr9_22041998_C_G_PRS313_Known_combined,0.4383681824828227
chr9_110837073_A_G_PRS313_Known_combined,0.06016169942929528
