SNP,IQS Score
chr9_98362587_T_C_PRS313_Unknown_combined,0.8181460699647606
chr9_6880263_A_G_PRS313_Unknown_combined,0.7282544378698225
chr9_110885479_C_T_PRS313_Unknown_combined,0.8897416852356194
chr9_110837176_C_T_PRS313_Known_combined,0.6404983282187513
chr9_21964882_CAAAA_C_PRS313_Unknown_combined,0.5612462197580645
chr9_36928288_T_C_PRS313_Unknown_combined,0.5881507660640425
chr9_110303808_TAA_T_PRS313_Unknown_combined,0.5908915089609329
chr9_129424719_A_G_PRS313_Unknown_combined,0.3536135470214695
chr9_119313486_A_G_PRS313_Unknown_combined,0.7192660160018159
chr9_110849525_G_T_PRS313_Unknown_combined,0.5666754253432308
chr9_136146597_C_T_PRS313_Known_combined,0.9433302299680671
chr9_87782211_T_C_PRS313_Known_combined,0.6977027724730809
chr9_22041998_C_G_PRS313_Known_combined,0.62777400910941
chr9_110837073_A_G_PRS313_Known_combined,0.39376575063002506
