SNP,R2 Score
chr9_98362587_T_C_PRS313_Unknown_combined,0.9746739254522798
chr9_6880263_A_G_PRS313_Unknown_combined,0.7038288775185542
chr9_110885479_C_T_PRS313_Unknown_combined,0.23892106828181803
chr9_110849525_G_T_PRS313_Unknown_combined,0.9015277150179875
chr9_21964882_CAAAA_C_PRS313_Unknown_combined,0.21368624981090545
chr9_36928288_T_C_PRS313_Unknown_combined,0.14335530355708537
chr9_129424719_A_G_PRS313_Unknown_combined,0.3444315774992356
chr9_119313486_A_G_PRS313_Unknown_combined,0.45229614386885475
