SNP,R2 Score
chr9_98362587_T_C_PRS313_Unknown_combined,0.9761069175853051
chr9_6880263_A_G_PRS313_Unknown_combined,0.634354290880695
chr9_110837073_A_G_PRS313_Known_combined,0.20257061947394384
chr9_110885479_C_T_PRS313_Unknown_combined,0.8720391518861986
chr9_110849525_G_T_PRS313_Unknown_combined,0.15244083583966694
chr9_110837176_C_T_PRS313_Known_combined,0.059428764989181815
chr9_22041998_C_G_PRS313_Known_combined,0.301328180194972
chr9_21964882_CAAAA_C_PRS313_Unknown_combined,0.4176673076277153
chr9_36928288_T_C_PRS313_Unknown_combined,0.21579123446170234
chr9_110303808_TAA_T_PRS313_Unknown_combined,0.5266728590658502
chr9_129424719_A_G_PRS313_Unknown_combined,0.29356660265938983
chr9_119313486_A_G_PRS313_Unknown_combined,0.6417925077171744
chr9_136146597_C_T_PRS313_Known_combined,-0.14699630976085531
chr9_87782211_T_C_PRS313_Known_combined,-0.19478683042299716
