SNP,IQS Score
chr9_98362587_T_C_PRS313_Unknown_combined,0.9917435728411338
chr9_6880263_A_G_PRS313_Unknown_combined,0.7899424447634901
chr9_110885479_C_T_PRS313_Unknown_combined,0.46884594146880193
chr9_110849525_G_T_PRS313_Unknown_combined,0.9440035766178608
chr9_21964882_CAAAA_C_PRS313_Unknown_combined,0.4899205864386078
chr9_36928288_T_C_PRS313_Unknown_combined,0.35860232490654315
chr9_129424719_A_G_PRS313_Unknown_combined,0.5484909234702322
chr9_119313486_A_G_PRS313_Unknown_combined,0.6135317391196157
