SNP,IQS Score
chr9_98362587_T_C_PRS313_Unknown_combined,0.5826915610771891
chr9_6880263_A_G_PRS313_Unknown_combined,0.6422779154808899
chr9_110837073_A_G_PRS313_Known_combined,0.11834447467521936
chr9_110885479_C_T_PRS313_Unknown_combined,0.6912151427162659
chr9_110849525_G_T_PRS313_Unknown_combined,0.4536914765906364
chr9_110837176_C_T_PRS313_Known_combined,0.09163551319076556
chr9_22041998_C_G_PRS313_Known_combined,0.20472286317443153
chr9_21964882_CAAAA_C_PRS313_Unknown_combined,0.19452301534356228
chr9_36928288_T_C_PRS313_Unknown_combined,0.36512999781516287
chr9_110303808_TAA_T_PRS313_Unknown_combined,0.20829281400348035
chr9_129424719_A_G_PRS313_Unknown_combined,0.1561090055946579
chr9_119313486_A_G_PRS313_Unknown_combined,0.4313470205307963
chr9_136146597_C_T_PRS313_Known_combined,-0.0021382259622016635
chr9_87782211_T_C_PRS313_Known_combined,-0.028217881352532944
