SNP,IQS Score
chr9_98362587_T_C_PRS313_Unknown_combined,0.9876060658535981
chr9_6880263_A_G_PRS313_Unknown_combined,0.7626777964127055
chr9_110837073_A_G_PRS313_Known_combined,0.4277052853565307
chr9_110885479_C_T_PRS313_Unknown_combined,0.924274486094317
chr9_110849525_G_T_PRS313_Unknown_combined,0.4423005565862713
chr9_110837176_C_T_PRS313_Known_combined,0.3493835697299852
chr9_22041998_C_G_PRS313_Known_combined,0.5359127832407015
chr9_21964882_CAAAA_C_PRS313_Unknown_combined,0.6082942409422099
chr9_36928288_T_C_PRS313_Unknown_combined,0.44564689372267496
chr9_110303808_TAA_T_PRS313_Unknown_combined,0.6755128807137422
chr9_129424719_A_G_PRS313_Unknown_combined,0.49078759569222785
chr9_119313486_A_G_PRS313_Unknown_combined,0.7757851834092544
chr9_136146597_C_T_PRS313_Known_combined,0.08048266166822866
chr9_87782211_T_C_PRS313_Known_combined,0.06309338857241509
