SNP,R2 Score
chr9_98362587_T_C_PRS313_Unknown_combined,0.40735022856684155
chr9_6880263_A_G_PRS313_Unknown_combined,0.45844528861299083
chr9_110837073_A_G_PRS313_Known_combined,-1.0782339885859247
chr9_110885479_C_T_PRS313_Unknown_combined,0.6328295495260776
chr9_110849525_G_T_PRS313_Unknown_combined,-0.027853119132064563
chr9_110837176_C_T_PRS313_Known_combined,-3.363514366908742
chr9_22041998_C_G_PRS313_Known_combined,-1.441877467465988
chr9_21964882_CAAAA_C_PRS313_Unknown_combined,0.058035574972697956
chr9_36928288_T_C_PRS313_Unknown_combined,0.26283780469860984
chr9_110303808_TAA_T_PRS313_Unknown_combined,-0.1776735111028429
chr9_129424719_A_G_PRS313_Unknown_combined,-0.081301237533284
chr9_119313486_A_G_PRS313_Unknown_combined,0.20088196659786084
chr9_136146597_C_T_PRS313_Known_combined,-1.5357673100283535
chr9_87782211_T_C_PRS313_Known_combined,-0.37811797914627054
