SNP,IQS Score
chr6_152432902_C_T_PRS313_Unknown_combined,0.8209935491415096
chr6_152055978_A_T_PRS313_Unknown_combined,0.874910271215006
chr6_16399557_C_T_PRS313_Unknown_combined,0.136139451355994
chr6_152023191_G_A_PRS313_Unknown_combined,0.97707268705667
chr6_82263549_AAT_A_PRS313_Unknown_combined,0.45714175148020586
chr6_152022664_CAAAAAAA_C_PRS313_Unknown_combined,0.2908796966608017
chr6_18783140_G_A_PRS313_Unknown_combined,0.7558812637651784
chr6_87803819_T_C_PRS313_Unknown_combined,0.7505709858295941
chr6_20537845_CA_C_PRS313_Unknown_combined,0.4554036272097945
chr6_85912194_CAA_C_PRS313_Unknown_combined,0.8439090248208538
chr6_151949806_A_C_PRS313_Unknown_combined,0.9902716557603062
chr6_169006947_C_G_PRS313_Unknown_combined,0.3489937706502293
chr6_13713366_G_C_PRS313_Unknown_combined,0.8526348097987685
chr6_21923810_T_C_PRS313_Known_combined,0.9671341791416839
chr6_43227141_G_A_PRS313_Unknown_combined,0.9154858299595138
chr6_151955914_A_G_PRS313_Known_combined,0.9799916931580376
chr6_170332621_T_C_PRS313_Unknown_combined,0.8908619015609828
chr6_149595505_T_C_PRS313_Unknown_combined,0.9347396328194439
chr6_27425644_G_C_PRS313_Unknown_combined,0.8142380422691881
chr6_130341728_C_CT_PRS313_Unknown_combined,0.7281446610057636
