SNP,IQS Score
chr6_152432902_C_T_PRS313_Unknown_combined,0.520158972144238
chr6_152022664_CAAAAAAA_C_PRS313_Unknown_combined,0.11006924878664259
chr6_152055978_A_T_PRS313_Unknown_combined,0.5398751243415096
chr6_152023191_G_A_PRS313_Unknown_combined,0.6164312126172224
chr6_16399557_C_T_PRS313_Unknown_combined,0.041493688579714694
chr6_151955914_A_G_PRS313_Known_combined,0.6100922828078885
chr6_82263549_AAT_A_PRS313_Unknown_combined,0.257115389630873
chr6_18783140_G_A_PRS313_Unknown_combined,0.4631041104229925
chr6_87803819_T_C_PRS313_Unknown_combined,0.4421873384803302
chr6_20537845_CA_C_PRS313_Unknown_combined,0.24565832315669212
chr6_85912194_CAA_C_PRS313_Unknown_combined,nan
chr6_151949806_A_C_PRS313_Unknown_combined,0.6238063184529415
chr6_169006947_C_G_PRS313_Unknown_combined,0.17543692001244482
chr6_13713366_G_C_PRS313_Unknown_combined,0.5535550493864578
chr6_21923810_T_C_PRS313_Known_combined,0.012715442560591872
chr6_43227141_G_A_PRS313_Unknown_combined,0.5943040627927474
chr6_170332621_T_C_PRS313_Unknown_combined,0.5489556114733547
chr6_149595505_T_C_PRS313_Unknown_combined,0.6017385467439065
chr6_27425644_G_C_PRS313_Unknown_combined,nan
chr6_130341728_C_CT_PRS313_Unknown_combined,0.4164984451255853
