SNP,AUC Score
chr6_152432902_C_T_PRS313_Unknown_combined,0.9052854975064596
chr6_152055978_A_T_PRS313_Unknown_combined,0.902810533841451
chr6_16399557_C_T_PRS313_Unknown_combined,0.565346896648407
chr6_152023191_G_A_PRS313_Unknown_combined,0.9851062695185343
chr6_82263549_AAT_A_PRS313_Unknown_combined,0.7196569641431173
chr6_152022664_CAAAAAAA_C_PRS313_Unknown_combined,0.6294636130332947
chr6_18783140_G_A_PRS313_Unknown_combined,0.8694307605425516
chr6_87803819_T_C_PRS313_Unknown_combined,0.8683613936106364
chr6_20537845_CA_C_PRS313_Unknown_combined,0.729489783445994
chr6_85912194_CAA_C_PRS313_Unknown_combined,0.8695652484893799
chr6_151949806_A_C_PRS313_Unknown_combined,0.9948339462280273
chr6_169006947_C_G_PRS313_Unknown_combined,0.6690403421719869
chr6_13713366_G_C_PRS313_Unknown_combined,0.9234227339426676
chr6_21923810_T_C_PRS313_Known_combined,0.9816491603851318
chr6_43227141_G_A_PRS313_Unknown_combined,0.9664706587791443
chr6_151955914_A_G_PRS313_Known_combined,0.9867747028668722
chr6_170332621_T_C_PRS313_Unknown_combined,0.9389356772104899
chr6_149595505_T_C_PRS313_Unknown_combined,0.9699774781862894
chr6_27425644_G_C_PRS313_Unknown_combined,0.9959349632263184
chr6_130341728_C_CT_PRS313_Unknown_combined,0.8675915201505026
