SNP,R2 Score
chr6_152432902_C_T_PRS313_Unknown_combined,0.8148132481131813
chr6_152022664_CAAAAAAA_C_PRS313_Unknown_combined,0.27497664377657105
chr6_152055978_A_T_PRS313_Unknown_combined,0.739031359060676
chr6_152023191_G_A_PRS313_Unknown_combined,0.9580814975416229
chr6_16399557_C_T_PRS313_Unknown_combined,-0.032242350428161926
chr6_151955914_A_G_PRS313_Known_combined,0.9350386109172673
chr6_82263549_AAT_A_PRS313_Unknown_combined,0.49936735170001445
chr6_18783140_G_A_PRS313_Unknown_combined,0.7438440009765341
chr6_87803819_T_C_PRS313_Unknown_combined,0.7581041214077908
chr6_20537845_CA_C_PRS313_Unknown_combined,0.4434712594593112
chr6_85912194_CAA_C_PRS313_Unknown_combined,0.6428507505177158
chr6_151949806_A_C_PRS313_Unknown_combined,0.9714311452322114
chr6_169006947_C_G_PRS313_Unknown_combined,0.29970954115965165
chr6_13713366_G_C_PRS313_Unknown_combined,0.8436054640196725
chr6_21923810_T_C_PRS313_Known_combined,-0.16872238576048093
chr6_43227141_G_A_PRS313_Unknown_combined,0.7968149566169382
chr6_170332621_T_C_PRS313_Unknown_combined,0.8770846977403306
chr6_149595505_T_C_PRS313_Unknown_combined,0.906401519800177
chr6_27425644_G_C_PRS313_Unknown_combined,0.11269900861156557
chr6_130341728_C_CT_PRS313_Unknown_combined,0.7061296315517831
