SNP,IQS Score
chr6_152432902_C_T_PRS313_Unknown_combined,0.8465163573789084
chr6_152022664_CAAAAAAA_C_PRS313_Unknown_combined,0.29964722561076135
chr6_152055978_A_T_PRS313_Unknown_combined,0.9081716816862686
chr6_152023191_G_A_PRS313_Unknown_combined,0.9809115224299135
chr6_16399557_C_T_PRS313_Unknown_combined,0.1539929918237944
chr6_151955914_A_G_PRS313_Known_combined,0.9919905997458095
chr6_82263549_AAT_A_PRS313_Unknown_combined,0.5464597478176529
chr6_18783140_G_A_PRS313_Unknown_combined,0.7939119703825587
chr6_87803819_T_C_PRS313_Unknown_combined,0.7689992709962429
chr6_20537845_CA_C_PRS313_Unknown_combined,0.5072708113804004
chr6_85912194_CAA_C_PRS313_Unknown_combined,0.8439090248208538
chr6_151949806_A_C_PRS313_Unknown_combined,0.9773199076499235
chr6_169006947_C_G_PRS313_Unknown_combined,0.3963216016524986
chr6_13713366_G_C_PRS313_Unknown_combined,0.8752529863562944
chr6_21923810_T_C_PRS313_Known_combined,0.06544110508578013
chr6_43227141_G_A_PRS313_Unknown_combined,0.8816801619433196
chr6_170332621_T_C_PRS313_Unknown_combined,0.8939761735818053
chr6_149595505_T_C_PRS313_Unknown_combined,0.9503105116193905
chr6_27425644_G_C_PRS313_Unknown_combined,0.8541484716157193
chr6_130341728_C_CT_PRS313_Unknown_combined,0.7704099168251496
