SNP,Accuracy Score
chr6_152432902_C_T_PRS313_Unknown_combined,0.8842315369261478
chr6_152055978_A_T_PRS313_Unknown_combined,0.9640718562874252
chr6_16399557_C_T_PRS313_Unknown_combined,0.46506986027944114
chr6_152023191_G_A_PRS313_Unknown_combined,0.9880239520958084
chr6_82263549_AAT_A_PRS313_Unknown_combined,0.654690618762475
chr6_152022664_CAAAAAAA_C_PRS313_Unknown_combined,0.5449101796407185
chr6_18783140_G_A_PRS313_Unknown_combined,0.8383233532934131
chr6_87803819_T_C_PRS313_Unknown_combined,0.8303393213572854
chr6_20537845_CA_C_PRS313_Unknown_combined,0.6506986027944112
chr6_85912194_CAA_C_PRS313_Unknown_combined,0.9880239520958084
chr6_151949806_A_C_PRS313_Unknown_combined,0.9940119760479041
chr6_169006947_C_G_PRS313_Unknown_combined,0.590818363273453
chr6_13713366_G_C_PRS313_Unknown_combined,0.9001996007984032
chr6_21923810_T_C_PRS313_Known_combined,0.9800399201596807
chr6_43227141_G_A_PRS313_Unknown_combined,0.9880239520958084
chr6_151955914_A_G_PRS313_Known_combined,0.9900199600798403
chr6_170332621_T_C_PRS313_Unknown_combined,0.9281437125748503
chr6_149595505_T_C_PRS313_Unknown_combined,0.9660678642714571
chr6_27425644_G_C_PRS313_Unknown_combined,0.9920159680638723
chr6_130341728_C_CT_PRS313_Unknown_combined,0.8502994011976048
