SNP,R2 Score
chr6_152432902_C_T_PRS313_Unknown_combined,0.8062883795671805
chr6_152022664_CAAAAAAA_C_PRS313_Unknown_combined,0.23292700382012832
chr6_152055978_A_T_PRS313_Unknown_combined,0.6804355149629819
chr6_152023191_G_A_PRS313_Unknown_combined,0.9596286801050189
chr6_16399557_C_T_PRS313_Unknown_combined,-0.2701009577763098
chr6_151955914_A_G_PRS313_Known_combined,0.9036880617631169
chr6_82263549_AAT_A_PRS313_Unknown_combined,0.46272830830641
chr6_18783140_G_A_PRS313_Unknown_combined,0.7334611452604303
chr6_87803819_T_C_PRS313_Unknown_combined,0.7595979433688251
chr6_20537845_CA_C_PRS313_Unknown_combined,0.4319267558705293
chr6_85912194_CAA_C_PRS313_Unknown_combined,0.6421921317724859
chr6_151949806_A_C_PRS313_Unknown_combined,0.9811298709411491
chr6_169006947_C_G_PRS313_Unknown_combined,0.1808032823938308
chr6_13713366_G_C_PRS313_Unknown_combined,0.8230652706300879
chr6_21923810_T_C_PRS313_Known_combined,-0.24622701639952882
chr6_43227141_G_A_PRS313_Unknown_combined,0.7863498607532674
chr6_170332621_T_C_PRS313_Unknown_combined,0.8492361584265825
chr6_149595505_T_C_PRS313_Unknown_combined,0.9033849976694264
chr6_27425644_G_C_PRS313_Unknown_combined,0.10387435408370316
chr6_130341728_C_CT_PRS313_Unknown_combined,0.5861156829080929
