SNP,AUC Score
chr6_152432902_C_T_PRS313_Unknown_combined,0.909343401590983
chr6_152055978_A_T_PRS313_Unknown_combined,0.9036004145940145
chr6_16399557_C_T_PRS313_Unknown_combined,0.5673417846361796
chr6_152023191_G_A_PRS313_Unknown_combined,0.9851062695185343
chr6_82263549_AAT_A_PRS313_Unknown_combined,0.7232772707939148
chr6_152022664_CAAAAAAA_C_PRS313_Unknown_combined,0.6394414901733398
chr6_18783140_G_A_PRS313_Unknown_combined,0.8742851416269938
chr6_87803819_T_C_PRS313_Unknown_combined,0.8732807040214539
chr6_20537845_CA_C_PRS313_Unknown_combined,0.7342825333277384
chr6_85912194_CAA_C_PRS313_Unknown_combined,0.8695652484893799
chr6_151949806_A_C_PRS313_Unknown_combined,0.9948339462280273
chr6_169006947_C_G_PRS313_Unknown_combined,0.6753308773040771
chr6_13713366_G_C_PRS313_Unknown_combined,0.9288981954256693
chr6_21923810_T_C_PRS313_Known_combined,0.9816491603851318
chr6_43227141_G_A_PRS313_Unknown_combined,0.9668260216712952
chr6_151955914_A_G_PRS313_Known_combined,0.9867747028668722
chr6_170332621_T_C_PRS313_Unknown_combined,0.940464715162913
chr6_149595505_T_C_PRS313_Unknown_combined,0.9699774781862894
chr6_27425644_G_C_PRS313_Unknown_combined,0.9959349632263184
chr6_130341728_C_CT_PRS313_Unknown_combined,0.868172268072764
