SNP,IQS Score
chr11_111696440_T_C_PRS313_Unknown_combined,0.9563474775638233
chr11_122966626_A_G_PRS313_Unknown_combined,0.9714578704494958
chr11_69331418_C_T_PRS313_Known_combined,0.21137136380808502
chr11_1895708_C_A_PRS313_Unknown_combined,0.9250943246880029
chr11_803017_A_G_PRS313_Known_combined,0.9520727040816327
chr11_433617_T_C_PRS313_Unknown_combined,0.5414607358594153
chr11_46318032_C_G_PRS313_Unknown_combined,0.6486676016830298
chr11_42844441_C_T_PRS313_Unknown_combined,0.7998305951543822
chr11_69330983_G_A_PRS313_Known_combined,0.29572058068178725
chr11_65553492_C_A_PRS313_Unknown_combined,0.9178616019068517
chr11_65572431_G_A_PRS313_Unknown_combined,0.9960048802660222
chr11_108267402_C_CA_PRS313_Unknown_combined,0.9544902762294066
chr11_116727936_A_T_PRS313_Unknown_combined,0.9959823898765847
chr11_129243417_T_G_PRS313_Unknown_combined,0.13695090439276658
chr11_129461016_A_G_PRS313_Unknown_combined,1.0
chr11_103614438_T_G_PRS313_Unknown_combined,0.8296768052218847
chr11_18664241_T_G_PRS313_Unknown_combined,0.9485811053522862
chr11_69328130_A_T_PRS313_Unknown_combined,0.49200818538797625
chr11_44368892_G_A_PRS313_Unknown_combined,0.9435756347137756
