SNP,R2 Score
chr11_111696440_T_C_PRS313_Unknown_combined,0.8074718419873056
chr11_122966626_A_G_PRS313_Unknown_combined,0.9287319103443463
chr11_1895708_C_A_PRS313_Unknown_combined,0.619910472549082
chr11_433617_T_C_PRS313_Unknown_combined,0.8547946647385095
chr11_46318032_C_G_PRS313_Unknown_combined,0.8904145601113846
chr11_42844441_C_T_PRS313_Unknown_combined,0.3599442111056078
chr11_69328130_A_T_PRS313_Unknown_combined,0.5152616844324318
chr11_69330983_G_A_PRS313_Unknown_combined,0.7224849016125473
chr11_65553492_C_A_PRS313_Unknown_combined,0.39716424604369904
chr11_65572431_G_A_PRS313_Unknown_combined,0.18294372445479512
chr11_108267402_C_CA_PRS313_Unknown_combined,0.8077423302485527
chr11_116727936_A_T_PRS313_Unknown_combined,0.9715095632858219
chr11_129243417_T_G_PRS313_Unknown_combined,0.9849338121289438
chr11_129461016_A_G_PRS313_Unknown_combined,0.9854117438172229
chr11_103614438_T_G_PRS313_Unknown_combined,0.24259047444094972
chr11_18664241_T_G_PRS313_Unknown_combined,0.9914986697889845
chr11_44368892_G_A_PRS313_Unknown_combined,0.6950895909129553
