SNP,IQS Score
chr11_111696440_T_C_PRS313_Unknown_combined,0.8593618414896605
chr11_122966626_A_G_PRS313_Unknown_combined,0.9618023787740165
chr11_1895708_C_A_PRS313_Unknown_combined,0.7534206122649866
chr11_433617_T_C_PRS313_Unknown_combined,0.912003372325851
chr11_46318032_C_G_PRS313_Unknown_combined,0.9281594544643427
chr11_42844441_C_T_PRS313_Unknown_combined,0.3961430293290478
chr11_69328130_A_T_PRS313_Unknown_combined,0.5812437311935811
chr11_69330983_G_A_PRS313_Unknown_combined,0.836011783584413
chr11_65553492_C_A_PRS313_Unknown_combined,0.5950330295175181
chr11_65572431_G_A_PRS313_Unknown_combined,0.43483285183656617
chr11_108267402_C_CA_PRS313_Unknown_combined,0.8831441455450165
chr11_116727936_A_T_PRS313_Unknown_combined,0.9840244894054623
chr11_129243417_T_G_PRS313_Unknown_combined,0.9958491785350333
chr11_129461016_A_G_PRS313_Unknown_combined,0.9959823898765847
chr11_103614438_T_G_PRS313_Unknown_combined,0.15071659731853781
chr11_18664241_T_G_PRS313_Unknown_combined,0.991544731912308
chr11_44368892_G_A_PRS313_Unknown_combined,0.7842572866143873
