SNP,R2 Score
chr11_111696440_T_C_PRS313_Unknown_combined,0.5995768688293381
chr11_122966626_A_G_PRS313_Unknown_combined,0.8099393019726862
chr11_69331418_C_T_PRS313_Known_combined,-0.07741935483871942
chr11_1895708_C_A_PRS313_Unknown_combined,0.7515895700869147
chr11_803017_A_G_PRS313_Known_combined,0.6331339510074445
chr11_433617_T_C_PRS313_Unknown_combined,0.6026332487309647
chr11_46318032_C_G_PRS313_Unknown_combined,-0.06848341232227573
chr11_42844441_C_T_PRS313_Unknown_combined,0.5715985824855844
chr11_69330983_G_A_PRS313_Known_combined,-0.07479977116705339
chr11_65553492_C_A_PRS313_Unknown_combined,0.6648768846946502
chr11_65572431_G_A_PRS313_Unknown_combined,0.6647472861556754
chr11_108267402_C_CA_PRS313_Unknown_combined,0.6064386915967214
chr11_116727936_A_T_PRS313_Unknown_combined,0.685023576079634
chr11_129243417_T_G_PRS313_Unknown_combined,0.4455469687875133
chr11_129461016_A_G_PRS313_Unknown_combined,0.6673361314227613
chr11_103614438_T_G_PRS313_Unknown_combined,0.8209360020183334
chr11_18664241_T_G_PRS313_Unknown_combined,0.8228429985855731
chr11_69328130_A_T_PRS313_Unknown_combined,0.18840415913200204
chr11_44368892_G_A_PRS313_Unknown_combined,0.675798101811906
