SNP,R2 Score
chr11_111696440_T_C_PRS313_Unknown_combined,0.5100705218617785
chr11_122966626_A_G_PRS313_Unknown_combined,0.598760748609004
chr11_69331418_C_T_PRS313_Known_combined,-2.9804659498208244
chr11_1895708_C_A_PRS313_Unknown_combined,0.4666481945983758
chr11_803017_A_G_PRS313_Known_combined,0.26240615413075674
chr11_433617_T_C_PRS313_Unknown_combined,0.5099143401015231
chr11_46318032_C_G_PRS313_Unknown_combined,-0.5730450236966838
chr11_42844441_C_T_PRS313_Unknown_combined,0.15644669334790318
chr11_69330983_G_A_PRS313_Known_combined,-2.116919336384455
chr11_65553492_C_A_PRS313_Unknown_combined,0.14860613949451673
chr11_65572431_G_A_PRS313_Unknown_combined,0.5033293128232228
chr11_108267402_C_CA_PRS313_Unknown_combined,0.5674371204936938
chr11_116727936_A_T_PRS313_Unknown_combined,0.7150213307387165
chr11_129243417_T_G_PRS313_Unknown_combined,0.10723664465786042
chr11_129461016_A_G_PRS313_Unknown_combined,0.8644702757648287
chr11_103614438_T_G_PRS313_Unknown_combined,0.5997392986292158
chr11_18664241_T_G_PRS313_Unknown_combined,0.4718096809680976
chr11_69328130_A_T_PRS313_Unknown_combined,-0.5791515973478099
chr11_44368892_G_A_PRS313_Unknown_combined,0.17286951616114488
