SNP,IQS Score
chr11_111696440_T_C_PRS313_Unknown_combined,0.16966067864271456
chr11_122966626_A_G_PRS313_Unknown_combined,0.10778443113772455
chr11_69331418_C_T_PRS313_Known_combined,0.0718562874251497
chr11_1895708_C_A_PRS313_Unknown_combined,0.13572854291417166
chr11_803017_A_G_PRS313_Known_combined,0.18962075848303392
chr11_433617_T_C_PRS313_Unknown_combined,0.059880239520958084
chr11_46318032_C_G_PRS313_Unknown_combined,0.06786427145708583
chr11_42844441_C_T_PRS313_Unknown_combined,0.18562874251497005
chr11_69330983_G_A_PRS313_Known_combined,0.17165668662674652
chr11_65553492_C_A_PRS313_Unknown_combined,0.06986027944111776
chr11_65572431_G_A_PRS313_Unknown_combined,0.16167664670658682
chr11_108267402_C_CA_PRS313_Unknown_combined,0.2215568862275449
chr11_116727936_A_T_PRS313_Unknown_combined,0.16766467065868262
chr11_129243417_T_G_PRS313_Unknown_combined,0.11776447105788423
chr11_129461016_A_G_PRS313_Unknown_combined,0.16167664670658682
chr11_103614438_T_G_PRS313_Unknown_combined,0.10179640718562874
chr11_18664241_T_G_PRS313_Unknown_combined,0.10778443113772455
chr11_69328130_A_T_PRS313_Unknown_combined,0.2375249500998004
chr11_44368892_G_A_PRS313_Unknown_combined,0.15568862275449102
