SNP,IQS Score
chr11_111696440_T_C_PRS313_Unknown_combined,0.9333747063256351
chr11_122966626_A_G_PRS313_Unknown_combined,0.9714578704494958
chr11_1895708_C_A_PRS313_Unknown_combined,0.22692202959063276
chr11_433617_T_C_PRS313_Unknown_combined,0.912003372325851
chr11_46318032_C_G_PRS313_Unknown_combined,0.9520811082240042
chr11_42844441_C_T_PRS313_Unknown_combined,0.3961430293290478
chr11_65553492_C_A_PRS313_Unknown_combined,0.5959351560609732
chr11_65572431_G_A_PRS313_Unknown_combined,0.791976747899965
chr11_108267402_C_CA_PRS313_Unknown_combined,0.3069590346924521
chr11_116727936_A_T_PRS313_Unknown_combined,0.9178616019068517
chr11_129243417_T_G_PRS313_Unknown_combined,0.9920105887606048
chr11_129461016_A_G_PRS313_Unknown_combined,0.9585936725180998
chr11_103614438_T_G_PRS313_Unknown_combined,0.9959823898765847
chr11_18664241_T_G_PRS313_Unknown_combined,0.13695090439276658
chr11_69328130_A_T_PRS313_Unknown_combined,1.0
chr11_44368892_G_A_PRS313_Unknown_combined,0.8109152875784852
