SNP,R2 Score
chr11_111696440_T_C_PRS313_Unknown_combined,0.4818053596614965
chr11_122966626_A_G_PRS313_Unknown_combined,0.6480357443938631
chr11_69331418_C_T_PRS313_Known_combined,0.1919354838709605
chr11_1895708_C_A_PRS313_Unknown_combined,0.6712214898209166
chr11_803017_A_G_PRS313_Known_combined,0.6640279340805018
chr11_433617_T_C_PRS313_Unknown_combined,0.43044098984771595
chr11_46318032_C_G_PRS313_Unknown_combined,0.3767180094786724
chr11_42844441_C_T_PRS313_Unknown_combined,0.4302702798004163
chr11_69330983_G_A_PRS313_Known_combined,-0.146453089244857
chr11_65572431_G_A_PRS313_Unknown_combined,0.8054706475224289
chr11_108267402_C_CA_PRS313_Unknown_combined,0.8617217024529021
chr11_116727936_A_T_PRS313_Unknown_combined,0.842511788039817
chr11_129243417_T_G_PRS313_Unknown_combined,0.2857893157262883
chr11_129461016_A_G_PRS313_Unknown_combined,0.84393546906253
chr11_103614438_T_G_PRS313_Unknown_combined,0.7085821209317975
chr11_18664241_T_G_PRS313_Unknown_combined,0.7342644978783597
chr11_69328130_A_T_PRS313_Unknown_combined,0.15694695599758357
chr11_65553492_C_A_PRS313_Unknown_combined,0.6920490291788678
chr11_44368892_G_A_PRS313_Unknown_combined,0.6300773212982005
