SNP,R2 Score
chr11_111696440_T_C_PRS313_Unknown_combined,0.8877637142064677
chr11_122966626_A_G_PRS313_Unknown_combined,0.9488909932956866
chr11_1895708_C_A_PRS313_Unknown_combined,-0.20035566651565007
chr11_433617_T_C_PRS313_Unknown_combined,0.8674391065431502
chr11_46318032_C_G_PRS313_Unknown_combined,0.9149339634736421
chr11_42844441_C_T_PRS313_Unknown_combined,0.46239114005784054
chr11_65553492_C_A_PRS313_Unknown_combined,0.56977120189649
chr11_65572431_G_A_PRS313_Unknown_combined,0.6753953869757402
chr11_108267402_C_CA_PRS313_Unknown_combined,-0.086898228556064
chr11_116727936_A_T_PRS313_Unknown_combined,0.8534352313166487
chr11_129243417_T_G_PRS313_Unknown_combined,0.9934581535909187
chr11_129461016_A_G_PRS313_Unknown_combined,0.9249909386005455
chr11_103614438_T_G_PRS313_Unknown_combined,0.9900414997089343
chr11_18664241_T_G_PRS313_Unknown_combined,0.2905248001413294
chr11_69328130_A_T_PRS313_Unknown_combined,0.9940167452416919
chr11_44368892_G_A_PRS313_Unknown_combined,0.716784609441411
