SNP,IQS Score
chr11_111696440_T_C_PRS313_Unknown_combined,0.6438356164383562
chr11_122966626_A_G_PRS313_Unknown_combined,0.6990431955411054
chr11_69331418_C_T_PRS313_Known_combined,0.5296756023782203
chr11_1895708_C_A_PRS313_Unknown_combined,0.7208879094758215
chr11_803017_A_G_PRS313_Known_combined,0.7086819943857773
chr11_433617_T_C_PRS313_Unknown_combined,0.6032815866526707
chr11_46318032_C_G_PRS313_Unknown_combined,0.5261024278185669
chr11_42844441_C_T_PRS313_Unknown_combined,0.5855108034692442
chr11_69330983_G_A_PRS313_Known_combined,0.39483008535996145
chr11_65572431_G_A_PRS313_Unknown_combined,0.8422892736345065
chr11_108267402_C_CA_PRS313_Unknown_combined,0.8780367531397469
chr11_116727936_A_T_PRS313_Unknown_combined,0.8646990740740741
chr11_129243417_T_G_PRS313_Unknown_combined,0.5139360507823868
chr11_129461016_A_G_PRS313_Unknown_combined,0.8744468552359974
chr11_103614438_T_G_PRS313_Unknown_combined,0.7421928764065842
chr11_18664241_T_G_PRS313_Unknown_combined,0.7541662880508859
chr11_69328130_A_T_PRS313_Unknown_combined,0.46557196443092097
chr11_65553492_C_A_PRS313_Unknown_combined,0.8031409232641267
chr11_44368892_G_A_PRS313_Unknown_combined,0.713568358406348
