SNP,R2 Score
chr11_111696440_T_C_PRS313_Unknown_combined,0.9220939781948604
chr11_122966626_A_G_PRS313_Unknown_combined,0.9549858583248398
chr11_69331418_C_T_PRS313_Known_combined,-0.23467588372802495
chr11_1895708_C_A_PRS313_Unknown_combined,0.8726699832425816
chr11_803017_A_G_PRS313_Known_combined,0.9259568712919657
chr11_433617_T_C_PRS313_Unknown_combined,0.5322774808644506
chr11_46318032_C_G_PRS313_Unknown_combined,0.5813172472203707
chr11_42844441_C_T_PRS313_Unknown_combined,0.6643116530772585
chr11_69330983_G_A_PRS313_Known_combined,-0.12408273654732205
chr11_65553492_C_A_PRS313_Unknown_combined,0.8584632803621137
chr11_65572431_G_A_PRS313_Unknown_combined,0.99334260320012
chr11_108267402_C_CA_PRS313_Unknown_combined,0.9267783430707732
chr11_116727936_A_T_PRS313_Unknown_combined,0.9908569636856579
chr11_129243417_T_G_PRS313_Unknown_combined,0.3000862096988698
chr11_129461016_A_G_PRS313_Unknown_combined,0.9969635184115265
chr11_103614438_T_G_PRS313_Unknown_combined,0.7256150101268032
chr11_18664241_T_G_PRS313_Unknown_combined,0.9154005607509774
chr11_69328130_A_T_PRS313_Unknown_combined,0.21297723160767268
chr11_44368892_G_A_PRS313_Unknown_combined,0.9185362159920093
