SNP,IQS Score
chr11_111696440_T_C_PRS313_Unknown_combined,0.6220239390642002
chr11_122966626_A_G_PRS313_Unknown_combined,0.6321870170015456
chr11_69331418_C_T_PRS313_Known_combined,0.22741660579498418
chr11_1895708_C_A_PRS313_Unknown_combined,0.5184975512138607
chr11_803017_A_G_PRS313_Known_combined,0.39614938031653085
chr11_433617_T_C_PRS313_Unknown_combined,0.7060838129667509
chr11_46318032_C_G_PRS313_Unknown_combined,0.4606666260435072
chr11_42844441_C_T_PRS313_Unknown_combined,0.3514321345786285
chr11_69330983_G_A_PRS313_Known_combined,0.15193386477708884
chr11_65553492_C_A_PRS313_Unknown_combined,0.5582756486014971
chr11_65572431_G_A_PRS313_Unknown_combined,0.6083566221735818
chr11_108267402_C_CA_PRS313_Unknown_combined,0.6168812445937646
chr11_116727936_A_T_PRS313_Unknown_combined,0.7547771315957262
chr11_129243417_T_G_PRS313_Unknown_combined,0.5064244158914849
chr11_129461016_A_G_PRS313_Unknown_combined,0.8898827760756628
chr11_103614438_T_G_PRS313_Unknown_combined,0.6293657283027684
chr11_18664241_T_G_PRS313_Unknown_combined,0.503187420314492
chr11_69328130_A_T_PRS313_Unknown_combined,0.19024437361151358
chr11_44368892_G_A_PRS313_Unknown_combined,0.3743552091569713
