SNP,R2 Score
chr20_52296849_G_A_PRS313_Unknown_combined,-0.02437873545140623
chr20_41613706_C_G_PRS313_Unknown_combined,0.9045205061747218
chr20_11379842_T_C_PRS313_Unknown_combined,0.6383044554455426
chr20_5948227_G_A_PRS313_Known_combined,0.23760869565218024
