SNP,IQS Score
chr20_52296849_G_A_PRS313_Unknown_combined,0.35972034280559323
chr20_41613706_C_G_PRS313_Unknown_combined,0.9427166704779328
chr20_11379842_T_C_PRS313_Unknown_combined,0.7433589462129525
chr20_5948227_G_A_PRS313_Known_combined,0.4556038497361069
