SNP,IQS Score
chr8_106358620_A_T_PRS313_Known_combined,0.037529793302856225
chr8_143669254_A_G_PRS313_Unknown_combined,0.4300890756950604
chr8_76333056_C_T_PRS313_Known_combined,0.025656711375692892
chr8_124563705_T_C_PRS313_Unknown_combined,0.2799403610573824
chr8_124571581_G_A_PRS313_Unknown_combined,0.4059509069826858
chr8_170692_T_C_PRS313_Known_combined,-0.028136819705876837
chr8_76378165_G_T_PRS313_Known_combined,0.01067775857101705
chr8_76230943_A_G_PRS313_Unknown_combined,0.7549280133264586
chr8_117209548_A_G_PRS313_Known_combined,0.20849142274248325
chr8_128213561_C_CA_PRS313_Unknown_combined,0.06841620979181849
chr8_124739913_T_G_PRS313_Unknown_combined,0.6330989853798833
chr8_29509616_A_C_PRS313_Known_combined,0.04074607921175488
chr8_128372172_A_G_PRS313_Known_combined,0.6959654580711764
chr8_23447496_A_G_PRS313_Unknown_combined,0.6513850841597937
chr8_102483100_T_C_PRS313_Unknown_combined,0.3257729928444824
chr8_120862186_A_G_PRS313_Unknown_combined,0.7658705757926064
chr8_128370949_C_G_PRS313_Unknown_combined,0.6553337277618019
chr8_36858483_A_G_PRS313_Known_combined,0.033141460548106266
chr8_17787610_CT_C_PRS313_Unknown_combined,0.31228551818805755
chr8_23663653_C_A_PRS313_Unknown_combined,0.6586425878150427
chr8_129199566_G_A_PRS313_Unknown_combined,0.7910032677466454
