SNP,IQS Score
chr8_106358620_A_T_PRS313_Known_combined,0.07878069709475778
chr8_143669254_A_G_PRS313_Unknown_combined,0.8511918021831142
chr8_76333056_C_T_PRS313_Known_combined,0.03306742151312438
chr8_124563705_T_C_PRS313_Unknown_combined,0.6742165133895772
chr8_124571581_G_A_PRS313_Unknown_combined,0.6792162888974261
chr8_170692_T_C_PRS313_Known_combined,0.034495270809647094
chr8_76378165_G_T_PRS313_Known_combined,0.24635062566705596
chr8_76230943_A_G_PRS313_Unknown_combined,0.9401648154783215
chr8_117209548_A_G_PRS313_Known_combined,0.4391133288551964
chr8_128213561_C_CA_PRS313_Unknown_combined,0.35297118895390556
chr8_124739913_T_G_PRS313_Unknown_combined,0.9879618431275179
chr8_29509616_A_C_PRS313_Known_combined,-0.016566139477999745
chr8_128372172_A_G_PRS313_Known_combined,0.9058408336291685
chr8_23447496_A_G_PRS313_Unknown_combined,0.7491236855282923
chr8_102483100_T_C_PRS313_Unknown_combined,0.3940225519905317
chr8_120862186_A_G_PRS313_Unknown_combined,0.9570963690340261
chr8_128370949_C_G_PRS313_Unknown_combined,0.94997059704639
chr8_36858483_A_G_PRS313_Known_combined,0.1372674075609485
chr8_17787610_CT_C_PRS313_Unknown_combined,0.603764631445745
chr8_23663653_C_A_PRS313_Unknown_combined,0.8699830867942764
chr8_129199566_G_A_PRS313_Unknown_combined,0.9723671582848884
