SNP,IQS Score
chr8_106358620_A_T_PRS313_Known_combined,0.17365269461077845
chr8_143669254_A_G_PRS313_Unknown_combined,0.2055888223552894
chr8_76333056_C_T_PRS313_Known_combined,0.08582834331337326
chr8_124563705_T_C_PRS313_Unknown_combined,0.21956087824351297
chr8_124571581_G_A_PRS313_Unknown_combined,0.2834331337325349
chr8_170692_T_C_PRS313_Known_combined,0.5289421157684631
chr8_76378165_G_T_PRS313_Known_combined,0.4311377245508982
chr8_76230943_A_G_PRS313_Unknown_combined,0.06387225548902195
chr8_117209548_A_G_PRS313_Known_combined,0.46107784431137727
chr8_128213561_C_CA_PRS313_Unknown_combined,0.42714570858283435
chr8_124739913_T_G_PRS313_Unknown_combined,0.13572854291417166
chr8_29509616_A_C_PRS313_Known_combined,0.5768463073852296
chr8_128372172_A_G_PRS313_Known_combined,0.12375249500998003
chr8_23447496_A_G_PRS313_Unknown_combined,0.15169660678642716
chr8_102483100_T_C_PRS313_Unknown_combined,0.19760479041916168
chr8_120862186_A_G_PRS313_Unknown_combined,0.18163672654690619
chr8_128370949_C_G_PRS313_Unknown_combined,0.0718562874251497
chr8_36858483_A_G_PRS313_Known_combined,0.5289421157684631
chr8_17787610_CT_C_PRS313_Unknown_combined,0.3473053892215569
chr8_23663653_C_A_PRS313_Unknown_combined,0.249500998003992
chr8_129199566_G_A_PRS313_Unknown_combined,0.029940119760479042
