SNP,R2 Score
chr8_106358620_A_T_PRS313_Known_combined,-0.1758923591745558
chr8_143669254_A_G_PRS313_Unknown_combined,0.6242446320661734
chr8_76333056_C_T_PRS313_Known_combined,-0.09388646288209124
chr8_124563705_T_C_PRS313_Unknown_combined,0.34742865117576627
chr8_124571581_G_A_PRS313_Unknown_combined,0.43808192237961907
chr8_170692_T_C_PRS313_Known_combined,-0.5800409686447769
chr8_76378165_G_T_PRS313_Known_combined,-0.1406970634596192
chr8_76230943_A_G_PRS313_Unknown_combined,0.6563049350426593
chr8_117209548_A_G_PRS313_Known_combined,0.006639759529220024
chr8_128213561_C_CA_PRS313_Unknown_combined,-0.08865710560625728
chr8_124739913_T_G_PRS313_Unknown_combined,0.7101878317680712
chr8_29509616_A_C_PRS313_Known_combined,-0.6294709491956314
chr8_128372172_A_G_PRS313_Known_combined,0.7274163258858839
chr8_23447496_A_G_PRS313_Unknown_combined,0.6136569566809962
chr8_102483100_T_C_PRS313_Unknown_combined,-0.09019360611730298
chr8_120862186_A_G_PRS313_Unknown_combined,-0.19567580340265578
chr8_128370949_C_G_PRS313_Unknown_combined,0.8466507716596325
chr8_36858483_A_G_PRS313_Known_combined,-0.45153396091961273
chr8_17787610_CT_C_PRS313_Unknown_combined,0.215389434119852
chr8_23663653_C_A_PRS313_Unknown_combined,0.493062750938995
chr8_129199566_G_A_PRS313_Unknown_combined,0.8699016688594974
