SNP,R2 Score
chr8_106358620_A_T_PRS313_Known_combined,0.47608756274400976
chr8_143669254_A_G_PRS313_Unknown_combined,0.47752110744439347
chr8_76333056_C_T_PRS313_Known_combined,0.465776378592467
chr8_124571581_G_A_PRS313_Unknown_combined,0.43038441446701114
chr8_170692_T_C_PRS313_Known_combined,0.21760029205371179
chr8_76230943_A_G_PRS313_Unknown_combined,0.7207477597221608
chr8_117209548_A_G_PRS313_Known_combined,0.6677015565684935
chr8_128213561_C_CA_PRS313_Unknown_combined,-0.3063885267275088
chr8_124739913_T_G_PRS313_Unknown_combined,0.7314975500204188
chr8_29509616_A_C_PRS313_Known_combined,0.7184200342749758
chr8_128372172_A_G_PRS313_Known_combined,0.810950032469242
chr8_23447496_A_G_PRS313_Unknown_combined,0.6716084131788467
chr8_102483100_T_C_PRS313_Unknown_combined,-0.12075978198975079
chr8_120862186_A_G_PRS313_Unknown_combined,0.6685255198487687
chr8_124563705_T_C_PRS313_Unknown_combined,0.19011234386992415
chr8_76378165_G_T_PRS313_Known_combined,0.5027730749022172
chr8_128370949_C_G_PRS313_Unknown_combined,0.7780471695073629
chr8_36858483_A_G_PRS313_Known_combined,0.6758710572703778
chr8_17787610_CT_C_PRS313_Unknown_combined,0.19795364376695979
chr8_23663653_C_A_PRS313_Unknown_combined,0.602561196736172
chr8_129199566_G_A_PRS313_Unknown_combined,0.7137836714908943
