SNP,IQS Score
chr8_143669254_A_G_PRS313_Unknown_combined,0.07878069709475778
chr8_124563705_T_C_PRS313_Unknown_combined,0.839983293204265
chr8_124571581_G_A_PRS313_Unknown_combined,-0.0019045805161409884
chr8_76230943_A_G_PRS313_Unknown_combined,0.6533691084898496
chr8_128213561_C_CA_PRS313_Unknown_combined,0.6917397323488693
chr8_124739913_T_G_PRS313_Unknown_combined,0.025740129588238417
chr8_23447496_A_G_PRS313_Unknown_combined,0.24996215243317815
chr8_102483100_T_C_PRS313_Unknown_combined,0.9401648154783215
chr8_120862186_A_G_PRS313_Unknown_combined,0.41161949044891305
chr8_128370949_C_G_PRS313_Unknown_combined,0.35245496178333785
chr8_17787610_CT_C_PRS313_Unknown_combined,0.9879618431275179
chr8_23663653_C_A_PRS313_Unknown_combined,-0.024429616874731053
chr8_129199566_G_A_PRS313_Unknown_combined,0.9058408336291685
