SNP,R2 Score
chr8_106358620_A_T_PRS313_Known_combined,-2.748884551031752
chr8_143669254_A_G_PRS313_Unknown_combined,0.36658380834012094
chr8_76333056_C_T_PRS313_Known_combined,-4.418553874276405
chr8_124563705_T_C_PRS313_Unknown_combined,-0.35175493685019843
chr8_124571581_G_A_PRS313_Unknown_combined,0.26873674830224403
chr8_170692_T_C_PRS313_Known_combined,-1.047448586378923
chr8_76378165_G_T_PRS313_Known_combined,-0.7939167493723926
chr8_76230943_A_G_PRS313_Unknown_combined,0.6026025811430749
chr8_117209548_A_G_PRS313_Known_combined,-0.0888076657117447
chr8_128213561_C_CA_PRS313_Unknown_combined,-0.6187857831188694
chr8_124739913_T_G_PRS313_Unknown_combined,0.5311861984483505
chr8_29509616_A_C_PRS313_Known_combined,-0.3986676986013493
chr8_128372172_A_G_PRS313_Known_combined,0.6175035540656758
chr8_23447496_A_G_PRS313_Unknown_combined,0.5412176360586829
chr8_102483100_T_C_PRS313_Unknown_combined,-0.6709509476938103
chr8_120862186_A_G_PRS313_Unknown_combined,0.5146266540642686
chr8_128370949_C_G_PRS313_Unknown_combined,0.5843428810774249
chr8_36858483_A_G_PRS313_Known_combined,-0.6253422345572361
chr8_17787610_CT_C_PRS313_Unknown_combined,0.15000522029650631
chr8_23663653_C_A_PRS313_Unknown_combined,0.5822837067737319
chr8_129199566_G_A_PRS313_Unknown_combined,0.6097050065784921
