SNP,IQS Score
chr8_106358620_A_T_PRS313_Known_combined,0.6301673228346456
chr8_143669254_A_G_PRS313_Unknown_combined,0.5748504106738024
chr8_76333056_C_T_PRS313_Known_combined,0.7049056180405577
chr8_124571581_G_A_PRS313_Unknown_combined,0.5623442357596157
chr8_170692_T_C_PRS313_Known_combined,0.47400408127051724
chr8_76230943_A_G_PRS313_Unknown_combined,0.8020154119739181
chr8_117209548_A_G_PRS313_Known_combined,0.7280338736253209
chr8_128213561_C_CA_PRS313_Unknown_combined,0.23628048780487806
chr8_124739913_T_G_PRS313_Unknown_combined,0.7873256519102486
chr8_29509616_A_C_PRS313_Known_combined,0.7875229434340063
chr8_128372172_A_G_PRS313_Known_combined,0.8522123893805309
chr8_23447496_A_G_PRS313_Unknown_combined,0.761470510679441
chr8_102483100_T_C_PRS313_Unknown_combined,0.34534254246779933
chr8_120862186_A_G_PRS313_Unknown_combined,0.7933351012109962
chr8_124563705_T_C_PRS313_Unknown_combined,0.5291622741425385
chr8_76378165_G_T_PRS313_Known_combined,0.6267461352207117
chr8_128370949_C_G_PRS313_Unknown_combined,0.8293484953688541
chr8_36858483_A_G_PRS313_Known_combined,0.7590775406659883
chr8_17787610_CT_C_PRS313_Unknown_combined,0.4078258359790542
chr8_23663653_C_A_PRS313_Unknown_combined,0.690527588852621
chr8_129199566_G_A_PRS313_Unknown_combined,0.8145485137408862
