SNP,R2 Score
chr8_143669254_A_G_PRS313_Unknown_combined,-0.09630831641414606
chr8_124563705_T_C_PRS313_Unknown_combined,0.770037056919972
chr8_124571581_G_A_PRS313_Unknown_combined,-0.2522401208376186
chr8_76230943_A_G_PRS313_Unknown_combined,0.49325520969883785
chr8_128213561_C_CA_PRS313_Unknown_combined,0.5400948611483655
chr8_124739913_T_G_PRS313_Unknown_combined,-0.14917356435582718
chr8_23447496_A_G_PRS313_Unknown_combined,-0.006593421612652639
chr8_102483100_T_C_PRS313_Unknown_combined,0.9454331899095358
chr8_120862186_A_G_PRS313_Unknown_combined,0.22265148588469919
chr8_128370949_C_G_PRS313_Unknown_combined,0.03187719369489117
chr8_17787610_CT_C_PRS313_Unknown_combined,0.9765222379058422
chr8_23663653_C_A_PRS313_Unknown_combined,-0.40564661825805093
chr8_129199566_G_A_PRS313_Unknown_combined,0.8441465377406377
