SNP,R2 Score
chr8_106358620_A_T_PRS313_Unknown_combined,0.48858347975962213
chr8_143669254_A_G_PRS313_Unknown_combined,0.761829250789531
chr8_124563705_T_C_PRS313_Unknown_combined,-0.10019803149623652
chr8_124571581_G_A_PRS313_Unknown_combined,0.4418531638825468
chr8_76230943_A_G_PRS313_Unknown_combined,0.4894483378650838
chr8_128213561_C_CA_PRS313_Unknown_combined,-0.13245761527412303
chr8_124739913_T_G_PRS313_Unknown_combined,-0.011994018354040126
chr8_23447496_A_G_PRS313_Unknown_combined,0.8808916129664532
chr8_102483100_T_C_PRS313_Unknown_combined,0.27248153905067074
chr8_120862186_A_G_PRS313_Unknown_combined,0.05454438742174461
chr8_128370949_C_G_PRS313_Unknown_combined,0.9612169496888935
chr8_17787610_CT_C_PRS313_Unknown_combined,-0.37007431937802937
chr8_23663653_C_A_PRS313_Unknown_combined,0.850886396689544
chr8_129199566_G_A_PRS313_Unknown_combined,0.6136004277463323
