SNP,IQS Score
chr8_106358620_A_T_PRS313_Unknown_combined,0.5902803152894502
chr8_143669254_A_G_PRS313_Unknown_combined,0.8444118706599919
chr8_124563705_T_C_PRS313_Unknown_combined,-0.021470478092623087
chr8_124571581_G_A_PRS313_Unknown_combined,0.6325538556004708
chr8_76230943_A_G_PRS313_Unknown_combined,0.6475160875160876
chr8_128213561_C_CA_PRS313_Unknown_combined,0.07553915350017294
chr8_124739913_T_G_PRS313_Unknown_combined,0.20584239130434773
chr8_23447496_A_G_PRS313_Unknown_combined,0.9401648154783215
chr8_102483100_T_C_PRS313_Unknown_combined,0.4785261337432744
chr8_120862186_A_G_PRS313_Unknown_combined,0.35220484995597423
chr8_128370949_C_G_PRS313_Unknown_combined,0.9759308191208264
chr8_17787610_CT_C_PRS313_Unknown_combined,-0.01924451531313625
chr8_23663653_C_A_PRS313_Unknown_combined,0.9042776775289246
chr8_129199566_G_A_PRS313_Unknown_combined,0.7438504800318131
