SNP,R2 Score
chr8_106358620_A_T_PRS313_Known_combined,-0.08389433116400014
chr8_143669254_A_G_PRS313_Unknown_combined,0.7723085823107176
chr8_76333056_C_T_PRS313_Known_combined,-0.2397618333991378
chr8_124563705_T_C_PRS313_Unknown_combined,0.4989430715911295
chr8_124571581_G_A_PRS313_Unknown_combined,0.5436951249657218
chr8_170692_T_C_PRS313_Known_combined,-0.13979080229766794
chr8_76378165_G_T_PRS313_Known_combined,-0.0011295660671100105
chr8_76230943_A_G_PRS313_Unknown_combined,0.9133376355045705
chr8_117209548_A_G_PRS313_Known_combined,0.23280556812349162
chr8_128213561_C_CA_PRS313_Unknown_combined,0.03871693635694928
chr8_124739913_T_G_PRS313_Unknown_combined,0.9741819279321686
chr8_29509616_A_C_PRS313_Known_combined,-0.3653617963765592
chr8_128372172_A_G_PRS313_Known_combined,0.8466406177370297
chr8_23447496_A_G_PRS313_Unknown_combined,0.6454610190901433
chr8_102483100_T_C_PRS313_Unknown_combined,0.1046009889403332
chr8_120862186_A_G_PRS313_Unknown_combined,0.9262837875582607
chr8_128370949_C_G_PRS313_Unknown_combined,0.9099126671091782
chr8_36858483_A_G_PRS313_Known_combined,-0.08404383187284958
chr8_17787610_CT_C_PRS313_Unknown_combined,0.4142949088634085
chr8_23663653_C_A_PRS313_Unknown_combined,0.7729625188414581
chr8_129199566_G_A_PRS313_Unknown_combined,0.9427371396361217
