SNP,R2 Score
chr3_55970777_A_AT_PRS313_Unknown_combined,0.49188640973630393
chr3_59373745_C_T_PRS313_Unknown_combined,0.5305683402545618
chr3_141112859_CTT_C_PRS313_Unknown_combined,0.7886101802705283
chr3_99403877_G_A_PRS313_Unknown_combined,0.34360170642466015
chr3_172285237_G_A_PRS313_Known_combined,0.44346083371507017
chr3_27388664_C_G_PRS313_Unknown_combined,0.7870070451048672
chr3_4742251_A_G_PRS313_Unknown_combined,0.5850267261562907
chr3_27353716_C_A_PRS313_Known_combined,0.9712674440833492
chr3_29294845_C_T_PRS313_Unknown_combined,-0.34136546184738714
chr3_30684907_C_T_PRS313_Unknown_combined,0.8285672385980347
chr3_46888198_T_C_PRS313_Unknown_combined,0.5293698220833873
chr3_71620370_T_G_PRS313_Unknown_combined,0.7130508630791705
chr3_49709912_C_CT_PRS313_Unknown_combined,0.5922699255543389
chr3_189774456_C_T_PRS313_Unknown_combined,0.03479147778784619
"chr3_63887449_T_TTG,TTGTG_PRS313_Unknown_combined",0.8256845621237958
chr3_87037543_A_G_PRS313_Known_combined,0.19288224956062816
