SNP,IQS Score
chr3_55970777_A_AT_PRS313_Unknown_combined,0.6630800268997983
chr3_59373745_C_T_PRS313_Unknown_combined,0.6147708364846468
chr3_141112859_CTT_C_PRS313_Unknown_combined,0.7854123343368822
chr3_99403877_G_A_PRS313_Unknown_combined,0.49000734469828755
chr3_172285237_G_A_PRS313_Known_combined,0.6247777850934948
chr3_27388664_C_G_PRS313_Unknown_combined,0.8405546715162537
chr3_4742251_A_G_PRS313_Unknown_combined,0.6907967281644477
chr3_27353716_C_A_PRS313_Known_combined,0.9722504292598267
chr3_29294845_C_T_PRS313_Unknown_combined,-0.003003003002996888
chr3_30684907_C_T_PRS313_Unknown_combined,0.8647564690910493
chr3_46888198_T_C_PRS313_Unknown_combined,0.6536616979909268
chr3_71620370_T_G_PRS313_Unknown_combined,0.7325310963972974
chr3_49709912_C_CT_PRS313_Unknown_combined,0.7321653929748301
chr3_189774456_C_T_PRS313_Unknown_combined,0.4152233048123053
"chr3_63887449_T_TTG,TTGTG_PRS313_Unknown_combined",0.8809806623271726
chr3_87037543_A_G_PRS313_Known_combined,0.4340727048675294
