SNP,Accuracy Score
chr15_66630569_G_A_PRS313_Unknown_combined,0.8423153692614771
chr15_100905819_A_C_PRS313_Unknown_combined,0.9441117764471058
chr15_67457698_A_G_PRS313_Known_combined,0.9640718562874252
chr15_46680811_C_A_PRS313_Unknown_combined,0.9840319361277445
chr15_91512267_G_T_PRS313_Unknown_combined,0.9820359281437125
chr15_50694306_A_G_PRS313_Known_combined,0.6866267465069861
chr15_75750383_T_C_PRS313_Unknown_combined,0.8882235528942116
