SNP,R2 Score
chr15_66630569_G_A_PRS313_Unknown_combined,0.7271133
chr15_100905819_A_C_PRS313_Unknown_combined,0.83783436
chr15_67457698_A_G_PRS313_Known_combined,-0.15662766
chr15_46680811_C_A_PRS313_Unknown_combined,-0.045722723
chr15_91512267_G_T_PRS313_Unknown_combined,0.9545243
chr15_50694306_A_G_PRS313_Known_combined,0.050753295
chr15_75750383_T_C_PRS313_Unknown_combined,0.8094395
