SNP,R2 Score
chr15_66630569_G_A_PRS313_Unknown_combined,0.70211744
chr15_100905819_A_C_PRS313_Unknown_combined,0.8275264
chr15_67457698_A_G_PRS313_Known_combined,0.101433486
chr15_46680811_C_A_PRS313_Unknown_combined,0.036955003
chr15_91512267_G_T_PRS313_Unknown_combined,0.9507809
chr15_50694306_A_G_PRS313_Known_combined,0.49135342
chr15_75750383_T_C_PRS313_Unknown_combined,0.80631363
