SNP,AUC Score
chr15_66630569_G_A_PRS313_Unknown_combined,0.841575821240743
chr15_100905819_A_C_PRS313_Unknown_combined,0.8969546953837076
chr15_67457698_A_G_PRS313_Known_combined,0.5534851551055908
chr15_46680811_C_A_PRS313_Unknown_combined,0.5
chr15_91512267_G_T_PRS313_Unknown_combined,0.9876918792724609
chr15_50694306_A_G_PRS313_Known_combined,0.734245498975118
chr15_75750383_T_C_PRS313_Unknown_combined,0.9184512694676717
