SNP,R2 Score
chr15_66630569_G_A_PRS313_Unknown_combined,0.7271127998971252
chr15_100905819_A_C_PRS313_Unknown_combined,0.8378341836315825
chr15_67457698_A_G_PRS313_Known_combined,-0.15663426412056847
chr15_46680811_C_A_PRS313_Unknown_combined,-0.045729139700842136
chr15_91512267_G_T_PRS313_Unknown_combined,0.9545243337543604
chr15_50694306_A_G_PRS313_Known_combined,0.05075478672299871
chr15_75750383_T_C_PRS313_Unknown_combined,0.8094396381475834
