SNP,IQS Score
chr15_66630569_G_A_PRS313_Unknown_combined,0.7649891978673221
chr15_100905819_A_C_PRS313_Unknown_combined,0.8733381572179554
chr15_67457698_A_G_PRS313_Known_combined,0.0
chr15_46680811_C_A_PRS313_Unknown_combined,0.0
chr15_91512267_G_T_PRS313_Unknown_combined,0.9674661240746352
chr15_50694306_A_G_PRS313_Known_combined,0.0900325929329331
chr15_75750383_T_C_PRS313_Unknown_combined,0.8205199473752479
