SNP,R2 Score
chr15_66630569_G_A_PRS313_Unknown_combined,0.70309675
chr15_100905819_A_C_PRS313_Unknown_combined,0.84085435
chr15_67457698_A_G_PRS313_Known_combined,0.09769189
chr15_46680811_C_A_PRS313_Unknown_combined,-0.1340096
chr15_91512267_G_T_PRS313_Unknown_combined,0.9556249
chr15_50694306_A_G_PRS313_Known_combined,0.49640876
chr15_75750383_T_C_PRS313_Unknown_combined,0.8026785
