SNP,IQS Score
chr15_66630569_G_A_PRS313_Unknown_combined,0.7427119390143861
chr15_100905819_A_C_PRS313_Unknown_combined,0.8775018338048831
chr15_67457698_A_G_PRS313_Known_combined,0.17098731384445776
chr15_46680811_C_A_PRS313_Unknown_combined,0.0
chr15_91512267_G_T_PRS313_Unknown_combined,0.9674416925409777
chr15_50694306_A_G_PRS313_Known_combined,0.49322604643877993
chr15_75750383_T_C_PRS313_Unknown_combined,0.8276510265010504
