SNP,R2 Score
chr15_66630569_G_A_PRS313_Unknown_combined,0.67569613
chr15_100905819_A_C_PRS313_Unknown_combined,0.82493997
chr15_67457698_A_G_PRS313_Known_combined,-0.0037195683
chr15_46680811_C_A_PRS313_Unknown_combined,-0.16728973
chr15_91512267_G_T_PRS313_Unknown_combined,0.95067716
chr15_50694306_A_G_PRS313_Known_combined,0.48284388
chr15_75750383_T_C_PRS313_Unknown_combined,0.7942071
