SNP,R2 Score
chr13_73806982_T_C_PRS313_Unknown_combined,0.3361060065445779
chr13_32839990_G_A_PRS313_Unknown_combined,0.19994018299222727
chr13_73960952_A_G_PRS313_Unknown_combined,0.8861688251492442
chr13_43501356_A_G_PRS313_Unknown_combined,0.49002774767360313
