SNP,IQS Score
chr13_73806982_T_C_PRS313_Unknown_combined,0.4823191733639494
chr13_32839990_G_A_PRS313_Unknown_combined,0.19485737243873041
chr13_73960952_A_G_PRS313_Unknown_combined,0.9302131216046797
chr13_43501356_A_G_PRS313_Unknown_combined,0.6693069306930691
