SNP,IQS Score
chr5_79180995_G_GA_PRS313_Unknown_combined,0.7305437530253323
chr5_44649944_C_T_PRS313_Known_combined,0.5255039913408199
chr5_44706498_A_G_PRS313_Known_combined,0.6606367294895804
chr5_44853593_G_C_PRS313_Unknown_combined,0.6806600683439862
chr5_44508264_G_GT_PRS313_Unknown_combined,0.7514907179719902
chr5_44619502_A_G_PRS313_Unknown_combined,0.6173016327699797
chr5_131640536_A_G_PRS313_Unknown_combined,0.8001432839709198
chr5_71965007_G_A_PRS313_Unknown_combined,0.7924124900556881
"chr5_52679539_C_CA,CAA_PRS313_Unknown_combined",0.53389860448684
chr5_32579616_TCA_T_PRS313_Unknown_combined,0.9550581039755351
chr5_55662540_C_CT_PRS313_Unknown_combined,0.6339178955759267
chr5_77155397_GT_G_PRS313_Unknown_combined,0.9333953735708589
chr5_73234583_T_C_PRS313_Unknown_combined,0.7590805629468151
chr5_345109_T_C_PRS313_Known_combined,0.6087204983141894
chr5_122478676_C_A_PRS313_Unknown_combined,0.8789456342668862
chr5_2777029_G_A_PRS313_Unknown_combined,0.833805404577815
chr5_56045081_T_C_PRS313_Known_combined,0.3113358639040569
chr5_122705244_C_T_PRS313_Unknown_combined,0.7241731880923353
chr5_1353077_T_C_PRS313_Unknown_combined,0.0
chr5_81512947_TA_T_PRS313_Unknown_combined,0.449875356125356
"chr5_176134882_T_A,C_PRS313_Unknown_combined",0.35688335593877135
chr5_58241712_C_T_PRS313_Unknown_combined,0.34624354489421977
chr5_90789470_G_A_PRS313_Unknown_combined,0.6766531477335203
chr5_132407058_C_T_PRS313_Known_combined,0.07922351805269712
chr5_1279790_C_T_PRS313_Known_combined,0.47902668458437325
chr5_1296255_A_AG_PRS313_Unknown_combined,0.9919854105677401
chr5_56023083_T_G_PRS313_Known_combined,0.8641171684296175
chr5_104300273_G_T_PRS313_Known_combined,0.09618060924694599
chr5_16231194_G_C_PRS313_Unknown_combined,0.9360979576218492
chr5_173358154_G_A_PRS313_Unknown_combined,0.848868778280543
chr5_169591460_T_C_PRS313_Unknown_combined,0.7944916495751537
chr5_158244083_C_T_PRS313_Known_combined,0.2088579861599135
chr5_56042972_C_T_PRS313_Unknown_combined,0.8885833855609242
chr5_55965167_C_T_PRS313_Unknown_combined,0.42182523196233224
