SNP,IQS Score
chr5_79180995_G_GA_PRS313_Unknown_combined,0.836878662904276
chr5_44853593_G_C_PRS313_Unknown_combined,0.5632669483001412
chr5_44508264_G_GT_PRS313_Unknown_combined,0.6606367294895804
chr5_44619502_A_G_PRS313_Unknown_combined,0.7871067122293243
chr5_131640536_A_G_PRS313_Unknown_combined,0.7823111516652544
chr5_71965007_G_A_PRS313_Unknown_combined,0.635745982400281
"chr5_52679539_C_CA,CAA_PRS313_Unknown_combined",0.8335183939440602
chr5_32579616_TCA_T_PRS313_Unknown_combined,0.8973167072480878
chr5_55662540_C_CT_PRS313_Unknown_combined,0.7032328617319391
chr5_77155397_GT_G_PRS313_Unknown_combined,0.9755570011383965
chr5_73234583_T_C_PRS313_Unknown_combined,0.7536072419915477
chr5_345109_T_C_PRS313_Unknown_combined,0.9668835399767702
chr5_122478676_C_A_PRS313_Unknown_combined,0.815155841447569
chr5_2777029_G_A_PRS313_Unknown_combined,0.9201743286939407
chr5_122705244_C_T_PRS313_Unknown_combined,0.9356372045220968
chr5_1353077_T_C_PRS313_Unknown_combined,0.9874117440136687
chr5_81512947_TA_T_PRS313_Unknown_combined,0.3254880450771647
"chr5_176134882_T_A,C_PRS313_Unknown_combined",0.9469822568697309
chr5_58241712_C_T_PRS313_Unknown_combined,0.0
chr5_90789470_G_A_PRS313_Unknown_combined,0.5943563139112966
chr5_132407058_C_T_PRS313_Unknown_combined,0.4707139698294924
chr5_1296255_A_AG_PRS313_Unknown_combined,0.41155743481324886
chr5_16231194_G_C_PRS313_Unknown_combined,0.7804784780478478
chr5_173358154_G_A_PRS313_Unknown_combined,0.841294167001995
chr5_169591460_T_C_PRS313_Unknown_combined,0.5251795094212327
chr5_56042972_C_T_PRS313_Unknown_combined,0.9879753266182906
chr5_55965167_C_T_PRS313_Unknown_combined,0.9161105130965196
