SNP,IQS Score
chr5_79180995_G_GA_PRS313_Unknown_combined,0.8278163663989581
chr5_44853593_G_C_PRS313_Unknown_combined,0.5784349080418321
chr5_44508264_G_GT_PRS313_Unknown_combined,0.7205265926079403
chr5_44619502_A_G_PRS313_Unknown_combined,0.7646281900135622
chr5_131640536_A_G_PRS313_Unknown_combined,0.8040800364987291
chr5_71965007_G_A_PRS313_Unknown_combined,0.6163592064044555
"chr5_52679539_C_CA,CAA_PRS313_Unknown_combined",0.8339624776700911
chr5_32579616_TCA_T_PRS313_Unknown_combined,0.8971700204428462
chr5_55662540_C_CT_PRS313_Unknown_combined,0.6996610638445045
chr5_77155397_GT_G_PRS313_Unknown_combined,0.9755287451765741
chr5_73234583_T_C_PRS313_Unknown_combined,0.7420785173375846
chr5_122478676_C_A_PRS313_Unknown_combined,0.9667598692005117
chr5_2777029_G_A_PRS313_Unknown_combined,0.786463904012095
chr5_122705244_C_T_PRS313_Unknown_combined,0.6605982539001003
chr5_1353077_T_C_PRS313_Unknown_combined,0.9356372045220968
chr5_81512947_TA_T_PRS313_Unknown_combined,0.9874117440136687
"chr5_176134882_T_A,C_PRS313_Unknown_combined",0.3403721990125332
chr5_58241712_C_T_PRS313_Unknown_combined,0.8911618813135886
chr5_90789470_G_A_PRS313_Unknown_combined,0.0
chr5_1296255_A_AG_PRS313_Unknown_combined,0.569568166402894
chr5_16231194_G_C_PRS313_Unknown_combined,0.4892575885006499
chr5_173358154_G_A_PRS313_Unknown_combined,0.45151253241140876
chr5_169591460_T_C_PRS313_Unknown_combined,0.804426280442628
chr5_56042972_C_T_PRS313_Unknown_combined,0.15499867295656727
chr5_55965167_C_T_PRS313_Unknown_combined,0.5290104857177294
