SNP,IQS Score
chr5_79180995_G_GA_PRS313_Unknown_combined,0.5598588403466453
chr5_44649944_C_T_PRS313_Known_combined,0.33967772565581544
chr5_44706498_A_G_PRS313_Known_combined,0.4543570944734431
chr5_44853593_G_C_PRS313_Unknown_combined,0.522730293765785
chr5_44508264_G_GT_PRS313_Unknown_combined,0.4931845069698061
chr5_44619502_A_G_PRS313_Unknown_combined,0.5506438593119356
chr5_131640536_A_G_PRS313_Unknown_combined,0.5562007874015749
chr5_71965007_G_A_PRS313_Unknown_combined,0.5063757478830804
"chr5_52679539_C_CA,CAA_PRS313_Unknown_combined",0.4386268717530815
chr5_32579616_TCA_T_PRS313_Unknown_combined,0.557282107753171
chr5_55662540_C_CT_PRS313_Unknown_combined,0.3273588989237214
chr5_77155397_GT_G_PRS313_Unknown_combined,0.6131834193890846
chr5_73234583_T_C_PRS313_Unknown_combined,0.4532955041466608
chr5_345109_T_C_PRS313_Known_combined,0.33677227547035854
chr5_122478676_C_A_PRS313_Unknown_combined,0.7130076873572322
chr5_2777029_G_A_PRS313_Unknown_combined,0.5862256511492052
chr5_56045081_T_C_PRS313_Known_combined,0.20848817795012653
chr5_122705244_C_T_PRS313_Unknown_combined,0.5384615384615384
chr5_1353077_T_C_PRS313_Unknown_combined,-0.010265811182402749
chr5_81512947_TA_T_PRS313_Unknown_combined,0.5430520919922417
"chr5_176134882_T_A,C_PRS313_Unknown_combined",0.2791316062322347
chr5_58241712_C_T_PRS313_Unknown_combined,0.33071099896096184
chr5_90789470_G_A_PRS313_Unknown_combined,0.4394117958632379
chr5_132407058_C_T_PRS313_Known_combined,0.03251583174072576
chr5_1279790_C_T_PRS313_Known_combined,0.31655978683529473
chr5_1296255_A_AG_PRS313_Unknown_combined,0.7073001725520034
chr5_56023083_T_G_PRS313_Known_combined,0.6949740390338005
chr5_104300273_G_T_PRS313_Known_combined,0.0830422050399445
chr5_16231194_G_C_PRS313_Unknown_combined,0.6208969875452481
chr5_173358154_G_A_PRS313_Unknown_combined,0.43238405534773333
chr5_169591460_T_C_PRS313_Unknown_combined,0.49247817188221427
chr5_158244083_C_T_PRS313_Known_combined,0.050005925611741484
chr5_56042972_C_T_PRS313_Unknown_combined,0.6324958738309189
chr5_55965167_C_T_PRS313_Unknown_combined,0.46928691515971627
