SNP,R2 Score
chr5_79180995_G_GA_PRS313_Unknown_combined,0.3592517124772392
chr5_44649944_C_T_PRS313_Known_combined,0.1310255113102513
chr5_44706498_A_G_PRS313_Known_combined,0.28218569295973217
chr5_44853593_G_C_PRS313_Unknown_combined,0.21195887569244143
chr5_44508264_G_GT_PRS313_Unknown_combined,0.07318220299124378
chr5_44619502_A_G_PRS313_Unknown_combined,-0.05020251545511978
chr5_131640536_A_G_PRS313_Unknown_combined,0.44686944973358456
chr5_71965007_G_A_PRS313_Unknown_combined,0.2123845498810084
"chr5_52679539_C_CA,CAA_PRS313_Unknown_combined",-0.29807367353836844
chr5_32579616_TCA_T_PRS313_Unknown_combined,0.39265531573574275
chr5_55662540_C_CT_PRS313_Unknown_combined,0.009660611467037228
chr5_77155397_GT_G_PRS313_Unknown_combined,0.34242979409914553
chr5_73234583_T_C_PRS313_Unknown_combined,0.27834061554713174
chr5_345109_T_C_PRS313_Known_combined,0.20969059287018688
chr5_122478676_C_A_PRS313_Unknown_combined,0.6334013875840123
chr5_2777029_G_A_PRS313_Unknown_combined,0.5302766979190492
chr5_56045081_T_C_PRS313_Known_combined,-0.8508882251218486
chr5_122705244_C_T_PRS313_Unknown_combined,-0.03643735863628761
chr5_1353077_T_C_PRS313_Unknown_combined,-1.7721327967806717
chr5_81512947_TA_T_PRS313_Unknown_combined,-0.021027141076052525
"chr5_176134882_T_A,C_PRS313_Unknown_combined",0.12080641972054496
chr5_58241712_C_T_PRS313_Unknown_combined,0.20878576928516335
chr5_90789470_G_A_PRS313_Unknown_combined,0.20598742622979505
chr5_132407058_C_T_PRS313_Known_combined,-1.0085654300583036
chr5_1279790_C_T_PRS313_Known_combined,0.12497874773953532
chr5_1296255_A_AG_PRS313_Unknown_combined,0.6232885096263141
chr5_56023083_T_G_PRS313_Known_combined,0.5820760191498582
chr5_104300273_G_T_PRS313_Known_combined,-0.9646637809111605
chr5_16231194_G_C_PRS313_Unknown_combined,0.48449145314991005
chr5_173358154_G_A_PRS313_Unknown_combined,0.30796580246510363
chr5_169591460_T_C_PRS313_Unknown_combined,0.3699353227020782
chr5_158244083_C_T_PRS313_Known_combined,-0.4914459201914605
chr5_56042972_C_T_PRS313_Unknown_combined,0.15514333895446242
chr5_55965167_C_T_PRS313_Unknown_combined,0.37602449137017124
