SNP,IQS Score
chr5_79180995_G_GA_PRS313_Unknown_combined,0.10978043912175649
chr5_44649944_C_T_PRS313_Known_combined,0.3073852295409182
chr5_44706498_A_G_PRS313_Known_combined,0.22954091816367264
chr5_44853593_G_C_PRS313_Unknown_combined,0.18962075848303392
chr5_44508264_G_GT_PRS313_Unknown_combined,0.11776447105788423
chr5_44619502_A_G_PRS313_Unknown_combined,0.10778443113772455
chr5_131640536_A_G_PRS313_Unknown_combined,0.20359281437125748
chr5_71965007_G_A_PRS313_Unknown_combined,0.1656686626746507
"chr5_52679539_C_CA,CAA_PRS313_Unknown_combined",0.11976047904191617
chr5_32579616_TCA_T_PRS313_Unknown_combined,0.10778443113772455
chr5_55662540_C_CT_PRS313_Unknown_combined,0.21956087824351297
chr5_77155397_GT_G_PRS313_Unknown_combined,0.04790419161676647
chr5_73234583_T_C_PRS313_Unknown_combined,0.2754491017964072
chr5_345109_T_C_PRS313_Known_combined,0.24151696606786427
chr5_122478676_C_A_PRS313_Unknown_combined,0.1536926147704591
chr5_2777029_G_A_PRS313_Unknown_combined,0.08183632734530938
chr5_56045081_T_C_PRS313_Known_combined,0.24151696606786427
chr5_122705244_C_T_PRS313_Unknown_combined,0.14570858283433133
chr5_1353077_T_C_PRS313_Unknown_combined,0.007984031936127744
chr5_81512947_TA_T_PRS313_Unknown_combined,0.06387225548902195
"chr5_176134882_T_A,C_PRS313_Unknown_combined",0.3872255489021956
chr5_58241712_C_T_PRS313_Unknown_combined,0.36327345309381237
chr5_90789470_G_A_PRS313_Unknown_combined,0.25349301397205587
chr5_132407058_C_T_PRS313_Known_combined,0.4750499001996008
chr5_1279790_C_T_PRS313_Known_combined,0.3652694610778443
chr5_1296255_A_AG_PRS313_Unknown_combined,0.11776447105788423
chr5_56023083_T_G_PRS313_Known_combined,0.13972055888223553
chr5_104300273_G_T_PRS313_Known_combined,0.4031936127744511
chr5_16231194_G_C_PRS313_Unknown_combined,0.1317365269461078
chr5_173358154_G_A_PRS313_Unknown_combined,0.2375249500998004
chr5_169591460_T_C_PRS313_Unknown_combined,0.20359281437125748
chr5_158244083_C_T_PRS313_Known_combined,0.5948103792415169
chr5_56042972_C_T_PRS313_Unknown_combined,0.11976047904191617
chr5_55965167_C_T_PRS313_Unknown_combined,0.2714570858283433
