SNP,R2 Score
chr5_79180995_G_GA_PRS313_Unknown_combined,0.741120566616247
chr5_44853593_G_C_PRS313_Unknown_combined,0.3901296331908951
chr5_44508264_G_GT_PRS313_Unknown_combined,0.5693533981007572
chr5_44619502_A_G_PRS313_Unknown_combined,0.659409662078535
chr5_131640536_A_G_PRS313_Unknown_combined,0.6989172729828443
chr5_71965007_G_A_PRS313_Unknown_combined,0.5165978352741801
"chr5_52679539_C_CA,CAA_PRS313_Unknown_combined",0.736829690938106
chr5_32579616_TCA_T_PRS313_Unknown_combined,0.8180839703574847
chr5_55662540_C_CT_PRS313_Unknown_combined,0.5498528750017697
chr5_77155397_GT_G_PRS313_Unknown_combined,0.9564330666196416
chr5_73234583_T_C_PRS313_Unknown_combined,0.6095527078109425
chr5_122478676_C_A_PRS313_Unknown_combined,0.9401106931959825
chr5_2777029_G_A_PRS313_Unknown_combined,0.6919885193760031
chr5_122705244_C_T_PRS313_Unknown_combined,0.477093892362364
chr5_1353077_T_C_PRS313_Unknown_combined,0.8937512631459417
chr5_81512947_TA_T_PRS313_Unknown_combined,0.9439611378564228
"chr5_176134882_T_A,C_PRS313_Unknown_combined",0.07232581519197112
chr5_58241712_C_T_PRS313_Unknown_combined,0.8439477239624561
chr5_90789470_G_A_PRS313_Unknown_combined,0.06689402430046576
chr5_1296255_A_AG_PRS313_Unknown_combined,0.312778021351357
chr5_16231194_G_C_PRS313_Unknown_combined,0.26734628348944345
chr5_173358154_G_A_PRS313_Unknown_combined,0.2180340573410513
chr5_169591460_T_C_PRS313_Unknown_combined,0.6804448384333172
chr5_56042972_C_T_PRS313_Unknown_combined,-0.20533156641061057
chr5_55965167_C_T_PRS313_Unknown_combined,0.31068714344662807
