SNP,R2 Score
chr5_79180995_G_GA_PRS313_Unknown_combined,0.7322934924930832
chr5_44853593_G_C_PRS313_Unknown_combined,0.3515008618821075
chr5_44508264_G_GT_PRS313_Unknown_combined,0.4929735252618306
chr5_44619502_A_G_PRS313_Unknown_combined,0.6767792800850768
chr5_131640536_A_G_PRS313_Unknown_combined,0.6561330499520309
chr5_71965007_G_A_PRS313_Unknown_combined,0.48992900243921966
"chr5_52679539_C_CA,CAA_PRS313_Unknown_combined",0.7318694196998602
chr5_32579616_TCA_T_PRS313_Unknown_combined,0.8162471554450674
chr5_55662540_C_CT_PRS313_Unknown_combined,0.5062153641216933
chr5_77155397_GT_G_PRS313_Unknown_combined,0.9615060453974698
chr5_73234583_T_C_PRS313_Unknown_combined,0.6097748557747963
chr5_345109_T_C_PRS313_Unknown_combined,0.944030125624575
chr5_122478676_C_A_PRS313_Unknown_combined,0.6961855710452913
chr5_2777029_G_A_PRS313_Unknown_combined,0.888136124261667
chr5_122705244_C_T_PRS313_Unknown_combined,0.9156186489278073
chr5_1353077_T_C_PRS313_Unknown_combined,0.9704081674498402
chr5_81512947_TA_T_PRS313_Unknown_combined,-0.03127968169870465
"chr5_176134882_T_A,C_PRS313_Unknown_combined",0.8921738257468388
chr5_58241712_C_T_PRS313_Unknown_combined,0.03260814403515988
chr5_90789470_G_A_PRS313_Unknown_combined,0.30507148629250225
chr5_132407058_C_T_PRS313_Unknown_combined,0.21541393581957635
chr5_1296255_A_AG_PRS313_Unknown_combined,0.12616338735119148
chr5_16231194_G_C_PRS313_Unknown_combined,0.6636657106112469
chr5_173358154_G_A_PRS313_Unknown_combined,0.7523140931825122
chr5_169591460_T_C_PRS313_Unknown_combined,0.25336761053511825
chr5_56042972_C_T_PRS313_Unknown_combined,0.979901366037329
chr5_55965167_C_T_PRS313_Unknown_combined,0.8687052340784271
