SNP,R2 Score
chr5_79180995_G_GA_PRS313_Unknown_combined,0.56863972419571
chr5_44649944_C_T_PRS313_Known_combined,0.2729732959402359
chr5_44706498_A_G_PRS313_Known_combined,0.4383083623832488
chr5_44853593_G_C_PRS313_Unknown_combined,0.5052355724505728
chr5_44508264_G_GT_PRS313_Unknown_combined,0.5767018078394468
chr5_44619502_A_G_PRS313_Unknown_combined,0.4358491402300717
chr5_131640536_A_G_PRS313_Unknown_combined,0.6704643610199361
chr5_71965007_G_A_PRS313_Unknown_combined,0.688177702539328
"chr5_52679539_C_CA,CAA_PRS313_Unknown_combined",0.30313742264998034
chr5_32579616_TCA_T_PRS313_Unknown_combined,0.9282390223475402
chr5_55662540_C_CT_PRS313_Unknown_combined,0.41670103071717646
chr5_77155397_GT_G_PRS313_Unknown_combined,0.9169542928029991
chr5_73234583_T_C_PRS313_Unknown_combined,0.6012324528461698
chr5_345109_T_C_PRS313_Known_combined,0.3477085924618444
chr5_122478676_C_A_PRS313_Unknown_combined,0.824746717032814
chr5_2777029_G_A_PRS313_Unknown_combined,0.7784281979614401
chr5_56045081_T_C_PRS313_Known_combined,-0.20375601710432356
chr5_122705244_C_T_PRS313_Unknown_combined,0.6284575211532618
chr5_1353077_T_C_PRS313_Unknown_combined,0.0013312387630435296
chr5_81512947_TA_T_PRS313_Unknown_combined,-0.01862387575897051
"chr5_176134882_T_A,C_PRS313_Unknown_combined",-0.0376768312731377
chr5_58241712_C_T_PRS313_Unknown_combined,-0.13126518719310498
chr5_90789470_G_A_PRS313_Unknown_combined,0.49779185978862794
chr5_132407058_C_T_PRS313_Known_combined,-0.5374808679472345
chr5_1279790_C_T_PRS313_Known_combined,0.09354255113139398
chr5_1296255_A_AG_PRS313_Unknown_combined,0.9779455232011072
chr5_56023083_T_G_PRS313_Known_combined,0.79367869405283
chr5_104300273_G_T_PRS313_Known_combined,-0.5047898865834124
chr5_16231194_G_C_PRS313_Unknown_combined,0.9007941890471213
chr5_173358154_G_A_PRS313_Unknown_combined,0.7336163588407602
chr5_169591460_T_C_PRS313_Unknown_combined,0.682965451673605
chr5_158244083_C_T_PRS313_Known_combined,-0.32986785821533005
chr5_56042972_C_T_PRS313_Unknown_combined,0.8246092462091468
chr5_55965167_C_T_PRS313_Unknown_combined,0.08606177645645019
