SNP,R2 Score
chr5_79180995_G_GA_PRS313_Unknown_combined,0.4732831873753576
chr5_44508264_G_GT_PRS313_Unknown_combined,0.3637945630702606
chr5_131640536_A_G_PRS313_Unknown_combined,0.5029841432388731
chr5_71965007_G_A_PRS313_Unknown_combined,0.47492303325400553
"chr5_52679539_C_CA,CAA_PRS313_Unknown_combined",0.05936690323306626
chr5_32579616_TCA_T_PRS313_Unknown_combined,0.5753153711535645
chr5_44619502_A_G_PRS313_Unknown_combined,0.32359837987636353
chr5_55662540_C_CT_PRS313_Unknown_combined,-0.010654042656715879
chr5_77155397_GT_G_PRS313_Unknown_combined,0.650665828115171
chr5_73234583_T_C_PRS313_Unknown_combined,0.37456186680751413
chr5_345109_T_C_PRS313_Known_combined,0.7633083501489393
chr5_122478676_C_A_PRS313_Unknown_combined,0.5112018501120164
chr5_2777029_G_A_PRS313_Unknown_combined,0.4462611479533508
chr5_56045081_T_C_PRS313_Known_combined,0.2517685898443591
chr5_122705244_C_T_PRS313_Unknown_combined,0.4334142439454961
chr5_1353077_T_C_PRS313_Unknown_combined,-0.008048289738425973
chr5_81512947_TA_T_PRS313_Unknown_combined,0.3513474633163902
"chr5_176134882_T_A,C_PRS313_Unknown_combined",-0.12685374373845648
chr5_58241712_C_T_PRS313_Unknown_combined,0.08282131464399534
chr5_90789470_G_A_PRS313_Unknown_combined,0.3156576712256798
chr5_44649944_C_T_PRS313_Known_combined,0.1310255113102513
chr5_132407058_C_T_PRS313_Known_combined,0.4237263529359184
chr5_1296255_A_AG_PRS313_Unknown_combined,0.7152761991361677
chr5_56023083_T_G_PRS313_Known_combined,0.6320451907732447
chr5_44706498_A_G_PRS313_Known_combined,0.4326258171897285
chr5_104300273_G_T_PRS313_Known_combined,0.4739424848926401
chr5_16231194_G_C_PRS313_Unknown_combined,0.5402221068634332
chr5_1279790_C_T_PRS313_Known_combined,0.4076183557705704
chr5_173358154_G_A_PRS313_Unknown_combined,0.39395821754340443
chr5_169591460_T_C_PRS313_Unknown_combined,0.3785076312367437
chr5_44853593_G_C_PRS313_Unknown_combined,0.40040349237468376
chr5_158244083_C_T_PRS313_Known_combined,0.43376867049803114
chr5_56042972_C_T_PRS313_Unknown_combined,0.4895657672849877
chr5_55965167_C_T_PRS313_Unknown_combined,0.2834345771863901
