SNP,R2 Score
chr5_79180995_G_GA_PRS313_Unknown_combined,0.7013461371715946
chr5_44649944_C_T_PRS313_Known_combined,0.28490641034906095
chr5_44706498_A_G_PRS313_Known_combined,0.5056967346728695
chr5_44853593_G_C_PRS313_Unknown_combined,0.44608703581280307
chr5_44508264_G_GT_PRS313_Unknown_combined,0.536591101495622
chr5_44619502_A_G_PRS313_Unknown_combined,-0.10360264335961755
chr5_131640536_A_G_PRS313_Unknown_combined,0.5831479911035711
chr5_71965007_G_A_PRS313_Unknown_combined,0.5350881023603175
"chr5_52679539_C_CA,CAA_PRS313_Unknown_combined",0.4356201419398398
chr5_32579616_TCA_T_PRS313_Unknown_combined,0.7534089251859406
chr5_55662540_C_CT_PRS313_Unknown_combined,0.44134701159679024
chr5_77155397_GT_G_PRS313_Unknown_combined,0.8356074485247864
chr5_73234583_T_C_PRS313_Unknown_combined,0.446727805252801
chr5_345109_T_C_PRS313_Known_combined,0.44237051984241615
chr5_122478676_C_A_PRS313_Unknown_combined,0.6515050227650487
chr5_2777029_G_A_PRS313_Unknown_combined,0.8434255659730164
chr5_56045081_T_C_PRS313_Known_combined,-0.25033406697061045
chr5_122705244_C_T_PRS313_Unknown_combined,-0.1469906768908249
chr5_1353077_T_C_PRS313_Unknown_combined,-0.008048289738425973
chr5_81512947_TA_T_PRS313_Unknown_combined,0.6156133115948978
"chr5_176134882_T_A,C_PRS313_Unknown_combined",0.16621078302136194
chr5_58241712_C_T_PRS313_Unknown_combined,0.27570438581328394
chr5_90789470_G_A_PRS313_Unknown_combined,0.40778067702222287
chr5_132407058_C_T_PRS313_Known_combined,-0.4994304603220763
chr5_1279790_C_T_PRS313_Known_combined,0.2682344394812929
chr5_1296255_A_AG_PRS313_Unknown_combined,0.7415583961389829
chr5_56023083_T_G_PRS313_Known_combined,0.6729290584651064
chr5_104300273_G_T_PRS313_Known_combined,-0.2775682509750168
chr5_16231194_G_C_PRS313_Unknown_combined,0.6934814045756221
chr5_173358154_G_A_PRS313_Unknown_combined,0.5045198940726482
chr5_169591460_T_C_PRS313_Unknown_combined,0.5628122647320541
chr5_158244083_C_T_PRS313_Known_combined,-0.2878987102397723
chr5_56042972_C_T_PRS313_Unknown_combined,-0.1264755480607167
chr5_55965167_C_T_PRS313_Unknown_combined,0.44446051489731375
