SNP,IQS Score
chr5_79180995_G_GA_PRS313_Unknown_combined,0.6017218632657895
chr5_44508264_G_GT_PRS313_Unknown_combined,0.5824464674958328
chr5_131640536_A_G_PRS313_Unknown_combined,0.619903681224436
chr5_71965007_G_A_PRS313_Unknown_combined,0.6471858592655769
"chr5_52679539_C_CA,CAA_PRS313_Unknown_combined",0.4063038299431923
chr5_32579616_TCA_T_PRS313_Unknown_combined,0.6531478214261786
chr5_44619502_A_G_PRS313_Unknown_combined,0.5106415792720541
chr5_55662540_C_CT_PRS313_Unknown_combined,0.3890882486151274
chr5_77155397_GT_G_PRS313_Unknown_combined,0.7683247497461192
chr5_73234583_T_C_PRS313_Unknown_combined,0.49095509423437067
chr5_345109_T_C_PRS313_Known_combined,0.7453215467328371
chr5_122478676_C_A_PRS313_Unknown_combined,0.62429696287964
chr5_2777029_G_A_PRS313_Unknown_combined,0.54391768439273
chr5_56045081_T_C_PRS313_Known_combined,0.5262257918258957
chr5_122705244_C_T_PRS313_Unknown_combined,0.5920195439739411
chr5_1353077_T_C_PRS313_Unknown_combined,0.0
chr5_81512947_TA_T_PRS313_Unknown_combined,0.6098369166870266
"chr5_176134882_T_A,C_PRS313_Unknown_combined",0.21851033406993375
chr5_58241712_C_T_PRS313_Unknown_combined,0.3228591383524968
chr5_90789470_G_A_PRS313_Unknown_combined,0.5267599849413054
chr5_44649944_C_T_PRS313_Known_combined,0.3628569084345257
chr5_132407058_C_T_PRS313_Known_combined,0.5891523088656176
chr5_1296255_A_AG_PRS313_Unknown_combined,0.7733252589375208
chr5_56023083_T_G_PRS313_Known_combined,0.7151690834818984
chr5_44706498_A_G_PRS313_Known_combined,0.5626053235335918
chr5_104300273_G_T_PRS313_Known_combined,0.6315145700923372
chr5_16231194_G_C_PRS313_Unknown_combined,0.661331621748957
chr5_1279790_C_T_PRS313_Known_combined,0.5442398513510026
chr5_173358154_G_A_PRS313_Unknown_combined,0.5418528870055769
chr5_169591460_T_C_PRS313_Unknown_combined,0.5306048166946393
chr5_44853593_G_C_PRS313_Unknown_combined,0.5866818886351893
chr5_158244083_C_T_PRS313_Known_combined,0.5265217144765276
chr5_56042972_C_T_PRS313_Unknown_combined,0.6873668581757151
chr5_55965167_C_T_PRS313_Unknown_combined,0.4231604294962893
