SNP,Accuracy Score
chr8_106358620_A_T_PRS313_Known_combined,0.9261477045908184
chr8_143669254_A_G_PRS313_Unknown_combined,0.8622754491017964
chr8_76333056_C_T_PRS313_Known_combined,0.9860279441117764
chr8_124571581_G_A_PRS313_Unknown_combined,0.9820359281437125
chr8_170692_T_C_PRS313_Known_combined,0.998003992015968
chr8_76230943_A_G_PRS313_Unknown_combined,0.9960079840319361
chr8_117209548_A_G_PRS313_Known_combined,1.0
chr8_128213561_C_CA_PRS313_Unknown_combined,1.0
chr8_124739913_T_G_PRS313_Unknown_combined,0.9860279441117764
chr8_29509616_A_C_PRS313_Known_combined,0.9720558882235529
chr8_128372172_A_G_PRS313_Known_combined,0.9960079840319361
chr8_23447496_A_G_PRS313_Unknown_combined,0.9760479041916168
chr8_102483100_T_C_PRS313_Unknown_combined,0.9940119760479041
chr8_120862186_A_G_PRS313_Unknown_combined,0.9580838323353293
chr8_124563705_T_C_PRS313_Unknown_combined,0.9840319361277445
chr8_76378165_G_T_PRS313_Known_combined,0.9960079840319361
chr8_128370949_C_G_PRS313_Unknown_combined,0.812375249500998
chr8_36858483_A_G_PRS313_Known_combined,0.9900199600798403
chr8_17787610_CT_C_PRS313_Unknown_combined,0.9900199600798403
chr8_23663653_C_A_PRS313_Unknown_combined,0.9920159680638723
chr8_129199566_G_A_PRS313_Unknown_combined,0.9481037924151696
