SNP,R2 Score
chr8_106358620_A_T_PRS313_Known_combined,0.8120208493895266
chr8_143669254_A_G_PRS313_Unknown_combined,0.6600020881186052
chr8_76333056_C_T_PRS313_Known_combined,0.9661949837095872
chr8_124571581_G_A_PRS313_Unknown_combined,0.9635005180676078
chr8_170692_T_C_PRS313_Known_combined,0.9953839349881143
chr8_76230943_A_G_PRS313_Unknown_combined,0.99060495818175
chr8_117209548_A_G_PRS313_Known_combined,1.0
chr8_128213561_C_CA_PRS313_Unknown_combined,1.0
chr8_124739913_T_G_PRS313_Unknown_combined,0.9658765835717205
chr8_29509616_A_C_PRS313_Known_combined,0.8573578459285773
chr8_128372172_A_G_PRS313_Known_combined,0.9767150027886224
chr8_23447496_A_G_PRS313_Unknown_combined,0.9575789221151267
chr8_102483100_T_C_PRS313_Unknown_combined,0.9644848771266541
chr8_120862186_A_G_PRS313_Unknown_combined,0.8776428720954574
chr8_124563705_T_C_PRS313_Unknown_combined,0.9692099683495683
chr8_76378165_G_T_PRS313_Known_combined,0.9914761126990609
chr8_128370949_C_G_PRS313_Unknown_combined,0.5266708236494528
chr8_36858483_A_G_PRS313_Known_combined,0.9798224699552147
chr8_17787610_CT_C_PRS313_Unknown_combined,0.9780174456359584
chr8_23663653_C_A_PRS313_Unknown_combined,0.9653071116958659
chr8_129199566_G_A_PRS313_Unknown_combined,0.8962199459992286
