SNP,AUC Score
chr8_106358620_A_T_PRS313_Known_combined,0.9384894634254314
chr8_143669254_A_G_PRS313_Unknown_combined,0.89398028320579
chr8_76333056_C_T_PRS313_Known_combined,0.9835318083272521
chr8_124571581_G_A_PRS313_Unknown_combined,0.9868165723863539
chr8_170692_T_C_PRS313_Known_combined,0.9961888111888112
chr8_76230943_A_G_PRS313_Unknown_combined,0.9917503940110324
chr8_117209548_A_G_PRS313_Known_combined,1.0
chr8_128213561_C_CA_PRS313_Unknown_combined,1.0
chr8_124739913_T_G_PRS313_Unknown_combined,0.9902599380971356
chr8_29509616_A_C_PRS313_Known_combined,0.9400510775996199
chr8_128372172_A_G_PRS313_Known_combined,0.9984294181632517
chr8_23447496_A_G_PRS313_Unknown_combined,0.977345946419449
chr8_102483100_T_C_PRS313_Unknown_combined,0.9912103728477751
chr8_120862186_A_G_PRS313_Unknown_combined,0.939851905806718
chr8_124563705_T_C_PRS313_Unknown_combined,0.9882619634469102
chr8_76378165_G_T_PRS313_Known_combined,0.9972919202437476
chr8_128370949_C_G_PRS313_Unknown_combined,0.8399477499376763
chr8_36858483_A_G_PRS313_Known_combined,0.9926547219831517
chr8_17787610_CT_C_PRS313_Unknown_combined,0.993159096003986
chr8_23663653_C_A_PRS313_Unknown_combined,0.9923702230500089
chr8_129199566_G_A_PRS313_Unknown_combined,0.9611813592345863
