SNP,R2 Score
chr8_106358620_A_T_PRS313_Known_combined,0.8356201508136365
chr8_143669254_A_G_PRS313_Unknown_combined,0.7269204765486921
chr8_76333056_C_T_PRS313_Known_combined,0.968804338002724
chr8_124571581_G_A_PRS313_Unknown_combined,0.9712401307678561
chr8_170692_T_C_PRS313_Known_combined,0.9972169509795706
chr8_76230943_A_G_PRS313_Unknown_combined,0.9862476736255349
chr8_117209548_A_G_PRS313_Known_combined,1.0
chr8_128213561_C_CA_PRS313_Unknown_combined,0.9999377401355904
chr8_124739913_T_G_PRS313_Unknown_combined,0.9773620592806584
chr8_29509616_A_C_PRS313_Known_combined,0.8817707938163715
chr8_128372172_A_G_PRS313_Known_combined,0.9888539021179791
chr8_23447496_A_G_PRS313_Unknown_combined,0.9583802703057421
chr8_102483100_T_C_PRS313_Unknown_combined,0.9674566321016577
chr8_120862186_A_G_PRS313_Unknown_combined,0.8977087849416016
chr8_124563705_T_C_PRS313_Unknown_combined,0.9761196106850043
chr8_76378165_G_T_PRS313_Known_combined,0.9938050819987199
chr8_128370949_C_G_PRS313_Unknown_combined,0.635935379953598
chr8_36858483_A_G_PRS313_Known_combined,0.986004423251633
chr8_17787610_CT_C_PRS313_Unknown_combined,0.9829363059366614
chr8_23663653_C_A_PRS313_Unknown_combined,0.9711476861750711
chr8_129199566_G_A_PRS313_Unknown_combined,0.9271876604319875
