SNP,IQS Score
chr8_106358620_A_T_PRS313_Known_combined,0.8662081110926664
chr8_143669254_A_G_PRS313_Unknown_combined,0.7731871506180615
chr8_76333056_C_T_PRS313_Known_combined,0.9745378773578056
chr8_124571581_G_A_PRS313_Unknown_combined,0.9710274368694981
chr8_170692_T_C_PRS313_Known_combined,0.9965991935812324
chr8_76230943_A_G_PRS313_Unknown_combined,0.9930901317150543
chr8_117209548_A_G_PRS313_Known_combined,1.0
chr8_128213561_C_CA_PRS313_Unknown_combined,1.0
chr8_124739913_T_G_PRS313_Unknown_combined,0.9738601551843652
chr8_29509616_A_C_PRS313_Known_combined,0.9119441584854496
chr8_128372172_A_G_PRS313_Known_combined,0.9854946582124555
chr8_23447496_A_G_PRS313_Unknown_combined,0.9616733179482603
chr8_102483100_T_C_PRS313_Unknown_combined,0.9790831663326651
chr8_120862186_A_G_PRS313_Unknown_combined,0.9177474963060253
chr8_124563705_T_C_PRS313_Unknown_combined,0.9746123441775616
chr8_76378165_G_T_PRS313_Known_combined,0.9933285394694789
chr8_128370949_C_G_PRS313_Unknown_combined,0.6692024022758404
chr8_36858483_A_G_PRS313_Known_combined,0.983974564018578
chr8_17787610_CT_C_PRS313_Unknown_combined,0.9830498152734358
chr8_23663653_C_A_PRS313_Unknown_combined,0.9783463716125687
chr8_129199566_G_A_PRS313_Unknown_combined,0.9188881209019073
