SNP,IQS Score
chr3_55970777_A_AT_PRS313_Unknown_combined,0.10206871411646773
chr3_59373745_C_T_PRS313_Unknown_combined,0.4970676810905056
chr3_141112859_CTT_C_PRS313_Unknown_combined,0.6229136058190227
chr3_99403877_G_A_PRS313_Unknown_combined,0.3431366248055839
chr3_172285237_G_A_PRS313_Known_combined,0.1094292040841433
chr3_27353716_C_A_PRS313_Known_combined,0.6345388344935574
chr3_27388664_C_G_PRS313_Unknown_combined,0.5477105246583107
chr3_4742251_A_G_PRS313_Unknown_combined,0.5110719501235678
chr3_29294845_C_T_PRS313_Unknown_combined,-0.00996086801849834
chr3_30684907_C_T_PRS313_Unknown_combined,0.5397290799272856
chr3_46888198_T_C_PRS313_Unknown_combined,0.43544127279257966
chr3_71620370_T_G_PRS313_Unknown_combined,0.4516387428152134
chr3_49709912_C_CT_PRS313_Unknown_combined,0.5536973058391561
chr3_189774456_C_T_PRS313_Unknown_combined,0.2603697514257239
"chr3_63887449_T_TTG,TTGTG_PRS313_Unknown_combined",0.5828934247001454
chr3_87037543_A_G_PRS313_Known_combined,0.05143394779942159
