SNP,IQS Score
chr3_55970777_A_AT_PRS313_Unknown_combined,0.015968063872255488
chr3_59373745_C_T_PRS313_Unknown_combined,0.21756487025948104
chr3_141112859_CTT_C_PRS313_Unknown_combined,0.09780439121756487
chr3_99403877_G_A_PRS313_Unknown_combined,0.3413173652694611
chr3_172285237_G_A_PRS313_Known_combined,0.4171656686626746
chr3_27353716_C_A_PRS313_Known_combined,0.015968063872255488
chr3_27388664_C_G_PRS313_Unknown_combined,0.11776447105788423
chr3_4742251_A_G_PRS313_Unknown_combined,0.12974051896207583
chr3_29294845_C_T_PRS313_Unknown_combined,0.005988023952095809
chr3_30684907_C_T_PRS313_Unknown_combined,0.08782435129740519
chr3_46888198_T_C_PRS313_Unknown_combined,0.11377245508982035
chr3_71620370_T_G_PRS313_Unknown_combined,0.13572854291417166
chr3_49709912_C_CT_PRS313_Unknown_combined,0.10379241516966067
chr3_189774456_C_T_PRS313_Unknown_combined,0.17764471057884232
"chr3_63887449_T_TTG,TTGTG_PRS313_Unknown_combined",0.03992015968063872
chr3_87037543_A_G_PRS313_Known_combined,0.11377245508982035
