SNP,R2 Score
chr3_55970777_A_AT_PRS313_Unknown_combined,-0.016227180527392138
chr3_59373745_C_T_PRS313_Unknown_combined,0.5906555927019779
chr3_141112859_CTT_C_PRS313_Unknown_combined,0.8498825917863173
chr3_99403877_G_A_PRS313_Unknown_combined,0.31558470608912736
chr3_172285237_G_A_PRS313_Known_combined,-0.40569170865781246
chr3_27353716_C_A_PRS313_Known_combined,0.9744599502963104
chr3_27388664_C_G_PRS313_Unknown_combined,0.7007956109806468
chr3_4742251_A_G_PRS313_Unknown_combined,0.6403564960021186
chr3_29294845_C_T_PRS313_Unknown_combined,-0.006024096385540245
chr3_30684907_C_T_PRS313_Unknown_combined,0.8204037737693697
chr3_46888198_T_C_PRS313_Unknown_combined,0.6654556566616849
chr3_71620370_T_G_PRS313_Unknown_combined,0.7757179159699265
chr3_49709912_C_CT_PRS313_Unknown_combined,0.6524268217840266
chr3_189774456_C_T_PRS313_Unknown_combined,0.3399677017225713
"chr3_63887449_T_TTG,TTGTG_PRS313_Unknown_combined",0.8256845621237958
chr3_87037543_A_G_PRS313_Known_combined,-0.11895869947276538
