SNP,R2 Score
chr3_55970777_A_AT_PRS313_Unknown_combined,0.23782961460445584
chr3_59373745_C_T_PRS313_Unknown_combined,0.5230574336986347
chr3_141112859_CTT_C_PRS313_Unknown_combined,0.8069919037252651
chr3_99403877_G_A_PRS313_Unknown_combined,0.20351670474699612
chr3_172285237_G_A_PRS313_Known_combined,0.37461062757672836
chr3_27388664_C_G_PRS313_Unknown_combined,0.7109381326423198
chr3_4742251_A_G_PRS313_Unknown_combined,0.6514224499712842
chr3_27353716_C_A_PRS313_Known_combined,0.9393423819537373
chr3_29294845_C_T_PRS313_Unknown_combined,-0.006024096385540245
chr3_30684907_C_T_PRS313_Unknown_combined,0.7877499144547097
chr3_46888198_T_C_PRS313_Unknown_combined,0.586072253157678
chr3_71620370_T_G_PRS313_Unknown_combined,0.6701734058381271
chr3_49709912_C_CT_PRS313_Unknown_combined,0.5989540251354153
chr3_189774456_C_T_PRS313_Unknown_combined,-0.014888372620132317
"chr3_63887449_T_TTG,TTGTG_PRS313_Unknown_combined",0.8431161059114163
chr3_87037543_A_G_PRS313_Known_combined,0.11950790861159444
