SNP,R2 Score
chr3_55970777_A_AT_PRS313_Unknown_combined,-20.594827586207085
chr3_59373745_C_T_PRS313_Unknown_combined,0.4291711017495471
chr3_141112859_CTT_C_PRS313_Unknown_combined,0.6078565662989512
chr3_99403877_G_A_PRS313_Unknown_combined,0.13547541821784503
chr3_172285237_G_A_PRS313_Known_combined,-1.363857077416403
chr3_27353716_C_A_PRS313_Known_combined,0.6200917606576176
chr3_27388664_C_G_PRS313_Unknown_combined,0.3458073528220921
chr3_4742251_A_G_PRS313_Unknown_combined,0.18111940628174716
chr3_29294845_C_T_PRS313_Unknown_combined,-4.700803212851395
chr3_30684907_C_T_PRS313_Unknown_combined,0.41223053233611906
chr3_46888198_T_C_PRS313_Unknown_combined,0.041728914844487375
chr3_71620370_T_G_PRS313_Unknown_combined,0.3997155986253913
chr3_49709912_C_CT_PRS313_Unknown_combined,0.2112762494329835
chr3_189774456_C_T_PRS313_Unknown_combined,-0.6536293064369989
"chr3_63887449_T_TTG,TTGTG_PRS313_Unknown_combined",0.10227549493754862
chr3_87037543_A_G_PRS313_Known_combined,-2.6503734622144317
