SNP,IQS Score
chr3_55970777_A_AT_PRS313_Unknown_combined,0.6630800268997983
chr3_59373745_C_T_PRS313_Unknown_combined,0.7136741537897494
chr3_141112859_CTT_C_PRS313_Unknown_combined,0.9596624853061948
chr3_99403877_G_A_PRS313_Unknown_combined,0.6138340119640076
chr3_27388664_C_G_PRS313_Unknown_combined,0.13538700491845718
chr3_4742251_A_G_PRS313_Unknown_combined,1.0
chr3_29294845_C_T_PRS313_Unknown_combined,0.9219581382765039
chr3_30684907_C_T_PRS313_Unknown_combined,0.8971622107045721
chr3_46888198_T_C_PRS313_Unknown_combined,0.0
chr3_71620370_T_G_PRS313_Unknown_combined,0.9785990721992976
chr3_49709912_C_CT_PRS313_Unknown_combined,0.9333262356604828
chr3_189774456_C_T_PRS313_Unknown_combined,0.941669577366399
"chr3_63887449_T_TTG,TTGTG_PRS313_Unknown_combined",0.8251496684474752
