SNP,R2 Score
chr3_55970777_A_AT_PRS313_Unknown_combined,0.3972387119501729
chr3_59373745_C_T_PRS313_Unknown_combined,0.5947489273680562
chr3_141112859_CTT_C_PRS313_Unknown_combined,0.929701668552559
chr3_99403877_G_A_PRS313_Unknown_combined,0.46882629456648706
chr3_27388664_C_G_PRS313_Unknown_combined,-0.08246509987707462
chr3_4742251_A_G_PRS313_Unknown_combined,0.9967235050812359
chr3_29294845_C_T_PRS313_Unknown_combined,0.9133400984038483
chr3_30684907_C_T_PRS313_Unknown_combined,0.8184772165247388
chr3_46888198_T_C_PRS313_Unknown_combined,0.029923248603297536
chr3_71620370_T_G_PRS313_Unknown_combined,0.9281324607441113
chr3_49709912_C_CT_PRS313_Unknown_combined,0.8482566390369466
chr3_189774456_C_T_PRS313_Unknown_combined,0.9030879046741254
"chr3_63887449_T_TTG,TTGTG_PRS313_Unknown_combined",0.7184259887835678
