SNP,R2 Score
chr3_55970777_A_AT_PRS313_Unknown_combined,0.267199990936167
chr3_59373745_C_T_PRS313_Unknown_combined,0.5527132179287202
chr3_141112859_CTT_C_PRS313_Unknown_combined,0.9181471278067965
chr3_99403877_G_A_PRS313_Unknown_combined,0.4259637128964847
chr3_172285237_G_A_PRS313_Known_combined,-0.13310603304000912
chr3_27353716_C_A_PRS313_Known_combined,0.997927160215979
chr3_27388664_C_G_PRS313_Unknown_combined,0.8964401582005745
chr3_4742251_A_G_PRS313_Unknown_combined,0.8128692924383744
chr3_29294845_C_T_PRS313_Unknown_combined,0.00818486108274652
chr3_30684907_C_T_PRS313_Unknown_combined,0.9216081817557008
chr3_46888198_T_C_PRS313_Unknown_combined,0.8344174370526554
chr3_71620370_T_G_PRS313_Unknown_combined,0.8953137463296713
chr3_49709912_C_CT_PRS313_Unknown_combined,0.7098805564424435
chr3_189774456_C_T_PRS313_Unknown_combined,0.3709721245270753
"chr3_63887449_T_TTG,TTGTG_PRS313_Unknown_combined",0.932457607377209
chr3_87037543_A_G_PRS313_Known_combined,-0.30207472155505033
