SNP,IQS Score
chr3_55970777_A_AT_PRS313_Unknown_combined,0.3961430293290478
chr3_59373745_C_T_PRS313_Unknown_combined,0.7338313582201211
chr3_141112859_CTT_C_PRS313_Unknown_combined,0.9516331456154465
chr3_99403877_G_A_PRS313_Unknown_combined,0.6138679269253245
chr3_27388664_C_G_PRS313_Unknown_combined,0.1518848167539267
chr3_4742251_A_G_PRS313_Unknown_combined,1.0
chr3_29294845_C_T_PRS313_Unknown_combined,0.938219843638247
chr3_30684907_C_T_PRS313_Unknown_combined,0.8705961359644591
chr3_46888198_T_C_PRS313_Unknown_combined,0.0
chr3_71620370_T_G_PRS313_Unknown_combined,0.9613077616166816
chr3_49709912_C_CT_PRS313_Unknown_combined,0.9069127522716616
chr3_189774456_C_T_PRS313_Unknown_combined,0.9290054765060392
"chr3_63887449_T_TTG,TTGTG_PRS313_Unknown_combined",0.8468551084259359
