SNP,IQS Score
chr3_55970777_A_AT_PRS313_Unknown_combined,0.3961430293290512
chr3_59373745_C_T_PRS313_Unknown_combined,0.5952197672865149
chr3_141112859_CTT_C_PRS313_Unknown_combined,0.8143630850557961
chr3_99403877_G_A_PRS313_Unknown_combined,0.43407433731652073
chr3_172285237_G_A_PRS313_Known_combined,0.5773665990211292
chr3_27388664_C_G_PRS313_Unknown_combined,0.7847921926221787
chr3_4742251_A_G_PRS313_Unknown_combined,0.7456852791878172
chr3_27353716_C_A_PRS313_Known_combined,0.9413807755546935
chr3_29294845_C_T_PRS313_Unknown_combined,0.0
chr3_30684907_C_T_PRS313_Unknown_combined,0.8326782273603084
chr3_46888198_T_C_PRS313_Unknown_combined,0.706333057000025
chr3_71620370_T_G_PRS313_Unknown_combined,0.701663054888792
chr3_49709912_C_CT_PRS313_Unknown_combined,0.7371780299718469
chr3_189774456_C_T_PRS313_Unknown_combined,0.39828854526347396
"chr3_63887449_T_TTG,TTGTG_PRS313_Unknown_combined",0.8940529617707185
chr3_87037543_A_G_PRS313_Known_combined,0.4449522226838387
