SNP,IQS Score
chr3_55970777_A_AT_PRS313_Unknown_combined,0.2194524816381006
chr3_59373745_C_T_PRS313_Unknown_combined,0.7229673320250241
chr3_141112859_CTT_C_PRS313_Unknown_combined,0.9516712487339025
chr3_99403877_G_A_PRS313_Unknown_combined,0.6130754507907727
chr3_172285237_G_A_PRS313_Known_combined,0.12957364745126645
chr3_27353716_C_A_PRS313_Known_combined,1.0
chr3_27388664_C_G_PRS313_Unknown_combined,0.9298868079851821
chr3_4742251_A_G_PRS313_Unknown_combined,0.875874618755927
chr3_29294845_C_T_PRS313_Unknown_combined,0.0
chr3_30684907_C_T_PRS313_Unknown_combined,0.9570561612836865
chr3_46888198_T_C_PRS313_Unknown_combined,0.8972014309546538
chr3_71620370_T_G_PRS313_Unknown_combined,0.9374547451998702
chr3_49709912_C_CT_PRS313_Unknown_combined,0.8554138633863025
chr3_189774456_C_T_PRS313_Unknown_combined,0.5729940338487763
"chr3_63887449_T_TTG,TTGTG_PRS313_Unknown_combined",0.9643484036244604
chr3_87037543_A_G_PRS313_Known_combined,-0.030493135187946878
