SNP,R2 Score
chr3_55970777_A_AT_PRS313_Unknown_combined,0.784777862309743
chr3_59373745_C_T_PRS313_Unknown_combined,0.5625403161389766
chr3_141112859_CTT_C_PRS313_Unknown_combined,0.9353406816281085
chr3_99403877_G_A_PRS313_Unknown_combined,0.4116487782240559
chr3_27388664_C_G_PRS313_Unknown_combined,-0.23902714116194268
chr3_4742251_A_G_PRS313_Unknown_combined,0.9969836117167322
chr3_29294845_C_T_PRS313_Unknown_combined,0.907749388267601
chr3_30684907_C_T_PRS313_Unknown_combined,0.8483181814290044
chr3_46888198_T_C_PRS313_Unknown_combined,0.1296231492874962
chr3_71620370_T_G_PRS313_Unknown_combined,0.9611628741011486
chr3_49709912_C_CT_PRS313_Unknown_combined,0.8808994537749109
chr3_189774456_C_T_PRS313_Unknown_combined,0.9093094062656051
"chr3_63887449_T_TTG,TTGTG_PRS313_Unknown_combined",0.7035452715910946
