SNP,IQS Score
chr18_29981526_G_A_PRS313_Unknown_maternal,0.926125807307794
chr18_29981526_G_A_PRS313_Unknown_paternal,1.0
chr18_42888797_T_C_PRS313_Unknown_maternal,0.7687606436313287
chr18_42888797_T_C_PRS313_Unknown_paternal,0.8200129332024045
chr18_24337424_C_G_PRS313_Known_maternal,0.6438987481084054
chr18_24337424_C_G_PRS313_Known_paternal,0.6881704682751802
chr18_24125857_T_C_PRS313_Unknown_maternal,0.8034869479599432
chr18_24125857_T_C_PRS313_Unknown_paternal,0.819972690468015
chr18_24518050_AT_A_PRS313_Unknown_maternal,0.8550766560601677
chr18_24518050_AT_A_PRS313_Unknown_paternal,0.824920400714452
chr18_11696613_C_T_PRS313_Known_maternal,0.8193538956292941
chr18_11696613_C_T_PRS313_Known_paternal,0.821541690333388
chr18_25407513_C_G_PRS313_Unknown_maternal,0.812378986956487
chr18_25407513_C_G_PRS313_Unknown_paternal,0.8136311439615714
chr18_20634253_C_T_PRS313_Unknown_maternal,0.8207542567204957
chr18_20634253_C_T_PRS313_Unknown_paternal,0.8009373758341914
chr18_42411803_G_C_PRS313_Unknown_maternal,0.8887994894986545
chr18_42411803_G_C_PRS313_Unknown_paternal,0.8890954974100146
