SNP,R2 Score
chr18_29981526_G_A_PRS313_Unknown_maternal,0.8965511118178949
chr18_29981526_G_A_PRS313_Unknown_paternal,0.9722496144012207
chr18_42888797_T_C_PRS313_Unknown_maternal,0.6540273798975491
chr18_42888797_T_C_PRS313_Unknown_paternal,0.6814181094018729
chr18_42411803_G_C_PRS313_Unknown_maternal,0.9491816136360922
chr18_42411803_G_C_PRS313_Unknown_paternal,0.9425443624246133
chr18_24337424_C_G_PRS313_Unknown_maternal,0.9955117568306138
chr18_24337424_C_G_PRS313_Unknown_paternal,0.9984152625620883
chr18_24125857_T_C_PRS313_Unknown_maternal,0.7908027028028377
chr18_24125857_T_C_PRS313_Unknown_paternal,0.80962577737431
chr18_24518050_AT_A_PRS313_Unknown_maternal,0.8392800684893297
chr18_24518050_AT_A_PRS313_Unknown_paternal,0.8011418656196451
chr18_11696613_C_T_PRS313_Unknown_maternal,0.999657941519564
chr18_11696613_C_T_PRS313_Unknown_paternal,0.9960016429945917
chr18_25407513_C_G_PRS313_Unknown_maternal,0.7527569929995146
chr18_25407513_C_G_PRS313_Unknown_paternal,0.7260077490375081
chr18_20634253_C_T_PRS313_Unknown_maternal,0.8393887048506576
chr18_20634253_C_T_PRS313_Unknown_paternal,0.8238047351774636
