SNP,R2 Score
chr18_29981526_G_A_PRS313_Unknown_maternal,0.9101216909854154
chr18_29981526_G_A_PRS313_Unknown_paternal,0.967368838921102
chr18_42888797_T_C_PRS313_Unknown_maternal,0.6655252921856428
chr18_42888797_T_C_PRS313_Unknown_paternal,0.7343368939684587
chr18_42411803_G_C_PRS313_Unknown_maternal,0.959406638693809
chr18_42411803_G_C_PRS313_Unknown_paternal,0.9603717230372089
chr18_24125857_T_C_PRS313_Unknown_maternal,0.8128199273336509
chr18_24125857_T_C_PRS313_Unknown_paternal,0.8132331778486885
chr18_24518050_AT_A_PRS313_Unknown_maternal,0.8704791157767637
chr18_24518050_AT_A_PRS313_Unknown_paternal,0.8233768657008369
chr18_25407513_C_G_PRS313_Unknown_maternal,0.7356579886401682
chr18_25407513_C_G_PRS313_Unknown_paternal,0.7351059244851968
chr18_20634253_C_T_PRS313_Unknown_maternal,0.8728543266609138
chr18_20634253_C_T_PRS313_Unknown_paternal,0.8579272477721473
