SNP,IQS Score
chr18_29981526_G_A_PRS313_Unknown_maternal,0.926125807307794
chr18_29981526_G_A_PRS313_Unknown_paternal,0.9825441622243123
chr18_42888797_T_C_PRS313_Unknown_maternal,0.7763713752809707
chr18_42888797_T_C_PRS313_Unknown_paternal,0.8278226676577073
chr18_42411803_G_C_PRS313_Unknown_maternal,0.9801119447421697
chr18_42411803_G_C_PRS313_Unknown_paternal,0.9644140752631652
chr18_24125857_T_C_PRS313_Unknown_maternal,0.8879892684329037
chr18_24125857_T_C_PRS313_Unknown_paternal,0.8838005358499621
chr18_24518050_AT_A_PRS313_Unknown_maternal,0.9097733670770893
chr18_24518050_AT_A_PRS313_Unknown_paternal,0.8919884142740643
chr18_25407513_C_G_PRS313_Unknown_maternal,0.8282920064082637
chr18_25407513_C_G_PRS313_Unknown_paternal,0.8342572196267337
chr18_20634253_C_T_PRS313_Unknown_maternal,0.9188887269901405
chr18_20634253_C_T_PRS313_Unknown_paternal,0.9189635093167703
