SNP,R2 Score
chr18_29981526_G_A_PRS313_Unknown_maternal,0.8956777
chr18_29981526_G_A_PRS313_Unknown_paternal,0.9582702
chr18_42888797_T_C_PRS313_Unknown_maternal,0.6880338
chr18_42888797_T_C_PRS313_Unknown_paternal,0.7196493
chr18_24125857_T_C_PRS313_Unknown_maternal,0.52543527
chr18_24125857_T_C_PRS313_Unknown_paternal,0.6253226
chr18_24518050_AT_A_PRS313_Unknown_maternal,0.72873914
chr18_24518050_AT_A_PRS313_Unknown_paternal,0.7458743
chr18_25407513_C_G_PRS313_Unknown_maternal,0.79252243
chr18_25407513_C_G_PRS313_Unknown_paternal,0.75762856
chr18_20634253_C_T_PRS313_Unknown_maternal,0.7381011
chr18_20634253_C_T_PRS313_Unknown_paternal,0.75184166
chr18_42411803_G_C_PRS313_Unknown_maternal,0.7430892
chr18_42411803_G_C_PRS313_Unknown_paternal,0.7458097
