SNP,R2 Score
chr18_29981526_G_A_PRS313_Unknown_maternal,0.9025610502205443
chr18_29981526_G_A_PRS313_Unknown_paternal,0.9695558969664986
chr18_42888797_T_C_PRS313_Unknown_maternal,0.688818634185617
chr18_42888797_T_C_PRS313_Unknown_paternal,0.7202652574920686
chr18_24337424_C_G_PRS313_Known_maternal,0.5335783071152796
chr18_24337424_C_G_PRS313_Known_paternal,0.6483477003820068
chr18_24125857_T_C_PRS313_Unknown_maternal,0.7288676686654597
chr18_24125857_T_C_PRS313_Unknown_paternal,0.7490395966156526
chr18_24518050_AT_A_PRS313_Unknown_maternal,0.7937508353401498
chr18_24518050_AT_A_PRS313_Unknown_paternal,0.7595700214981957
chr18_11696613_C_T_PRS313_Known_maternal,0.7383954124885107
chr18_11696613_C_T_PRS313_Known_paternal,0.7519827856509858
chr18_25407513_C_G_PRS313_Unknown_maternal,0.7433545862635159
chr18_25407513_C_G_PRS313_Unknown_paternal,0.7467461380082729
chr18_20634253_C_T_PRS313_Unknown_maternal,0.7471843849185632
chr18_20634253_C_T_PRS313_Unknown_paternal,0.705808709338102
chr18_42411803_G_C_PRS313_Unknown_maternal,0.8592279053950515
chr18_42411803_G_C_PRS313_Unknown_paternal,0.8691228741319201
