SNP,R2 Score
chr2_218292158_C_G_PRS313_Unknown_maternal,0.8513059357095213
chr2_218292158_C_G_PRS313_Unknown_paternal,0.8904426184056304
chr2_172974566_C_G_PRS313_Unknown_maternal,0.4264080399828005
chr2_172974566_C_G_PRS313_Unknown_paternal,0.5105506432528609
chr2_88358825_G_C_PRS313_Unknown_maternal,0.27229595599808776
chr2_88358825_G_C_PRS313_Unknown_paternal,0.27911986570511726
chr2_202204741_T_C_PRS313_Unknown_maternal,0.9491597436812572
chr2_202204741_T_C_PRS313_Unknown_paternal,0.9453670911161298
chr2_174212910_A_G_PRS313_Unknown_maternal,0.9400877879908934
chr2_174212910_A_G_PRS313_Unknown_paternal,0.9013412124769463
chr2_121246568_T_C_PRS313_Unknown_maternal,0.9889976997137307
chr2_121246568_T_C_PRS313_Unknown_paternal,0.9997583644916382
chr2_29179452_G_C_PRS313_Unknown_maternal,0.9632912039741832
chr2_29179452_G_C_PRS313_Unknown_paternal,0.9776999739942387
chr2_29615233_T_C_PRS313_Unknown_maternal,0.6997359369784175
chr2_29615233_T_C_PRS313_Unknown_paternal,0.7198108211079057
chr2_10138983_T_C_PRS313_Unknown_maternal,0.8798083889138563
chr2_10138983_T_C_PRS313_Unknown_paternal,0.8196568193826876
chr2_39699510_C_CT_PRS313_Unknown_maternal,0.2868391060881501
chr2_39699510_C_CT_PRS313_Unknown_paternal,0.3097113816529953
chr2_121058254_A_G_PRS313_Unknown_maternal,0.9456908789064772
chr2_121058254_A_G_PRS313_Unknown_paternal,0.9662224358240569
chr2_241388857_C_A_PRS313_Unknown_maternal,0.004154791706126537
chr2_241388857_C_A_PRS313_Unknown_paternal,0.006329157085311454
chr2_121159205_G_A_PRS313_Unknown_maternal,0.7330222497144192
chr2_121159205_G_A_PRS313_Unknown_paternal,0.761555416870181
chr2_217955896_GA_G_PRS313_Unknown_maternal,0.9352897958724815
chr2_217955896_GA_G_PRS313_Unknown_paternal,0.9186791450594208
chr2_70172587_G_A_PRS313_Unknown_maternal,-0.1573820396291905
chr2_70172587_G_A_PRS313_Unknown_paternal,-0.007052302114279874
chr2_19315675_T_A_PRS313_Unknown_maternal,0.8171021937778963
chr2_19315675_T_A_PRS313_Unknown_paternal,0.8848524200184662
chr2_218714845_G_A_PRS313_Unknown_maternal,0.35500015166697074
chr2_218714845_G_A_PRS313_Unknown_paternal,0.402967872529131
