SNP,R2 Score
chr2_218292158_C_G_PRS313_Unknown_maternal,0.8626794
chr2_218292158_C_G_PRS313_Unknown_paternal,0.8987895
chr2_172974566_C_G_PRS313_Unknown_maternal,0.88811815
chr2_172974566_C_G_PRS313_Unknown_paternal,0.9014996
chr2_88358825_G_C_PRS313_Unknown_maternal,0.9950045
chr2_88358825_G_C_PRS313_Unknown_paternal,0.98811334
chr2_202204741_T_C_PRS313_Unknown_maternal,0.27576405
chr2_202204741_T_C_PRS313_Unknown_paternal,0.33840567
chr2_174212910_A_G_PRS313_Unknown_maternal,0.9531047
chr2_174212910_A_G_PRS313_Unknown_paternal,0.95217055
chr2_121246568_T_C_PRS313_Unknown_maternal,0.9176304
chr2_121246568_T_C_PRS313_Unknown_paternal,0.907154
chr2_29615233_T_C_PRS313_Unknown_maternal,0.988947
chr2_29615233_T_C_PRS313_Unknown_paternal,0.9997888
chr2_10138983_T_C_PRS313_Unknown_maternal,0.71300447
chr2_10138983_T_C_PRS313_Unknown_paternal,0.72409546
chr2_39699510_C_CT_PRS313_Unknown_maternal,0.9568577
chr2_39699510_C_CT_PRS313_Unknown_paternal,0.9129593
chr2_121058254_A_G_PRS313_Unknown_maternal,0.31130886
chr2_121058254_A_G_PRS313_Unknown_paternal,0.3315429
chr2_241388857_C_A_PRS313_Unknown_maternal,0.9501801
chr2_241388857_C_A_PRS313_Unknown_paternal,0.9644976
chr2_121159205_G_A_PRS313_Unknown_maternal,0.9467267
chr2_121159205_G_A_PRS313_Unknown_paternal,0.9646077
chr2_217955896_GA_G_PRS313_Unknown_maternal,0.030085325
chr2_217955896_GA_G_PRS313_Unknown_paternal,0.023548901
chr2_70172587_G_A_PRS313_Unknown_maternal,0.73685056
chr2_70172587_G_A_PRS313_Unknown_paternal,0.7847104
chr2_19315675_T_A_PRS313_Unknown_maternal,0.95480525
chr2_19315675_T_A_PRS313_Unknown_paternal,0.91635656
chr2_29179452_G_C_PRS313_Unknown_maternal,0.30501872
chr2_29179452_G_C_PRS313_Unknown_paternal,0.51833105
chr2_218714845_G_A_PRS313_Unknown_maternal,0.39319426
chr2_218714845_G_A_PRS313_Unknown_paternal,0.39771295
