SNP,IQS Score
chr2_218292158_C_G_PRS313_Unknown_maternal,0.9082220257580464
chr2_218292158_C_G_PRS313_Unknown_paternal,0.9480609583961338
chr2_172974566_C_G_PRS313_Unknown_maternal,0.9400100581938358
chr2_172974566_C_G_PRS313_Unknown_paternal,0.9437385696409665
chr2_88358825_G_C_PRS313_Unknown_maternal,1.0
chr2_88358825_G_C_PRS313_Unknown_paternal,0.9952512298461624
chr2_202204741_T_C_PRS313_Unknown_maternal,0.507260112299274
chr2_202204741_T_C_PRS313_Unknown_paternal,0.543778801843318
chr2_174212910_A_G_PRS313_Unknown_maternal,0.9792262719243687
chr2_174212910_A_G_PRS313_Unknown_paternal,0.9613157285151724
chr2_121246568_T_C_PRS313_Unknown_maternal,0.9471399502600044
chr2_121246568_T_C_PRS313_Unknown_paternal,0.9358617378780606
chr2_29615233_T_C_PRS313_Unknown_maternal,0.9944409307280049
chr2_29615233_T_C_PRS313_Unknown_paternal,1.0
chr2_10138983_T_C_PRS313_Unknown_maternal,0.8075898322171814
chr2_10138983_T_C_PRS313_Unknown_paternal,0.8218941081670379
chr2_39699510_C_CT_PRS313_Unknown_maternal,0.9614348395042719
chr2_39699510_C_CT_PRS313_Unknown_paternal,0.9608532583216128
chr2_121058254_A_G_PRS313_Unknown_maternal,0.5830946246539389
chr2_121058254_A_G_PRS313_Unknown_paternal,0.5765882127822426
chr2_241388857_C_A_PRS313_Unknown_maternal,0.9718396942274182
chr2_241388857_C_A_PRS313_Unknown_paternal,0.9840290728255152
chr2_121159205_G_A_PRS313_Unknown_maternal,0.9697628100669925
chr2_121159205_G_A_PRS313_Unknown_paternal,0.9786468677810642
chr2_217955896_GA_G_PRS313_Unknown_maternal,0.0
chr2_217955896_GA_G_PRS313_Unknown_paternal,0.0
chr2_70172587_G_A_PRS313_Unknown_maternal,0.8300802116366226
chr2_70172587_G_A_PRS313_Unknown_paternal,0.8705342722398087
chr2_19315675_T_A_PRS313_Unknown_maternal,0.9800787307646422
chr2_19315675_T_A_PRS313_Unknown_paternal,0.9594364828758806
chr2_29179452_G_C_PRS313_Unknown_maternal,0.5028738322131314
chr2_29179452_G_C_PRS313_Unknown_paternal,0.6474668275030158
chr2_218714845_G_A_PRS313_Unknown_maternal,0.5438480321152176
chr2_218714845_G_A_PRS313_Unknown_paternal,0.6130628091928112
