SNP,R2 Score
chr2_218292158_C_G_PRS313_Unknown_maternal,0.8554001854213208
chr2_218292158_C_G_PRS313_Unknown_paternal,0.8963777405909412
chr2_172974566_C_G_PRS313_Unknown_maternal,0.4061053364363638
chr2_172974566_C_G_PRS313_Unknown_paternal,0.5072772548422742
chr2_88358825_G_C_PRS313_Unknown_maternal,0.24791418110223673
chr2_88358825_G_C_PRS313_Unknown_paternal,0.27141787787403004
chr2_202204741_T_C_PRS313_Unknown_maternal,0.9510237583685693
chr2_202204741_T_C_PRS313_Unknown_paternal,0.9605696135840117
chr2_174212910_A_G_PRS313_Unknown_maternal,0.9401580352417249
chr2_174212910_A_G_PRS313_Unknown_paternal,0.9091731442850712
chr2_121246568_T_C_PRS313_Unknown_maternal,0.9889045838529493
chr2_121246568_T_C_PRS313_Unknown_paternal,0.9999353095994372
chr2_29179452_G_C_PRS313_Unknown_maternal,0.955434889457789
chr2_29179452_G_C_PRS313_Unknown_paternal,0.9779880633622796
chr2_29615233_T_C_PRS313_Unknown_maternal,0.6919846133380969
chr2_29615233_T_C_PRS313_Unknown_paternal,0.7191559525307238
chr2_10138983_T_C_PRS313_Unknown_maternal,0.9212246086838719
chr2_10138983_T_C_PRS313_Unknown_paternal,0.8742992608326232
chr2_39699510_C_CT_PRS313_Unknown_maternal,0.25435746364867773
chr2_39699510_C_CT_PRS313_Unknown_paternal,0.3240287038245988
chr2_121058254_A_G_PRS313_Unknown_maternal,0.9526847167691685
chr2_121058254_A_G_PRS313_Unknown_paternal,0.954204975782431
chr2_241388857_C_A_PRS313_Unknown_maternal,0.0426260610473298
chr2_241388857_C_A_PRS313_Unknown_paternal,-0.0020152979442800145
chr2_121159205_G_A_PRS313_Unknown_maternal,0.7174711679235144
chr2_121159205_G_A_PRS313_Unknown_paternal,0.7848012919675762
chr2_217955896_GA_G_PRS313_Unknown_maternal,0.9602380183036202
chr2_217955896_GA_G_PRS313_Unknown_paternal,0.9177661827076148
chr2_70172587_G_A_PRS313_Unknown_maternal,-0.07164137115299596
chr2_70172587_G_A_PRS313_Unknown_paternal,0.011980538235792593
chr2_19315675_T_A_PRS313_Unknown_maternal,0.8322512745426056
chr2_19315675_T_A_PRS313_Unknown_paternal,0.8829086520459077
chr2_218714845_G_A_PRS313_Unknown_maternal,0.34764435691285167
chr2_218714845_G_A_PRS313_Unknown_paternal,0.38127077080644145
