SNP,IQS Score
chr2_218292158_C_G_PRS313_Unknown_maternal,0.9121808968352614
chr2_218292158_C_G_PRS313_Unknown_paternal,0.9360704373624271
chr2_172974566_C_G_PRS313_Unknown_maternal,0.6238738738738739
chr2_172974566_C_G_PRS313_Unknown_paternal,0.6854283224155866
chr2_88358825_G_C_PRS313_Unknown_maternal,0.5543339026473102
chr2_88358825_G_C_PRS313_Unknown_paternal,0.5363636363636362
chr2_202204741_T_C_PRS313_Unknown_maternal,0.9740964789824723
chr2_202204741_T_C_PRS313_Unknown_paternal,0.9722046536400252
chr2_174212910_A_G_PRS313_Unknown_maternal,0.9702502894807161
chr2_174212910_A_G_PRS313_Unknown_paternal,0.936578264447117
chr2_121246568_T_C_PRS313_Unknown_maternal,0.9944409307280049
chr2_121246568_T_C_PRS313_Unknown_paternal,1.0
chr2_29179452_G_C_PRS313_Unknown_maternal,0.9667661691542289
chr2_29179452_G_C_PRS313_Unknown_paternal,0.9865867045059034
chr2_29615233_T_C_PRS313_Unknown_maternal,0.8100788968654488
chr2_29615233_T_C_PRS313_Unknown_paternal,0.8177390773708239
chr2_10138983_T_C_PRS313_Unknown_maternal,0.9480263499144147
chr2_10138983_T_C_PRS313_Unknown_paternal,0.9188729657517611
chr2_39699510_C_CT_PRS313_Unknown_maternal,0.5470851300431211
chr2_39699510_C_CT_PRS313_Unknown_paternal,0.5811537083482623
chr2_121058254_A_G_PRS313_Unknown_maternal,0.9740508623815197
chr2_121058254_A_G_PRS313_Unknown_paternal,0.9659490595211799
chr2_241388857_C_A_PRS313_Unknown_maternal,0.0
chr2_241388857_C_A_PRS313_Unknown_paternal,0.0
chr2_121159205_G_A_PRS313_Unknown_maternal,0.8304281604332374
chr2_121159205_G_A_PRS313_Unknown_paternal,0.878764902318228
chr2_217955896_GA_G_PRS313_Unknown_maternal,0.9800787307646422
chr2_217955896_GA_G_PRS313_Unknown_paternal,0.9594364828758806
chr2_70172587_G_A_PRS313_Unknown_maternal,0.35227239082161355
chr2_70172587_G_A_PRS313_Unknown_paternal,0.3860413546266219
chr2_19315675_T_A_PRS313_Unknown_maternal,0.90804625218453
chr2_19315675_T_A_PRS313_Unknown_paternal,0.9281090561224491
chr2_218714845_G_A_PRS313_Unknown_maternal,0.6123732679534973
chr2_218714845_G_A_PRS313_Unknown_paternal,0.605352454049687
