SNP,IQS Score
chr2_218292158_C_G_PRS313_Unknown_maternal,0.9082220257580464
chr2_218292158_C_G_PRS313_Unknown_paternal,0.9360887868350556
chr2_172974566_C_G_PRS313_Unknown_maternal,0.9359969339848616
chr2_172974566_C_G_PRS313_Unknown_paternal,0.947776093911621
chr2_88358825_G_C_PRS313_Unknown_maternal,1.0
chr2_88358825_G_C_PRS313_Unknown_paternal,0.9952512298461624
chr2_202204741_T_C_PRS313_Unknown_maternal,0.5098595341740341
chr2_202204741_T_C_PRS313_Unknown_paternal,0.5490797546012272
chr2_174212910_A_G_PRS313_Unknown_maternal,0.9792262719243687
chr2_174212910_A_G_PRS313_Unknown_paternal,0.9559192292464036
chr2_121246568_T_C_PRS313_Unknown_maternal,0.9549217203527084
chr2_121246568_T_C_PRS313_Unknown_paternal,0.9441942618907435
chr2_29179452_G_C_PRS313_Unknown_maternal,0.9944409307280049
chr2_29179452_G_C_PRS313_Unknown_paternal,1.0
chr2_29615233_T_C_PRS313_Unknown_maternal,0.9792117907735205
chr2_29615233_T_C_PRS313_Unknown_paternal,0.9865867045059034
chr2_10138983_T_C_PRS313_Unknown_maternal,0.8022250134577429
chr2_10138983_T_C_PRS313_Unknown_paternal,0.8218941081670379
chr2_39699510_C_CT_PRS313_Unknown_maternal,0.9614348395042719
chr2_39699510_C_CT_PRS313_Unknown_paternal,0.9608532583216128
chr2_121058254_A_G_PRS313_Unknown_maternal,0.5792778022153797
chr2_121058254_A_G_PRS313_Unknown_paternal,0.5804321297824995
chr2_241388857_C_A_PRS313_Unknown_maternal,0.9718396942274182
chr2_241388857_C_A_PRS313_Unknown_paternal,0.9840290728255152
chr2_121159205_G_A_PRS313_Unknown_maternal,0.9697628100669925
chr2_121159205_G_A_PRS313_Unknown_paternal,0.9786468677810642
chr2_217955896_GA_G_PRS313_Unknown_maternal,0.0
chr2_217955896_GA_G_PRS313_Unknown_paternal,0.0
chr2_70172587_G_A_PRS313_Unknown_maternal,0.8300802116366226
chr2_70172587_G_A_PRS313_Unknown_paternal,0.8746519454734752
chr2_19315675_T_A_PRS313_Unknown_maternal,0.9800787307646422
chr2_19315675_T_A_PRS313_Unknown_paternal,0.9594364828758806
chr2_218714845_G_A_PRS313_Unknown_maternal,0.5028738322131314
chr2_218714845_G_A_PRS313_Unknown_paternal,0.6183805265772481
