SNP,R2 Score
chr18_29981526_G_A_PRS313_Unknown_combined,0.9383513571651686
chr18_42888797_T_C_PRS313_Unknown_combined,0.694566380420589
chr18_42411803_G_C_PRS313_Unknown_combined,0.880019802322511
chr18_24125857_T_C_PRS313_Unknown_combined,-0.19576061423164393
chr18_24518050_AT_A_PRS313_Unknown_combined,0.5435083348010128
chr18_25407513_C_G_PRS313_Unknown_combined,0.7549536875579174
chr18_20634253_C_T_PRS313_Unknown_combined,0.40039883073659566
