SNP,R2 Score
chr18_29981526_G_A_PRS313_Unknown_combined,0.872551513609769
chr18_42888797_T_C_PRS313_Unknown_combined,0.6955734505235509
chr18_42411803_G_C_PRS313_Unknown_combined,0.8095337372151784
chr18_24337424_C_G_PRS313_Known_combined,-0.3699382149119155
chr18_24125857_T_C_PRS313_Unknown_combined,0.6691347857165058
chr18_24518050_AT_A_PRS313_Unknown_combined,0.6249804160501329
chr18_11696613_C_T_PRS313_Known_combined,0.46432928829124454
chr18_25407513_C_G_PRS313_Unknown_combined,0.677773923600572
chr18_20634253_C_T_PRS313_Unknown_combined,0.8154609625095424
