SNP,IQS Score
chr18_29981526_G_A_PRS313_Unknown_combined,0.9823224304011856
chr18_42888797_T_C_PRS313_Unknown_combined,0.8102325323577505
chr18_42411803_G_C_PRS313_Unknown_combined,0.9338950463695997
chr18_24125857_T_C_PRS313_Unknown_combined,0.0034478185916978696
chr18_24518050_AT_A_PRS313_Unknown_combined,0.6681341526796907
chr18_25407513_C_G_PRS313_Unknown_combined,0.8443194403499407
chr18_20634253_C_T_PRS313_Unknown_combined,0.5773881035760844
