SNP,R2 Score
chr18_29981526_G_A_PRS313_Unknown_combined,0.41055075044518174
chr18_42888797_T_C_PRS313_Unknown_combined,0.3911469010471019
chr18_42411803_G_C_PRS313_Unknown_combined,0.47160972259694645
chr18_24337424_C_G_PRS313_Known_combined,-0.6679782082324466
chr18_24125857_T_C_PRS313_Unknown_combined,0.3810874226932284
chr18_24518050_AT_A_PRS313_Unknown_combined,0.17146836104099128
chr18_11696613_C_T_PRS313_Known_combined,-0.6530206625122947
chr18_25407513_C_G_PRS313_Unknown_combined,0.43157871916055957
chr18_20634253_C_T_PRS313_Unknown_combined,0.5269090129790086
