SNP,IQS Score
chr18_29981526_G_A_PRS313_Unknown_combined,0.7344079088759942
chr18_42888797_T_C_PRS313_Unknown_combined,0.3957457695259676
chr18_42411803_G_C_PRS313_Unknown_combined,0.6633985140973259
chr18_24337424_C_G_PRS313_Known_combined,0.012357666166475422
chr18_24125857_T_C_PRS313_Unknown_combined,0.4632613046026966
chr18_24518050_AT_A_PRS313_Unknown_combined,0.3734779575341924
chr18_11696613_C_T_PRS313_Known_combined,0.03909939021212281
chr18_25407513_C_G_PRS313_Unknown_combined,0.5054896456246274
chr18_20634253_C_T_PRS313_Unknown_combined,0.5632650790117961
