SNP,R2 Score
chr18_29981526_G_A_PRS313_Unknown_combined,0.9583203778998496
chr18_42888797_T_C_PRS313_Unknown_combined,0.7102703856549748
chr18_42411803_G_C_PRS313_Unknown_combined,0.9101772497846262
chr18_24125857_T_C_PRS313_Unknown_combined,-0.23165562106636517
chr18_24518050_AT_A_PRS313_Unknown_combined,0.5142199322221672
chr18_25407513_C_G_PRS313_Unknown_combined,0.7564672515061662
chr18_20634253_C_T_PRS313_Unknown_combined,0.39051470050045467
