SNP,IQS Score
chr18_29981526_G_A_PRS313_Unknown_combined,0.015968063872255488
chr18_42888797_T_C_PRS313_Unknown_combined,0.19760479041916168
chr18_42411803_G_C_PRS313_Unknown_combined,0.06187624750499002
chr18_24337424_C_G_PRS313_Known_combined,0.4590818363273453
chr18_24125857_T_C_PRS313_Unknown_combined,0.16167664670658682
chr18_24518050_AT_A_PRS313_Unknown_combined,0.17165668662674652
chr18_11696613_C_T_PRS313_Known_combined,0.28542914171656686
chr18_25407513_C_G_PRS313_Unknown_combined,0.16966067864271456
chr18_20634253_C_T_PRS313_Unknown_combined,0.10978043912175649
