SNP,IQS Score
chr18_29981526_G_A_PRS313_Unknown_combined,0.9231398619278955
chr18_42888797_T_C_PRS313_Unknown_combined,0.601715481171548
chr18_24337424_C_G_PRS313_Known_combined,0.6360988422427328
chr18_24125857_T_C_PRS313_Unknown_combined,0.6970636030384341
chr18_24518050_AT_A_PRS313_Unknown_combined,0.6940935426532246
chr18_11696613_C_T_PRS313_Known_combined,0.7527359340800825
chr18_25407513_C_G_PRS313_Unknown_combined,0.6876481481481481
chr18_20634253_C_T_PRS313_Unknown_combined,0.6618059952926558
chr18_42411803_G_C_PRS313_Unknown_combined,0.8049277409540366
