SNP,R2 Score
chr18_29981526_G_A_PRS313_Unknown_combined,0.8566204528109902
chr18_42888797_T_C_PRS313_Unknown_combined,0.5541227305647969
chr18_24337424_C_G_PRS313_Known_combined,0.48235159054855103
chr18_24125857_T_C_PRS313_Unknown_combined,0.6146393386580479
chr18_24518050_AT_A_PRS313_Unknown_combined,0.5944555661937483
chr18_11696613_C_T_PRS313_Known_combined,0.7732436864545759
chr18_25407513_C_G_PRS313_Unknown_combined,0.6234661579152752
chr18_20634253_C_T_PRS313_Unknown_combined,0.6107903936564893
chr18_42411803_G_C_PRS313_Unknown_combined,0.7358048612984732
