SNP,IQS Score
chr18_29981526_G_A_PRS313_Unknown_combined,0.9566526501583344
chr18_42888797_T_C_PRS313_Unknown_combined,0.8023994936848187
chr18_42411803_G_C_PRS313_Unknown_combined,0.915007916760914
chr18_24337424_C_G_PRS313_Known_combined,-0.03405572755417967
chr18_24125857_T_C_PRS313_Unknown_combined,0.6914264597191427
chr18_24518050_AT_A_PRS313_Unknown_combined,0.8283412616833599
chr18_11696613_C_T_PRS313_Known_combined,0.5766305600368749
chr18_25407513_C_G_PRS313_Unknown_combined,0.7261457057897499
chr18_20634253_C_T_PRS313_Unknown_combined,0.806271015467384
