SNP,IQS Score
chr18_29981526_G_A_PRS313_Unknown_combined,0.9566526501583344
chr18_42888797_T_C_PRS313_Unknown_combined,0.7974418348219209
chr18_42411803_G_C_PRS313_Unknown_combined,0.915007916760914
chr18_24125857_T_C_PRS313_Unknown_combined,-0.02904929577464746
chr18_24518050_AT_A_PRS313_Unknown_combined,0.7017122443951713
chr18_25407513_C_G_PRS313_Unknown_combined,0.8403136354943583
chr18_20634253_C_T_PRS313_Unknown_combined,0.5766305600368749
