SNP,R2 Score
chr18_29981526_G_A_PRS313_Unknown_combined,0.9411622103546061
chr18_42888797_T_C_PRS313_Unknown_combined,0.6992677268415348
chr18_42411803_G_C_PRS313_Unknown_combined,0.8803142608841217
chr18_24337424_C_G_PRS313_Known_combined,-0.21724513300941473
chr18_24125857_T_C_PRS313_Unknown_combined,0.5410493818059072
chr18_24518050_AT_A_PRS313_Unknown_combined,0.7525233350773103
chr18_11696613_C_T_PRS313_Known_combined,0.393933629815468
chr18_25407513_C_G_PRS313_Unknown_combined,0.6074727563219007
chr18_20634253_C_T_PRS313_Unknown_combined,0.7013514902016088
