SNP,R2 Score
chr22_46283297_G_A_PRS313_Unknown_maternal,0.16387595065605065
chr22_46283297_G_A_PRS313_Unknown_paternal,0.16554911070502154
chr22_39343916_T_A_PRS313_Unknown_maternal,0.9989639122663746
chr22_39343916_T_A_PRS313_Unknown_paternal,0.9989269103180679
"chr22_38583315_AAAAG_AAAAGAAAG,AAAAGAAAGAAAG,A_PRS313_Unknown_maternal",-0.2401743007686763
"chr22_38583315_AAAAG_AAAAGAAAG,AAAAGAAAGAAAG,A_PRS313_Unknown_paternal",-0.2587265746946099
chr22_40904707_CT_C_PRS313_Unknown_maternal,0.9617786411587628
chr22_40904707_CT_C_PRS313_Unknown_paternal,0.9967241344606926
chr22_19766137_C_T_PRS313_Unknown_maternal,0.6319142481733664
chr22_19766137_C_T_PRS313_Unknown_paternal,0.714825403059516
chr22_43433100_C_T_PRS313_Unknown_maternal,0.8342616682414399
chr22_43433100_C_T_PRS313_Unknown_paternal,0.7743930112996522
chr22_45319953_G_A_PRS313_Unknown_maternal,0.7877182213503064
chr22_45319953_G_A_PRS313_Unknown_paternal,0.8216394109960021
chr22_29203724_C_T_PRS313_Unknown_maternal,0.7898759037739422
chr22_29203724_C_T_PRS313_Unknown_paternal,0.994992517301197
chr22_29551872_A_G_PRS313_Unknown_maternal,0.12199973926174712
chr22_29551872_A_G_PRS313_Unknown_paternal,0.7345518197812465
chr22_29135543_G_A_PRS313_Unknown_maternal,0.8050387689254245
chr22_29135543_G_A_PRS313_Unknown_paternal,0.8949795749221034
chr22_29121087_A_G_PRS313_Unknown_maternal,-0.0016988433758418076
chr22_29121087_A_G_PRS313_Unknown_paternal,0.0
