SNP,R2 Score
chr22_46283297_G_A_PRS313_Unknown_maternal,0.157257024993404
chr22_46283297_G_A_PRS313_Unknown_paternal,0.12949242149737716
"chr22_38583315_AAAAG_AAAAGAAAG,AAAAGAAAGAAAG,A_PRS313_Unknown_maternal",0.7513930727321578
"chr22_38583315_AAAAG_AAAAGAAAG,AAAAGAAAGAAAG,A_PRS313_Unknown_paternal",0.7243799886150342
chr22_19766137_C_T_PRS313_Unknown_maternal,0.660296676965535
chr22_19766137_C_T_PRS313_Unknown_paternal,0.6411694088413228
chr22_43433100_C_T_PRS313_Unknown_maternal,0.8998900402848227
chr22_43433100_C_T_PRS313_Unknown_paternal,0.8146947784962851
chr22_45319953_G_A_PRS313_Unknown_maternal,0.8155529748592845
chr22_45319953_G_A_PRS313_Unknown_paternal,0.7820969283110255
chr22_29203724_C_T_PRS313_Unknown_maternal,0.8333140984900171
chr22_29203724_C_T_PRS313_Unknown_paternal,0.9973069925460673
chr22_29551872_A_G_PRS313_Unknown_maternal,0.9738809418610441
chr22_29551872_A_G_PRS313_Unknown_paternal,0.8006805463613841
chr22_29135543_G_A_PRS313_Unknown_maternal,0.8169009047137441
chr22_29135543_G_A_PRS313_Unknown_paternal,0.8885147351439484
