SNP,IQS Score
chr22_46283297_G_A_PRS313_Unknown_maternal,0.5065574620289254
chr22_46283297_G_A_PRS313_Unknown_paternal,0.4758823813432477
"chr22_38583315_AAAAG_AAAAGAAAG,AAAAGAAAGAAAG,A_PRS313_Unknown_maternal",0.8567261496225119
"chr22_38583315_AAAAG_AAAAGAAAG,AAAAGAAAGAAAG,A_PRS313_Unknown_paternal",0.8335978152563014
chr22_19766137_C_T_PRS313_Unknown_maternal,0.8109175881091758
chr22_19766137_C_T_PRS313_Unknown_paternal,0.783130791676019
chr22_43433100_C_T_PRS313_Unknown_maternal,0.9423806785508914
chr22_43433100_C_T_PRS313_Unknown_paternal,0.8666915012505982
chr22_45319953_G_A_PRS313_Unknown_maternal,0.8825301204819276
chr22_45319953_G_A_PRS313_Unknown_paternal,0.8753864193582773
chr22_29203724_C_T_PRS313_Unknown_maternal,0.8561584840654571
chr22_29203724_C_T_PRS313_Unknown_paternal,1.0
chr22_29551872_A_G_PRS313_Unknown_maternal,1.0
chr22_29551872_A_G_PRS313_Unknown_paternal,0.6657771847898514
chr22_29135543_G_A_PRS313_Unknown_maternal,0.8635744758101115
chr22_29135543_G_A_PRS313_Unknown_paternal,0.9100146255099681
