SNP,R2 Score
chr22_46283297_G_A_PRS313_Unknown_maternal,0.34647114574023513
chr22_46283297_G_A_PRS313_Unknown_paternal,0.44512829613554405
chr22_39343916_T_A_PRS313_Known_maternal,0.7937530356923894
chr22_39343916_T_A_PRS313_Known_paternal,0.7897912093923348
"chr22_38583315_AAAAG_AAAAGAAAG,AAAAGAAAGAAAG,A_PRS313_Unknown_maternal",0.7888226672412227
"chr22_38583315_AAAAG_AAAAGAAAG,AAAAGAAAGAAAG,A_PRS313_Unknown_paternal",0.7822225870621231
chr22_40904707_CT_C_PRS313_Unknown_maternal,0.7999758896515171
chr22_40904707_CT_C_PRS313_Unknown_paternal,0.8818367748821303
chr22_19766137_C_T_PRS313_Unknown_maternal,0.7197544907956324
chr22_19766137_C_T_PRS313_Unknown_paternal,0.7695599085576318
chr22_43433100_C_T_PRS313_Unknown_maternal,0.8718260213821227
chr22_43433100_C_T_PRS313_Unknown_paternal,0.8210395764125447
chr22_45319953_G_A_PRS313_Unknown_maternal,0.8506837671374664
chr22_45319953_G_A_PRS313_Unknown_paternal,0.8138077323511584
chr22_29203724_C_T_PRS313_Unknown_maternal,0.8012212528899785
chr22_29203724_C_T_PRS313_Unknown_paternal,0.9409950636293056
chr22_29135543_G_A_PRS313_Unknown_maternal,0.9995201391462688
chr22_29135543_G_A_PRS313_Unknown_paternal,0.999386282347041
chr22_29121087_A_G_PRS313_Known_maternal,0.0002876712328767123
chr22_29121087_A_G_PRS313_Known_paternal,nan
chr22_29551872_A_G_PRS313_Unknown_maternal,0.18093746296169377
chr22_29551872_A_G_PRS313_Unknown_paternal,0.3431288287625981
