SNP,IQS Score
chr22_46283297_G_A_PRS313_Unknown_maternal,0.4967600890236936
chr22_46283297_G_A_PRS313_Unknown_paternal,0.5484622028615419
"chr22_38583315_AAAAG_AAAAGAAAG,AAAAGAAAGAAAG,A_PRS313_Unknown_maternal",0.8649658441377388
"chr22_38583315_AAAAG_AAAAGAAAG,AAAAGAAAGAAAG,A_PRS313_Unknown_paternal",0.8447211969231637
chr22_40904707_CT_C_PRS313_Unknown_maternal,0.8803690650161896
chr22_40904707_CT_C_PRS313_Unknown_paternal,0.8806355839014735
chr22_19766137_C_T_PRS313_Unknown_maternal,0.8843839312658655
chr22_19766137_C_T_PRS313_Unknown_paternal,0.936578264447117
chr22_43433100_C_T_PRS313_Unknown_maternal,0.7569494978896814
chr22_43433100_C_T_PRS313_Unknown_paternal,0.8185118697825684
chr22_45319953_G_A_PRS313_Unknown_maternal,0.9158124684926896
chr22_45319953_G_A_PRS313_Unknown_paternal,0.8038261453263964
chr22_29203724_C_T_PRS313_Unknown_maternal,0.8939077274359423
chr22_29203724_C_T_PRS313_Unknown_paternal,0.8605697151424289
chr22_29135543_G_A_PRS313_Unknown_maternal,0.398077693231871
chr22_29135543_G_A_PRS313_Unknown_paternal,0.0
chr22_29551872_A_G_PRS313_Unknown_maternal,1.0
chr22_29551872_A_G_PRS313_Unknown_paternal,1.0
