SNP,IQS Score
chr13_73806982_T_C_PRS313_Unknown_combined,0.4919058553386911
chr13_32972626_A_T_PRS313_Known_combined,1.0
chr13_32839990_G_A_PRS313_Unknown_combined,0.2194524816381006
chr13_73960952_A_G_PRS313_Unknown_combined,0.908867667121419
chr13_43501356_A_G_PRS313_Unknown_combined,0.6601512448810392
