SNP,R2 Score
chr13_73806982_T_C_PRS313_Unknown_combined,0.34556046913776295
chr13_32839990_G_A_PRS313_Unknown_combined,0.9991369491000383
chr13_73960952_A_G_PRS313_Unknown_combined,0.1926247885920891
chr13_43501356_A_G_PRS313_Unknown_combined,0.9002722306092663
