SNP,R2 Score
chr13_73806982_T_C_PRS313_Unknown_combined,0.14079036088065178
chr13_32839990_G_A_PRS313_Unknown_combined,-0.3973123732251642
chr13_73960952_A_G_PRS313_Unknown_combined,0.9271343384883888
chr13_32972626_A_T_PRS313_Known_combined,1.0
chr13_43501356_A_G_PRS313_Unknown_combined,0.5479814946345957
