SNP,IQS Score
chr13_73806982_T_C_PRS313_Unknown_combined,0.09391176317147114
chr13_32972626_A_T_PRS313_Known_combined,0.5697108502719692
chr13_32839990_G_A_PRS313_Unknown_combined,0.049185513205757446
chr13_73960952_A_G_PRS313_Unknown_combined,0.8584995586937334
chr13_43501356_A_G_PRS313_Unknown_combined,0.3117181423680519
