SNP,R2 Score
chr13_73806982_T_C_PRS313_Unknown_combined,0.33617989920348357
chr13_32839990_G_A_PRS313_Unknown_combined,0.9988240582034646
chr13_73960952_A_G_PRS313_Unknown_combined,0.2423800431114107
chr13_43501356_A_G_PRS313_Unknown_combined,0.8857097635682908
