SNP,IQS Score
chr13_73806982_T_C_PRS313_Unknown_combined,0.3153692614770459
chr13_32972626_A_T_PRS313_Known_combined,0.003992015968063872
chr13_32839990_G_A_PRS313_Unknown_combined,0.015968063872255488
chr13_73960952_A_G_PRS313_Unknown_combined,0.06187624750499002
chr13_43501356_A_G_PRS313_Unknown_combined,0.20758483033932135
