SNP,R2 Score
chr13_73806982_T_C_PRS313_Unknown_combined,-0.36592301603588706
chr13_32972626_A_T_PRS313_Known_combined,-0.004008016032054362
chr13_32839990_G_A_PRS313_Unknown_combined,-0.016227180527392138
chr13_73960952_A_G_PRS313_Unknown_combined,0.8117637077616711
chr13_43501356_A_G_PRS313_Unknown_combined,0.48065958958017374
