SNP,R2 Score
chr13_73806982_T_C_PRS313_Unknown_combined,-1.4013807862566399
chr13_32972626_A_T_PRS313_Known_combined,-5.024048096192327
chr13_32839990_G_A_PRS313_Unknown_combined,-11.95689655172425
chr13_73960952_A_G_PRS313_Unknown_combined,0.8056915693023702
chr13_43501356_A_G_PRS313_Unknown_combined,0.033449791718656585
