SNP,R2 Score
chr13_73806982_T_C_PRS313_Unknown_combined,0.3453136388120178
chr13_32972626_A_T_PRS313_Known_combined,0.9944019045669612
chr13_32839990_G_A_PRS313_Unknown_combined,0.19025125040252
chr13_73960952_A_G_PRS313_Unknown_combined,0.8813133895918648
chr13_43501356_A_G_PRS313_Unknown_combined,0.49553150400236856
