SNP,IQS Score
chr20_52296849_G_A_PRS313_Unknown_combined,0.36590897507772296
chr20_41613706_C_G_PRS313_Unknown_combined,0.9141613743317951
chr20_11379842_T_C_PRS313_Unknown_combined,0.7097895346592002
chr20_5948227_G_A_PRS313_Known_combined,0.5377727124715073
