SNP,R2 Score
chr20_52296849_G_A_PRS313_Unknown_combined,0.3224717522998576
chr20_41613706_C_G_PRS313_Unknown_combined,0.8130139714965301
chr20_11379842_T_C_PRS313_Unknown_combined,0.0034422019115167846
