SNP,IQS Score
chr20_52296849_G_A_PRS313_Unknown_combined,0.44876535416027846
chr20_41613706_C_G_PRS313_Unknown_combined,0.922071861875873
chr20_11379842_T_C_PRS313_Unknown_combined,0.0
