SNP,IQS Score
chr20_52296849_G_A_PRS313_Unknown_combined,0.07767263517078836
chr20_41613706_C_G_PRS313_Unknown_combined,0.39541745819189694
chr20_11379842_T_C_PRS313_Unknown_combined,0.45668152789492783
chr20_5948227_G_A_PRS313_Known_combined,0.1578166716107983
