SNP,R2 Score
chr20_52296849_G_A_PRS313_Unknown_combined,0.3227678379181417
chr20_41613706_C_G_PRS313_Unknown_combined,0.6368935348507616
chr20_11379842_T_C_PRS313_Unknown_combined,-0.0014481513131341384
