SNP,R2 Score
chr20_52296849_G_A_PRS313_Unknown_combined,-0.6652720981440807
chr20_41613706_C_G_PRS313_Unknown_combined,-0.479932154291812
chr20_11379842_T_C_PRS313_Unknown_combined,-0.3951113861386215
chr20_5948227_G_A_PRS313_Known_combined,-0.3432608695652062
