SNP,IQS Score
chr20_52296849_G_A_PRS313_Unknown_combined,0.47640339158646644
chr20_41613706_C_G_PRS313_Unknown_combined,0.7244729605866156
chr20_11379842_T_C_PRS313_Unknown_combined,0.0
