SNP,R2 Score
chr20_52296849_G_A_PRS313_Unknown_combined,0.07017930166718511
chr20_41613706_C_G_PRS313_Unknown_combined,0.7803971642018601
chr20_11379842_T_C_PRS313_Unknown_combined,0.43162128712870973
chr20_5948227_G_A_PRS313_Known_combined,-0.05282608695651292
