SNP,R2 Score
chr20_52296849_G_A_PRS313_Unknown_combined,0.12271154451084698
chr20_41613706_C_G_PRS313_Unknown_combined,0.8567807592620827
chr20_11379842_T_C_PRS313_Unknown_combined,0.5349628712871262
chr20_5948227_G_A_PRS313_Known_combined,0.38282608695652687
