SNP,R2 Score
chr20_52296849_G_A_PRS313_Unknown_combined,0.32296612367495736
chr20_41613706_C_G_PRS313_Unknown_combined,0.8224890494670148
chr20_11379842_T_C_PRS313_Unknown_combined,0.0033783195096189766
chr20_5948227_G_A_PRS313_Known_combined,-0.05258313526270331
