SNP,IQS Score
chr20_52296849_G_A_PRS313_Unknown_combined,0.3333333333333333
chr20_41613706_C_G_PRS313_Unknown_combined,0.04590818363273453
chr20_11379842_T_C_PRS313_Unknown_combined,0.021956087824351298
chr20_5948227_G_A_PRS313_Known_combined,0.05389221556886228
