SNP,R2 Score
chr10_38523626_C_A_PRS313_Unknown_combined,0.5020545608283531
chr10_123340431_GC_G_PRS313_Unknown_combined,0.9429306966783618
chr10_123340107_A_G_PRS313_Unknown_combined,0.804282312672074
chr10_123349324_A_T_PRS313_Unknown_combined,-0.05252100840336138
chr10_22477776_ACC_A_PRS313_Unknown_combined,0.5437270780515434
"chr10_22861490_A_C,T_PRS313_Unknown_combined",0.36684533926002794
chr10_123095209_G_A_PRS313_Unknown_combined,0.5684334317088897
chr10_13892298_G_A_PRS313_Unknown_combined,0.4042019027484167
chr10_5794652_A_G_PRS313_Unknown_combined,0.8373125096644511
chr10_115128491_T_C_PRS313_Known_combined,0.38271222623408574
chr10_22032942_A_G_PRS313_Known_combined,0.4702967025705449
chr10_64299890_A_G_PRS313_Unknown_combined,0.7966870803512153
chr10_80886726_A_G_PRS313_Unknown_combined,0.6036329688760917
chr10_80851257_G_T_PRS313_Known_combined,-0.43840880580928765
chr10_95292187_CAA_C_PRS313_Unknown_combined,0.12668573337229527
chr10_71335574_C_T_PRS313_Unknown_combined,-0.010881735479348453
chr10_64819996_G_T_PRS313_Known_combined,-0.36627894965189123
chr10_114777670_C_T_PRS313_Unknown_combined,0.9938850984364892
