SNP,R2 Score
chr10_38523626_C_A_PRS313_Unknown_combined,0.7299629598707753
chr10_123340431_GC_G_PRS313_Unknown_combined,0.895018732323059
chr10_123340107_A_G_PRS313_Unknown_combined,0.7839707302859527
chr10_123349324_A_T_PRS313_Unknown_combined,0.7184041374504451
chr10_22477776_ACC_A_PRS313_Unknown_combined,0.6540514705978102
"chr10_22861490_A_C,T_PRS313_Unknown_combined",0.011291345808253084
chr10_123095209_G_A_PRS313_Unknown_combined,0.8785570236791109
chr10_13892298_G_A_PRS313_Unknown_combined,0.549774698203991
chr10_5794652_A_G_PRS313_Unknown_combined,0.9145548894583471
chr10_64299890_A_G_PRS313_Unknown_combined,0.17535669259340436
chr10_80886726_A_G_PRS313_Unknown_combined,0.4758659933035053
chr10_95292187_CAA_C_PRS313_Unknown_combined,0.8366250582617204
chr10_71335574_C_T_PRS313_Unknown_combined,0.8634157560715006
chr10_114777670_C_T_PRS313_Unknown_combined,-0.2301945985597409
