SNP,IQS Score
chr10_38523626_C_A_PRS313_Unknown_combined,0.8505382668064542
chr10_123340431_GC_G_PRS313_Unknown_combined,0.9202694817251074
chr10_123340107_A_G_PRS313_Unknown_combined,0.8634207513221744
chr10_123349324_A_T_PRS313_Unknown_combined,0.7544883503363476
chr10_22477776_ACC_A_PRS313_Unknown_combined,0.7693655053164613
"chr10_22861490_A_C,T_PRS313_Unknown_combined",0.0
chr10_123095209_G_A_PRS313_Unknown_combined,0.9318888605658936
chr10_13892298_G_A_PRS313_Unknown_combined,0.33099987860640145
chr10_5794652_A_G_PRS313_Unknown_combined,0.9673118747281427
chr10_64299890_A_G_PRS313_Unknown_combined,0.41676367869615827
chr10_80886726_A_G_PRS313_Unknown_combined,0.6437966583718449
chr10_71335574_C_T_PRS313_Unknown_combined,0.908024875507722
chr10_114777670_C_T_PRS313_Unknown_combined,0.9337465906273247
