SNP,IQS Score
chr10_38523626_C_A_PRS313_Unknown_combined,0.8005488781033211
chr10_123340431_GC_G_PRS313_Unknown_combined,0.9096387459551217
chr10_123340107_A_G_PRS313_Unknown_combined,0.8296871401783071
chr10_123349324_A_T_PRS313_Unknown_combined,0.7442097934555577
chr10_22477776_ACC_A_PRS313_Unknown_combined,0.779252765130546
"chr10_22861490_A_C,T_PRS313_Unknown_combined",0.19323671497584569
chr10_123095209_G_A_PRS313_Unknown_combined,0.9017722425389356
chr10_13892298_G_A_PRS313_Unknown_combined,0.6286047613839367
chr10_5794652_A_G_PRS313_Unknown_combined,0.9185092009238877
chr10_115128491_T_C_PRS313_Known_combined,0.3203463203463204
chr10_22032942_A_G_PRS313_Known_combined,0.5905907074480504
chr10_64299890_A_G_PRS313_Unknown_combined,0.8611354922160113
chr10_80886726_A_G_PRS313_Unknown_combined,0.9089015621125712
chr10_80851257_G_T_PRS313_Known_combined,0.02056013179571649
chr10_95292187_CAA_C_PRS313_Unknown_combined,0.3583883361245201
chr10_71335574_C_T_PRS313_Unknown_combined,0.38959131802961233
chr10_64819996_G_T_PRS313_Known_combined,0.12861027412361278
chr10_114777670_C_T_PRS313_Unknown_combined,0.9958809165577287
