SNP,IQS Score
chr10_38523626_C_A_PRS313_Unknown_combined,0.5542588840399002
chr10_123340431_GC_G_PRS313_Unknown_combined,0.6668528566868817
chr10_123340107_A_G_PRS313_Unknown_combined,0.38804918806717265
chr10_123349324_A_T_PRS313_Unknown_combined,0.36003480385804487
chr10_22477776_ACC_A_PRS313_Unknown_combined,0.5134832299992529
"chr10_22861490_A_C,T_PRS313_Unknown_combined",0.43569526930165886
chr10_123095209_G_A_PRS313_Unknown_combined,0.4135545694426992
chr10_13892298_G_A_PRS313_Unknown_combined,0.3405415569763067
chr10_5794652_A_G_PRS313_Unknown_combined,0.43430109356390456
chr10_115128491_T_C_PRS313_Known_combined,0.22461601070422185
chr10_22032942_A_G_PRS313_Known_combined,0.43016999482387547
chr10_64299890_A_G_PRS313_Unknown_combined,0.420705491498925
chr10_80886726_A_G_PRS313_Unknown_combined,0.4804929758861876
chr10_80851257_G_T_PRS313_Known_combined,0.02411778066860775
chr10_95292187_CAA_C_PRS313_Unknown_combined,0.19826056705514006
chr10_71335574_C_T_PRS313_Unknown_combined,0.020798006006496797
chr10_64819996_G_T_PRS313_Known_combined,-0.009367149254006375
chr10_114777670_C_T_PRS313_Unknown_combined,0.6542895553995693
