SNP,R2 Score
chr10_38523626_C_A_PRS313_Unknown_combined,0.7390737174771868
chr10_123340431_GC_G_PRS313_Unknown_combined,0.90500193750689
chr10_123340107_A_G_PRS313_Unknown_combined,0.7863129862196047
chr10_123349324_A_T_PRS313_Unknown_combined,0.6395462880012938
chr10_22477776_ACC_A_PRS313_Unknown_combined,0.6685651584952855
"chr10_22861490_A_C,T_PRS313_Unknown_combined",0.039547660049838895
chr10_123095209_G_A_PRS313_Unknown_combined,0.8887951270762224
chr10_13892298_G_A_PRS313_Unknown_combined,0.14957412694630257
chr10_5794652_A_G_PRS313_Unknown_combined,0.9146216627329451
chr10_64299890_A_G_PRS313_Unknown_combined,0.23374979371899984
chr10_80886726_A_G_PRS313_Unknown_combined,0.5341588365369452
chr10_71335574_C_T_PRS313_Unknown_combined,0.8356681960364053
chr10_114777670_C_T_PRS313_Unknown_combined,0.8691734784098666
