SNP,R2 Score
chr10_38523626_C_A_PRS313_Unknown_combined,0.49090652860809225
chr10_123340431_GC_G_PRS313_Unknown_combined,0.6195379778557457
chr10_123340107_A_G_PRS313_Unknown_combined,-0.5191420492596164
chr10_123349324_A_T_PRS313_Unknown_combined,-1.904957983193277
chr10_22477776_ACC_A_PRS313_Unknown_combined,0.2847613655943113
"chr10_22861490_A_C,T_PRS313_Unknown_combined",-0.11347888612891621
chr10_123095209_G_A_PRS313_Unknown_combined,0.33576276010846506
chr10_13892298_G_A_PRS313_Unknown_combined,0.24697740486258213
chr10_5794652_A_G_PRS313_Unknown_combined,-0.13106540899953
chr10_115128491_T_C_PRS313_Known_combined,0.1318359117623773
chr10_22032942_A_G_PRS313_Known_combined,0.296487808101505
chr10_64299890_A_G_PRS313_Unknown_combined,-0.3400169704124447
chr10_80886726_A_G_PRS313_Unknown_combined,0.3777037611354641
chr10_80851257_G_T_PRS313_Known_combined,-0.3852983268255601
chr10_95292187_CAA_C_PRS313_Unknown_combined,-0.2968978330758729
chr10_71335574_C_T_PRS313_Unknown_combined,-0.7471308607417639
chr10_64819996_G_T_PRS313_Known_combined,-0.9303865462884677
chr10_114777670_C_T_PRS313_Unknown_combined,0.6453357093163737
