SNP,R2 Score
chr10_38523626_C_A_PRS313_Unknown_combined,0.6834708405630328
chr10_123340431_GC_G_PRS313_Unknown_combined,0.8443073767275167
chr10_123340107_A_G_PRS313_Unknown_combined,0.7270830743221972
chr10_123349324_A_T_PRS313_Unknown_combined,0.6453068628445682
chr10_22477776_ACC_A_PRS313_Unknown_combined,0.5978641398617348
"chr10_22861490_A_C,T_PRS313_Unknown_combined",-0.0029775313747339993
chr10_123095209_G_A_PRS313_Unknown_combined,0.8312451965989782
chr10_13892298_G_A_PRS313_Unknown_combined,0.43055803868039544
chr10_5794652_A_G_PRS313_Unknown_combined,0.8753713655439924
chr10_115128491_T_C_PRS313_Known_combined,0.038954294004318823
chr10_22032942_A_G_PRS313_Known_combined,0.3483577863011965
chr10_64299890_A_G_PRS313_Unknown_combined,0.7733971853092885
chr10_80886726_A_G_PRS313_Unknown_combined,0.830515941513514
chr10_80851257_G_T_PRS313_Known_combined,-0.48515867972165316
chr10_95292187_CAA_C_PRS313_Unknown_combined,-0.043784370698816355
chr10_71335574_C_T_PRS313_Unknown_combined,0.07160995791505864
chr10_64819996_G_T_PRS313_Known_combined,-0.18528414475764565
chr10_114777670_C_T_PRS313_Unknown_combined,0.9889673110599148
