SNP,IQS Score
chr10_38523626_C_A_PRS313_Unknown_combined,0.7717525618782531
chr10_123340107_A_G_PRS313_Unknown_combined,0.7767213845353934
"chr10_22861490_A_C,T_PRS313_Unknown_combined",0.46835336991580456
chr10_123349324_A_T_PRS313_Unknown_combined,0.4423757968228267
chr10_123095209_G_A_PRS313_Unknown_combined,0.7807982042307108
chr10_13892298_G_A_PRS313_Unknown_combined,0.4733639977575047
chr10_5794652_A_G_PRS313_Unknown_combined,0.814450334910003
chr10_115128491_T_C_PRS313_Known_combined,0.7276691646664345
chr10_22032942_A_G_PRS313_Known_combined,0.7449329205366357
chr10_64299890_A_G_PRS313_Unknown_combined,0.8069319070918922
chr10_80886726_A_G_PRS313_Unknown_combined,0.7730346822679706
chr10_123340431_GC_G_PRS313_Unknown_combined,0.8612616354813739
chr10_80851257_G_T_PRS313_Known_combined,0.6437978643445759
chr10_22477776_ACC_A_PRS313_Unknown_combined,0.575380547174289
chr10_95292187_CAA_C_PRS313_Unknown_combined,0.35653072522605656
chr10_71335574_C_T_PRS313_Unknown_combined,0.29182435821439967
chr10_64819996_G_T_PRS313_Known_combined,0.30735782721481814
chr10_114777670_C_T_PRS313_Unknown_combined,0.9329309106840779
