SNP,IQS Score
chr10_38523626_C_A_PRS313_Unknown_combined,0.8416655989750161
chr10_123340431_GC_G_PRS313_Unknown_combined,0.9206851787353956
chr10_123340107_A_G_PRS313_Unknown_combined,0.8692503425327851
chr10_123349324_A_T_PRS313_Unknown_combined,0.7894957983193279
chr10_22477776_ACC_A_PRS313_Unknown_combined,0.7855791323151777
"chr10_22861490_A_C,T_PRS313_Unknown_combined",0.2173621959384029
chr10_123095209_G_A_PRS313_Unknown_combined,0.9232092373718452
chr10_13892298_G_A_PRS313_Unknown_combined,0.706717400848822
chr10_5794652_A_G_PRS313_Unknown_combined,0.9508293257434487
chr10_64299890_A_G_PRS313_Unknown_combined,0.3994826025093778
chr10_80886726_A_G_PRS313_Unknown_combined,0.6111873917975049
chr10_95292187_CAA_C_PRS313_Unknown_combined,0.9134924197948682
chr10_71335574_C_T_PRS313_Unknown_combined,0.9212609497654951
chr10_114777670_C_T_PRS313_Unknown_combined,-0.021571152607856057
