SNP,R2 Score
chr10_38523626_C_A_PRS313_Unknown_combined,0.7175831837533942
chr10_123340107_A_G_PRS313_Unknown_combined,0.6085646253441479
"chr10_22861490_A_C,T_PRS313_Unknown_combined",0.07210092822590308
chr10_123349324_A_T_PRS313_Unknown_combined,0.07378151260504207
chr10_123095209_G_A_PRS313_Unknown_combined,0.7298018007220874
chr10_13892298_G_A_PRS313_Unknown_combined,0.3049022198731528
chr10_5794652_A_G_PRS313_Unknown_combined,0.7288541827740853
chr10_115128491_T_C_PRS313_Known_combined,0.7062106317370782
chr10_22032942_A_G_PRS313_Known_combined,0.6937652811735963
chr10_64299890_A_G_PRS313_Unknown_combined,0.6950306205268229
chr10_80886726_A_G_PRS313_Unknown_combined,0.710652067279547
chr10_123340431_GC_G_PRS313_Unknown_combined,0.8325967102565281
chr10_80851257_G_T_PRS313_Known_combined,0.5087280694005203
chr10_22477776_ACC_A_PRS313_Unknown_combined,0.4635710241957335
chr10_95292187_CAA_C_PRS313_Unknown_combined,-0.06680305623983096
chr10_71335574_C_T_PRS313_Unknown_combined,-0.2621413575927125
chr10_64819996_G_T_PRS313_Known_combined,-0.07128690370432378
chr10_114777670_C_T_PRS313_Unknown_combined,0.9327360828013812
