SNP,IQS Score
chr10_38523626_C_A_PRS313_Unknown_combined,0.26746506986027946
chr10_123340431_GC_G_PRS313_Unknown_combined,0.029940119760479042
chr10_123340107_A_G_PRS313_Unknown_combined,0.041916167664670656
chr10_123349324_A_T_PRS313_Unknown_combined,0.0499001996007984
chr10_22477776_ACC_A_PRS313_Unknown_combined,0.13972055888223553
"chr10_22861490_A_C,T_PRS313_Unknown_combined",0.11177644710578842
chr10_123095209_G_A_PRS313_Unknown_combined,0.22954091816367264
chr10_13892298_G_A_PRS313_Unknown_combined,0.27944111776447106
chr10_5794652_A_G_PRS313_Unknown_combined,0.041916167664670656
chr10_115128491_T_C_PRS313_Known_combined,0.34930139720558884
chr10_22032942_A_G_PRS313_Known_combined,0.23952095808383234
chr10_64299890_A_G_PRS313_Unknown_combined,0.043912175648702596
chr10_80886726_A_G_PRS313_Unknown_combined,0.1996007984031936
chr10_80851257_G_T_PRS313_Known_combined,0.564870259481038
chr10_95292187_CAA_C_PRS313_Unknown_combined,0.31736526946107785
chr10_71335574_C_T_PRS313_Unknown_combined,0.3253493013972056
chr10_64819996_G_T_PRS313_Known_combined,0.46706586826347307
chr10_114777670_C_T_PRS313_Unknown_combined,0.003992015968063872
