SNP,IQS Score
chr1_121280613_A_G_PRS313_Known_combined,0.3605969249321676
chr1_41380440_C_T_PRS313_Known_combined,0.24511610213108773
chr1_217220574_G_A_PRS313_Known_combined,0.21901792673421694
chr1_110198129_CAAA_C_PRS313_Unknown_combined,0.34210287991305927
chr1_202184600_C_T_PRS313_Unknown_combined,0.24407161355703177
chr1_168171052_CA_C_PRS313_Unknown_combined,0.2672055427251731
chr1_118141492_A_C_PRS313_Unknown_combined,0.2141176470588234
chr1_114445880_G_A_PRS313_Unknown_combined,0.44785091674180955
chr1_100880328_A_T_PRS313_Unknown_combined,0.16110596017325596
chr1_208076291_G_A_PRS313_Unknown_combined,0.39774605559729537
chr1_220671050_C_T_PRS313_Unknown_combined,0.28562181633974054
chr1_88428199_C_A_PRS313_Unknown_combined,0.08155162875459661
chr1_145604302_C_CT_PRS313_Unknown_combined,0.40217921471623175
chr1_217053815_T_G_PRS313_Unknown_combined,0.4003119408037916
chr1_203770448_T_A_PRS313_Unknown_combined,0.26075529118826934
chr1_7917076_G_A_PRS313_Unknown_combined,0.22677660210508743
chr1_121287994_A_G_PRS313_Unknown_combined,0.14329116445861173
chr1_172328767_T_TA_PRS313_Unknown_combined,0.3381104872409782
chr1_41389220_T_C_PRS313_Unknown_combined,0.0
chr1_46670206_TC_T_PRS313_Unknown_combined,0.3567632575449778
chr1_204502514_T_TTCTGAAACAGGG_PRS313_Unknown_combined,0.12952679453548227
chr1_155556971_G_A_PRS313_Unknown_combined,0.4275368898978435
chr1_51467096_CT_C_PRS313_Unknown_combined,0.1568322245223685
