SNP,R2 Score
chr1_121280613_A_G_PRS313_Known_combined,0.11533783941810394
chr1_41380440_C_T_PRS313_Known_combined,-0.06499841230638936
chr1_217220574_G_A_PRS313_Known_combined,-0.1225415617825214
chr1_110198129_CAAA_C_PRS313_Unknown_combined,0.16098313822714183
chr1_202184600_C_T_PRS313_Unknown_combined,-0.06483935077840486
chr1_168171052_CA_C_PRS313_Unknown_combined,-0.029764022293360393
chr1_118141492_A_C_PRS313_Unknown_combined,-0.14129979401599324
chr1_114445880_G_A_PRS313_Unknown_combined,0.32557346447930047
chr1_100880328_A_T_PRS313_Unknown_combined,-0.15615997962854644
chr1_208076291_G_A_PRS313_Unknown_combined,0.2767083734359934
chr1_220671050_C_T_PRS313_Unknown_combined,0.0016050154038435016
chr1_88428199_C_A_PRS313_Unknown_combined,-0.334147359120357
chr1_145604302_C_CT_PRS313_Unknown_combined,0.13473549730291967
chr1_217053815_T_G_PRS313_Unknown_combined,0.20261406385646885
chr1_203770448_T_A_PRS313_Unknown_combined,-0.0981138605295131
chr1_7917076_G_A_PRS313_Unknown_combined,0.0710017908933882
chr1_121287994_A_G_PRS313_Unknown_combined,-0.0763033720796431
chr1_172328767_T_TA_PRS313_Unknown_combined,0.03844095447248297
chr1_41389220_T_C_PRS313_Unknown_combined,-0.010080645161269164
chr1_46670206_TC_T_PRS313_Unknown_combined,0.2396727864968815
chr1_204502514_T_TTCTGAAACAGGG_PRS313_Unknown_combined,0.06992574257424855
chr1_155556971_G_A_PRS313_Unknown_combined,0.26078650638337375
chr1_51467096_CT_C_PRS313_Unknown_combined,-0.031361275964385094
