SNP,IQS Score
chr17_43212339_C_CT_PRS313_Unknown_combined,0.6375266900774675
chr17_53209774_A_C_PRS313_Known_combined,0.9221949885551076
chr17_44283858_G_A_PRS313_Unknown_combined,0.9123610514765517
chr17_40485239_G_T_PRS313_Unknown_combined,0.7275693311582386
chr17_77781725_A_G_PRS313_Known_combined,0.7621172984881865
chr17_40127060_T_C_PRS313_Unknown_combined,0.2386521308225976
chr17_29168077_G_T_PRS313_Unknown_combined,0.9050376984962724
chr17_39251123_T_C_PRS313_Unknown_combined,0.5111914600550969
chr17_40744470_G_A_PRS313_Unknown_combined,1.0
