SNP,R2 Score
chr17_43212339_C_CT_PRS313_Unknown_combined,0.4805927124687084
chr17_53209774_A_C_PRS313_Known_combined,0.9038066616579007
chr17_44283858_G_A_PRS313_Unknown_combined,0.8151167471819648
chr17_40485239_G_T_PRS313_Unknown_combined,0.5479155387114207
chr17_77781725_A_G_PRS313_Known_combined,0.6994865478742129
chr17_40127060_T_C_PRS313_Unknown_combined,-0.09347124691592845
chr17_29168077_G_T_PRS313_Unknown_combined,0.852086340375279
chr17_39251123_T_C_PRS313_Unknown_combined,0.05667482583317307
chr17_40744470_G_A_PRS313_Unknown_combined,1.0
