SNP,R2 Score
chr1_114445880_G_A_PRS313_Unknown_combined,0.9636937577565184
chr1_88428199_C_A_PRS313_Unknown_combined,0.40188518196941314
chr1_202184600_C_T_PRS313_Unknown_combined,0.8823011752746435
chr1_118141492_A_C_PRS313_Unknown_combined,0.8797610539604892
chr1_168171052_CA_C_PRS313_Unknown_combined,0.4888024815409633
chr1_110198129_CAAA_C_PRS313_Unknown_combined,0.015481007356209053
chr1_220671050_C_T_PRS313_Unknown_combined,0.4276248199352951
chr1_46670206_TC_T_PRS313_Unknown_combined,0.8919812351702843
chr1_41389220_T_C_PRS313_Unknown_combined,0.5383363225075792
chr1_208076291_G_A_PRS313_Unknown_combined,0.9659794401083781
chr1_51467096_CT_C_PRS313_Unknown_combined,0.36683956178230637
chr1_100880328_A_T_PRS313_Unknown_combined,0.25022105516618454
chr1_7917076_G_A_PRS313_Unknown_combined,0.6966418866961381
chr1_217053815_T_G_PRS313_Unknown_combined,0.6131492634715169
chr1_145604302_C_CT_PRS313_Unknown_combined,0.8319526797890145
chr1_203770448_T_A_PRS313_Unknown_combined,0.5388872335585806
chr1_155556971_G_A_PRS313_Unknown_combined,0.9269257185976078
chr1_204502514_T_TTCTGAAACAGGG_PRS313_Unknown_combined,0.6955902190105124
chr1_172328767_T_TA_PRS313_Unknown_combined,0.4697684725443865
chr1_121287994_A_G_PRS313_Unknown_combined,0.9185353514083439
