SNP,IQS Score
chr1_114445880_G_A_PRS313_Unknown_combined,0.9784012622974848
chr1_88428199_C_A_PRS313_Unknown_combined,0.6149804300037531
chr1_202184600_C_T_PRS313_Unknown_combined,0.9321284276458915
chr1_118141492_A_C_PRS313_Unknown_combined,0.9145266510142902
chr1_168171052_CA_C_PRS313_Unknown_combined,0.6651787403064119
chr1_110198129_CAAA_C_PRS313_Unknown_combined,0.3616583357835931
chr1_220671050_C_T_PRS313_Unknown_combined,0.6460060640210363
chr1_46670206_TC_T_PRS313_Unknown_combined,0.9165866215852767
chr1_41389220_T_C_PRS313_Unknown_combined,0.49622926093514397
chr1_208076291_G_A_PRS313_Unknown_combined,0.9776976495726496
chr1_51467096_CT_C_PRS313_Unknown_combined,0.6034599728629579
chr1_100880328_A_T_PRS313_Unknown_combined,0.5249156379479732
chr1_7917076_G_A_PRS313_Unknown_combined,0.8068526817984676
chr1_217053815_T_G_PRS313_Unknown_combined,0.7662790401791394
chr1_145604302_C_CT_PRS313_Unknown_combined,0.9105379964796817
chr1_203770448_T_A_PRS313_Unknown_combined,0.7041133936694919
chr1_155556971_G_A_PRS313_Unknown_combined,0.9496229260935144
chr1_204502514_T_TTCTGAAACAGGG_PRS313_Unknown_combined,0.3311081441922567
chr1_172328767_T_TA_PRS313_Unknown_combined,0.6734580567290283
chr1_121287994_A_G_PRS313_Unknown_combined,0.9641031764986865
