SNP,IQS Score
chr20_52296849_G_A_PRS313_Unknown_combined,0.38404027313961014
chr20_41613706_C_G_PRS313_Unknown_combined,0.8695878524945769
chr20_11379842_T_C_PRS313_Unknown_combined,0.5913873256667489
chr20_5948227_G_A_PRS313_Known_combined,0.028651443343388254
