SNP,IQS Score
chr20_52296849_G_A_PRS313_Unknown_combined,0.38269732062732353
chr20_41613706_C_G_PRS313_Unknown_combined,0.9100982459288504
chr20_11379842_T_C_PRS313_Unknown_combined,0.5326888832358176
chr20_5948227_G_A_PRS313_Known_combined,0.0
