SNP,Accuracy Score
chr20_52296849_G_A_PRS313_Unknown_combined,0.7045908183632734
chr20_41613706_C_G_PRS313_Unknown_combined,0.9520958083832335
chr20_11379842_T_C_PRS313_Unknown_combined,0.9800399201596807
chr20_5948227_G_A_PRS313_Known_combined,0.9461077844311377
