SNP,R2 Score
chr1_88156923_G_A_PRS313_Known_combined,0.9828091660459293
chr1_120257110_T_C_PRS313_Known_combined,0.9615357400722022
chr1_114445880_G_A_PRS313_Unknown_combined,0.9630521057173679
chr1_88428199_C_A_PRS313_Unknown_combined,0.9516371405638077
chr1_202184600_C_T_PRS313_Unknown_combined,0.6416839919354838
chr1_121280613_A_G_PRS313_Known_combined,0.9644574844536571
chr1_118141492_A_C_PRS313_Unknown_combined,0.6971839669881306
chr1_168171052_CA_C_PRS313_Unknown_combined,0.9625734560199626
chr1_110198129_CAAA_C_PRS313_Unknown_combined,0.9194506994894954
chr1_220671050_C_T_PRS313_Unknown_combined,0.8223340919580475
chr1_46670206_TC_T_PRS313_Unknown_combined,0.7916449685586221
chr1_41389220_T_C_PRS313_Unknown_combined,0.9871548722044728
chr1_208076291_G_A_PRS313_Unknown_combined,0.9641452580037008
chr1_51467096_CT_C_PRS313_Unknown_combined,0.9987501030328648
chr1_100880328_A_T_PRS313_Unknown_combined,0.7583653694131955
chr1_149906413_T_C_PRS313_Known_combined,0.9216979686960525
chr1_18807339_T_C_PRS313_Known_combined,0.8589417360651084
chr1_7917076_G_A_PRS313_Unknown_combined,0.9189551836810423
chr1_217053815_T_G_PRS313_Unknown_combined,0.9817530984996738
chr1_145604302_C_CT_PRS313_Unknown_combined,0.946211662516305
chr1_203770448_T_A_PRS313_Unknown_combined,0.7179386734825697
chr1_10566215_A_G_PRS313_Known_combined,0.8216309632503994
chr1_242034263_A_G_PRS313_Known_combined,0.9918067296014133
chr1_41380440_C_T_PRS313_Known_combined,0.9620582396031608
chr1_217220574_G_A_PRS313_Known_combined,0.8060224075039083
chr1_155556971_G_A_PRS313_Unknown_combined,0.9868581929740134
chr1_201437832_C_T_PRS313_Known_combined,0.9365733855020739
chr1_204502514_T_TTCTGAAACAGGG_PRS313_Unknown_combined,0.9556235761113109
chr1_172328767_T_TA_PRS313_Unknown_combined,0.8821721222827844
chr1_121287994_A_G_PRS313_Unknown_combined,0.9992162077596997
