SNP,Accuracy Score
chr1_88156923_G_A_PRS313_Known_combined,0.9880239520958084
chr1_120257110_T_C_PRS313_Known_combined,0.9800399201596807
chr1_114445880_G_A_PRS313_Unknown_combined,0.9720558882235529
chr1_88428199_C_A_PRS313_Unknown_combined,0.9700598802395209
chr1_202184600_C_T_PRS313_Unknown_combined,0.9960079840319361
chr1_121280613_A_G_PRS313_Known_combined,0.9900199600798403
chr1_118141492_A_C_PRS313_Unknown_combined,0.8483033932135728
chr1_168171052_CA_C_PRS313_Unknown_combined,0.9940119760479041
chr1_110198129_CAAA_C_PRS313_Unknown_combined,0.9660678642714571
chr1_220671050_C_T_PRS313_Unknown_combined,0.8922155688622755
chr1_46670206_TC_T_PRS313_Unknown_combined,0.8842315369261478
chr1_41389220_T_C_PRS313_Unknown_combined,0.9920159680638723
chr1_208076291_G_A_PRS313_Unknown_combined,0.9780439121756487
chr1_51467096_CT_C_PRS313_Unknown_combined,1.0
chr1_100880328_A_T_PRS313_Unknown_combined,0.9021956087824351
chr1_149906413_T_C_PRS313_Known_combined,0.9820359281437125
chr1_18807339_T_C_PRS313_Known_combined,0.9500998003992016
chr1_7917076_G_A_PRS313_Unknown_combined,0.9600798403193613
chr1_217053815_T_G_PRS313_Unknown_combined,0.9880239520958084
chr1_145604302_C_CT_PRS313_Unknown_combined,0.9860279441117764
chr1_203770448_T_A_PRS313_Unknown_combined,0.8622754491017964
chr1_10566215_A_G_PRS313_Known_combined,0.9920159680638723
chr1_242034263_A_G_PRS313_Known_combined,0.9960079840319361
chr1_41380440_C_T_PRS313_Known_combined,0.9780439121756487
chr1_217220574_G_A_PRS313_Known_combined,0.9680638722554891
chr1_155556971_G_A_PRS313_Unknown_combined,0.9960079840319361
chr1_201437832_C_T_PRS313_Known_combined,0.9481037924151696
chr1_204502514_T_TTCTGAAACAGGG_PRS313_Unknown_combined,0.9840319361277445
chr1_172328767_T_TA_PRS313_Unknown_combined,0.9481037924151696
chr1_121287994_A_G_PRS313_Unknown_combined,1.0
