SNP,IQS Score
chr1_88156923_G_A_PRS313_Known_combined,0.9804406387048918
chr1_120257110_T_C_PRS313_Known_combined,0.9646306336834972
chr1_114445880_G_A_PRS313_Unknown_combined,0.9567093154591072
chr1_88428199_C_A_PRS313_Unknown_combined,0.9478432869486761
chr1_202184600_C_T_PRS313_Unknown_combined,0.748114630467572
chr1_121280613_A_G_PRS313_Known_combined,0.9691570834051564
chr1_118141492_A_C_PRS313_Unknown_combined,0.7499261127421039
chr1_168171052_CA_C_PRS313_Unknown_combined,0.9788857046527308
chr1_110198129_CAAA_C_PRS313_Unknown_combined,0.9279130589340578
chr1_220671050_C_T_PRS313_Unknown_combined,0.8267901044867856
chr1_46670206_TC_T_PRS313_Unknown_combined,0.7960856415042702
chr1_41389220_T_C_PRS313_Unknown_combined,0.984470774214046
chr1_208076291_G_A_PRS313_Unknown_combined,0.9633059898260846
chr1_51467096_CT_C_PRS313_Unknown_combined,1.0
chr1_100880328_A_T_PRS313_Unknown_combined,0.7904481434058899
chr1_149906413_T_C_PRS313_Known_combined,0.9472001686222159
chr1_18807339_T_C_PRS313_Known_combined,0.8999456790912431
chr1_7917076_G_A_PRS313_Unknown_combined,0.9188315633429732
chr1_217053815_T_G_PRS313_Unknown_combined,0.9779567053854274
chr1_145604302_C_CT_PRS313_Unknown_combined,0.9558334592715731
chr1_203770448_T_A_PRS313_Unknown_combined,0.7709129947845911
chr1_10566215_A_G_PRS313_Known_combined,0.8581038023082915
chr1_242034263_A_G_PRS313_Known_combined,0.9930943224579252
chr1_41380440_C_T_PRS313_Known_combined,0.9610846308653742
chr1_217220574_G_A_PRS313_Known_combined,0.8419714144898967
chr1_155556971_G_A_PRS313_Unknown_combined,0.9893515271312887
chr1_201437832_C_T_PRS313_Known_combined,0.9218685332805499
chr1_204502514_T_TTCTGAAACAGGG_PRS313_Unknown_combined,0.9640934216066582
chr1_172328767_T_TA_PRS313_Unknown_combined,0.8949465296707905
chr1_121287994_A_G_PRS313_Unknown_combined,1.0
