SNP,AUC Score
chr1_88156923_G_A_PRS313_Known_combined,0.9876270974616451
chr1_120257110_T_C_PRS313_Known_combined,0.9802011578364097
chr1_114445880_G_A_PRS313_Unknown_combined,0.9771063231654084
chr1_88428199_C_A_PRS313_Unknown_combined,0.9742401481917566
chr1_202184600_C_T_PRS313_Unknown_combined,0.8
chr1_121280613_A_G_PRS313_Known_combined,0.9742378310450479
chr1_118141492_A_C_PRS313_Unknown_combined,0.8938031259048044
chr1_168171052_CA_C_PRS313_Unknown_combined,0.9943169184474502
chr1_110198129_CAAA_C_PRS313_Unknown_combined,0.9699885980076285
chr1_220671050_C_T_PRS313_Unknown_combined,0.9122399561485729
chr1_46670206_TC_T_PRS313_Unknown_combined,0.8902020430571326
chr1_41389220_T_C_PRS313_Unknown_combined,0.9942401965648265
chr1_208076291_G_A_PRS313_Unknown_combined,0.9759678365725196
chr1_51467096_CT_C_PRS313_Unknown_combined,1.0
chr1_100880328_A_T_PRS313_Unknown_combined,0.8944373353125258
chr1_149906413_T_C_PRS313_Known_combined,0.981527200770512
chr1_18807339_T_C_PRS313_Known_combined,0.9471844948242824
chr1_7917076_G_A_PRS313_Unknown_combined,0.9562251928967963
chr1_217053815_T_G_PRS313_Unknown_combined,0.9890728243704038
chr1_145604302_C_CT_PRS313_Unknown_combined,0.984347780660257
chr1_203770448_T_A_PRS313_Unknown_combined,0.900837916559757
chr1_10566215_A_G_PRS313_Known_combined,0.7862741890766834
chr1_242034263_A_G_PRS313_Known_combined,0.9976057900343754
chr1_41380440_C_T_PRS313_Known_combined,0.9816920269824218
chr1_217220574_G_A_PRS313_Known_combined,0.9316918884832871
chr1_155556971_G_A_PRS313_Unknown_combined,0.9946418631750342
chr1_201437832_C_T_PRS313_Known_combined,0.9601700377162811
chr1_204502514_T_TTCTGAAACAGGG_PRS313_Unknown_combined,0.9878209093891384
chr1_172328767_T_TA_PRS313_Unknown_combined,0.9508128990729693
chr1_121287994_A_G_PRS313_Unknown_combined,1.0
