SNP,R2 Score
chr1_88156923_G_A_PRS313_Known_combined,0.9761795330998304
chr1_120257110_T_C_PRS313_Known_combined,0.9536239933351847
chr1_114445880_G_A_PRS313_Unknown_combined,0.9495577130528587
chr1_88428199_C_A_PRS313_Unknown_combined,0.9337137917651624
chr1_202184600_C_T_PRS313_Unknown_combined,0.5959677419354837
chr1_121280613_A_G_PRS313_Known_combined,0.9536385845424933
chr1_118141492_A_C_PRS313_Unknown_combined,0.6329840504451039
chr1_168171052_CA_C_PRS313_Unknown_combined,0.9639378089159748
chr1_110198129_CAAA_C_PRS313_Unknown_combined,0.8954815432947183
chr1_220671050_C_T_PRS313_Unknown_combined,0.784715038276065
chr1_46670206_TC_T_PRS313_Unknown_combined,0.7491175070188976
chr1_41389220_T_C_PRS313_Unknown_combined,0.9820152923861148
chr1_208076291_G_A_PRS313_Unknown_combined,0.9518992423977936
chr1_51467096_CT_C_PRS313_Unknown_combined,1.0
chr1_100880328_A_T_PRS313_Unknown_combined,0.6953481301307388
chr1_149906413_T_C_PRS313_Known_combined,0.9135113361721717
chr1_18807339_T_C_PRS313_Known_combined,0.8518382700861171
chr1_7917076_G_A_PRS313_Unknown_combined,0.8967180671229488
chr1_217053815_T_G_PRS313_Unknown_combined,0.9766564159910539
chr1_145604302_C_CT_PRS313_Unknown_combined,0.9306889600379462
chr1_203770448_T_A_PRS313_Unknown_combined,0.6810212781663499
chr1_10566215_A_G_PRS313_Known_combined,0.7712850947272312
chr1_242034263_A_G_PRS313_Known_combined,0.9907806116815723
chr1_41380440_C_T_PRS313_Known_combined,0.9470208225183134
chr1_217220574_G_A_PRS313_Known_combined,0.7389265242313705
chr1_155556971_G_A_PRS313_Unknown_combined,0.9866057106191851
chr1_201437832_C_T_PRS313_Known_combined,0.9214695668949552
chr1_204502514_T_TTCTGAAACAGGG_PRS313_Unknown_combined,0.944565848800863
chr1_172328767_T_TA_PRS313_Unknown_combined,0.8596850291918909
chr1_121287994_A_G_PRS313_Unknown_combined,1.0
