SNP,R2 Score
chr1_88156923_G_A_PRS313_Known_combined,0.9828728012163422
chr1_120257110_T_C_PRS313_Known_combined,0.9617200208647233
chr1_114445880_G_A_PRS313_Unknown_combined,0.9633356954980072
chr1_88428199_C_A_PRS313_Unknown_combined,0.9518374382469884
chr1_202184600_C_T_PRS313_Unknown_combined,0.659559260708741
chr1_121280613_A_G_PRS313_Known_combined,0.9644705587242541
chr1_118141492_A_C_PRS313_Unknown_combined,0.7248186794327376
chr1_168171052_CA_C_PRS313_Unknown_combined,0.9630859775857229
chr1_110198129_CAAA_C_PRS313_Unknown_combined,0.9197169756587524
chr1_220671050_C_T_PRS313_Unknown_combined,0.8235919356871055
chr1_46670206_TC_T_PRS313_Unknown_combined,0.7955296990686372
chr1_41389220_T_C_PRS313_Unknown_combined,0.9872272916255107
chr1_208076291_G_A_PRS313_Unknown_combined,0.9643096838688993
chr1_51467096_CT_C_PRS313_Unknown_combined,0.998758754745694
chr1_100880328_A_T_PRS313_Unknown_combined,0.7637333371012764
chr1_149906413_T_C_PRS313_Known_combined,0.9234531448057682
chr1_18807339_T_C_PRS313_Known_combined,0.8614958586558321
chr1_7917076_G_A_PRS313_Unknown_combined,0.9192863010770521
chr1_217053815_T_G_PRS313_Unknown_combined,0.9817923822631717
chr1_145604302_C_CT_PRS313_Unknown_combined,0.9470266306564754
chr1_203770448_T_A_PRS313_Unknown_combined,0.7443767454480916
chr1_10566215_A_G_PRS313_Known_combined,0.8239112771290956
chr1_242034263_A_G_PRS313_Known_combined,0.9919859493290558
chr1_41380440_C_T_PRS313_Known_combined,0.9622179062118373
chr1_217220574_G_A_PRS313_Known_combined,0.8138563865996791
chr1_155556971_G_A_PRS313_Unknown_combined,0.9869313640072498
chr1_201437832_C_T_PRS313_Known_combined,0.9370983945254951
chr1_204502514_T_TTCTGAAACAGGG_PRS313_Unknown_combined,0.9558912022543511
chr1_172328767_T_TA_PRS313_Unknown_combined,0.8833726074145937
chr1_121287994_A_G_PRS313_Unknown_combined,0.999265855815543
