SNP,R2 Score
chr6_152432902_C_T_PRS313_Unknown_combined,0.6363092682135172
chr6_152022664_CAAAAAAA_C_PRS313_Unknown_combined,0.11012420456543259
chr6_152055978_A_T_PRS313_Unknown_combined,0.8613850895462039
chr6_152023191_G_A_PRS313_Unknown_combined,0.9280005602751052
chr6_16399557_C_T_PRS313_Unknown_combined,0.012347420229428474
chr6_82263549_AAT_A_PRS313_Unknown_combined,0.3784834910545689
chr6_18783140_G_A_PRS313_Unknown_combined,0.5483445103322402
chr6_87803819_T_C_PRS313_Unknown_combined,0.6889616242888099
chr6_20537845_CA_C_PRS313_Unknown_combined,0.2156592934905961
chr6_85912194_CAA_C_PRS313_Unknown_combined,0.69100978171422
chr6_151949806_A_C_PRS313_Unknown_combined,0.9509466048049477
chr6_169006947_C_G_PRS313_Unknown_combined,0.06670675910154744
chr6_13713366_G_C_PRS313_Unknown_combined,0.8259757518170087
chr6_43227141_G_A_PRS313_Unknown_combined,0.6830909532903877
chr6_170332621_T_C_PRS313_Unknown_combined,0.7993314990668515
chr6_149595505_T_C_PRS313_Unknown_combined,0.8854317539184265
chr6_27425644_G_C_PRS313_Unknown_combined,0.5930517949245175
chr6_130341728_C_CT_PRS313_Unknown_combined,0.7378553202596272
