SNP,IQS Score
chr6_152432902_C_T_PRS313_Unknown_combined,0.7234632151667736
chr6_152022664_CAAAAAAA_C_PRS313_Unknown_combined,0.3212464137711188
chr6_152055978_A_T_PRS313_Unknown_combined,0.9160510000456988
chr6_152023191_G_A_PRS313_Unknown_combined,0.9627623113959384
chr6_16399557_C_T_PRS313_Unknown_combined,0.2140316313686861
chr6_82263549_AAT_A_PRS313_Unknown_combined,0.5841042713245299
chr6_18783140_G_A_PRS313_Unknown_combined,0.6610017466836613
chr6_87803819_T_C_PRS313_Unknown_combined,0.7946485662289116
chr6_20537845_CA_C_PRS313_Unknown_combined,0.4212751913199529
chr6_85912194_CAA_C_PRS313_Unknown_combined,0.7712676913711759
chr6_151949806_A_C_PRS313_Unknown_combined,0.9672912450218711
chr6_169006947_C_G_PRS313_Unknown_combined,0.34726574879397165
chr6_13713366_G_C_PRS313_Unknown_combined,0.9059578781394301
chr6_43227141_G_A_PRS313_Unknown_combined,0.7733031674208147
chr6_170332621_T_C_PRS313_Unknown_combined,0.8515270901610766
chr6_149595505_T_C_PRS313_Unknown_combined,0.9203130886107739
chr6_27425644_G_C_PRS313_Unknown_combined,0.7317699967876636
chr6_130341728_C_CT_PRS313_Unknown_combined,0.8488687782805431
