SNP,R2 Score
chr20_52296849_G_A_PRS313_Unknown_maternal,0.23162495633107727
chr20_52296849_G_A_PRS313_Unknown_paternal,0.2688089220501628
chr20_41613706_C_G_PRS313_Unknown_maternal,0.9271457347258663
chr20_41613706_C_G_PRS313_Unknown_paternal,0.9410184442346575
chr20_11379842_T_C_PRS313_Unknown_maternal,0.6594226023434646
chr20_11379842_T_C_PRS313_Unknown_paternal,0.614503320271525
chr20_5948227_G_A_PRS313_Known_maternal,0.501111045339144
chr20_5948227_G_A_PRS313_Known_paternal,0.6344836159849875
