SNP,R2 Score
chr20_52296849_G_A_PRS313_Unknown_maternal,0.14797264
chr20_52296849_G_A_PRS313_Unknown_paternal,0.2402476
chr20_41613706_C_G_PRS313_Unknown_maternal,0.92571986
chr20_41613706_C_G_PRS313_Unknown_paternal,0.9397888
chr20_11379842_T_C_PRS313_Unknown_maternal,0.64615357
chr20_11379842_T_C_PRS313_Unknown_paternal,0.52460366
