SNP,R2 Score
chr20_52296849_G_A_PRS313_Unknown_maternal,0.2497520278865083
chr20_52296849_G_A_PRS313_Unknown_paternal,0.2884507325468716
chr20_41613706_C_G_PRS313_Unknown_maternal,0.9342053291291633
chr20_41613706_C_G_PRS313_Unknown_paternal,0.9365646174457037
chr20_11379842_T_C_PRS313_Unknown_maternal,0.6801409067069739
chr20_11379842_T_C_PRS313_Unknown_paternal,0.7433996342235223
