SNP,R2 Score
chr20_52296849_G_A_PRS313_Unknown_maternal,0.2342298633899842
chr20_52296849_G_A_PRS313_Unknown_paternal,0.2800254617917932
chr20_41613706_C_G_PRS313_Unknown_maternal,0.9276826452638293
chr20_41613706_C_G_PRS313_Unknown_paternal,0.9369755114867648
chr20_11379842_T_C_PRS313_Unknown_maternal,0.6526442721502277
chr20_11379842_T_C_PRS313_Unknown_paternal,0.6143226492266696
chr20_5948227_G_A_PRS313_Unknown_maternal,0.992292973333698
chr20_5948227_G_A_PRS313_Unknown_paternal,0.9965568981081604
