SNP,IQS Score
chr20_52296849_G_A_PRS313_Unknown_maternal,0.36779455957538143
chr20_52296849_G_A_PRS313_Unknown_paternal,0.3197556008146642
chr20_41613706_C_G_PRS313_Unknown_maternal,0.9610025686930802
chr20_41613706_C_G_PRS313_Unknown_paternal,0.95300275792199
chr20_11379842_T_C_PRS313_Unknown_maternal,0.8204944464349678
chr20_11379842_T_C_PRS313_Unknown_paternal,0.8730038022813689
