SNP,IQS Score
chr20_52296849_G_A_PRS313_Unknown_maternal,0.4013899049012438
chr20_52296849_G_A_PRS313_Unknown_paternal,0.3482599074632873
chr20_41613706_C_G_PRS313_Unknown_maternal,0.9705311452267511
chr20_41613706_C_G_PRS313_Unknown_paternal,0.9431994255697065
chr20_11379842_T_C_PRS313_Unknown_maternal,0.797083839611177
chr20_11379842_T_C_PRS313_Unknown_paternal,0.3594520547945184
