SNP,IQS Score
chr22_46283297_G_A_PRS313_Unknown_combined,0.4573910246099405
"chr22_38583315_AAAAG_AAAAGAAAG,AAAAGAAAGAAAG,A_PRS313_Unknown_combined",0.8322785314607279
chr22_19766137_C_T_PRS313_Unknown_combined,0.708815734412052
chr22_43433100_C_T_PRS313_Unknown_combined,0.6790705800139759
chr22_45319953_G_A_PRS313_Unknown_combined,0.7304440000963647
chr22_29203724_C_T_PRS313_Unknown_combined,0.9323247332162617
chr22_29551872_A_G_PRS313_Unknown_combined,nan
chr22_29135543_G_A_PRS313_Unknown_combined,0.9007814999314473
