SNP,R2 Score
chr22_46283297_G_A_PRS313_Unknown_combined,0.1496150245293737
"chr22_38583315_AAAAG_AAAAGAAAG,AAAAGAAAGAAAG,A_PRS313_Unknown_combined",0.7143538549356936
chr22_19766137_C_T_PRS313_Unknown_combined,0.5427454338879169
chr22_43433100_C_T_PRS313_Unknown_combined,0.4349072625509617
chr22_45319953_G_A_PRS313_Unknown_combined,0.5775655701241087
chr22_29203724_C_T_PRS313_Unknown_combined,0.9077981003498262
chr22_29551872_A_G_PRS313_Unknown_combined,0.0
chr22_29135543_G_A_PRS313_Unknown_combined,0.8440732584955574
