SNP,R2 Score
chr7_25569548_C_T_PRS313_Unknown_combined,0.8737013849772443
"chr7_91459189_A_AT,ATT_PRS313_Unknown_combined",0.8451333709059279
chr7_98005235_G_A_PRS313_Unknown_combined,0.6228233609938219
chr7_28869017_G_A_PRS313_Unknown_combined,0.5331420377410376
chr7_55192256_A_C_PRS313_Unknown_combined,0.7123672773273528
chr7_101552440_G_A_PRS313_Unknown_combined,-0.16492896933997292
chr7_99948655_T_G_PRS313_Unknown_combined,0.40929864325882337
chr7_139943702_CT_C_PRS313_Unknown_combined,0.7447995944222868
chr7_102481842_T_C_PRS313_Unknown_combined,0.22260803799237538
chr7_130656911_C_T_PRS313_Unknown_combined,-0.03945187254228122
