SNP,IQS Score
chr7_25569548_C_T_PRS313_Unknown_combined,0.7951848496232296
"chr7_91459189_A_AT,ATT_PRS313_Unknown_combined",0.7599915460213462
chr7_98005235_G_A_PRS313_Unknown_combined,0.5109809663250368
chr7_28869017_G_A_PRS313_Unknown_combined,0.5778784973415848
chr7_55192256_A_C_PRS313_Unknown_combined,0.6007197604119321
chr7_144048902_G_T_PRS313_Known_combined,0.6688347743317206
chr7_101552440_G_A_PRS313_Unknown_combined,0.43966379149650064
chr7_99948655_T_G_PRS313_Unknown_combined,0.7075499752188997
chr7_139943702_CT_C_PRS313_Unknown_combined,0.24584938238809936
chr7_94113799_T_C_PRS313_Known_combined,0.8557890308438325
chr7_130674481_G_A_PRS313_Known_combined,0.694516851877258
chr7_21940960_A_G_PRS313_Known_combined,0.7249100115917271
chr7_102481842_T_C_PRS313_Unknown_combined,0.9280199392826356
chr7_130656911_C_T_PRS313_Unknown_combined,0.5091485965663567
