SNP,R2 Score
chr7_25569548_C_T_PRS313_Unknown_combined,0.7669839694893178
"chr7_91459189_A_AT,ATT_PRS313_Unknown_combined",0.7127640313820156
chr7_98005235_G_A_PRS313_Unknown_combined,0.35466225032620136
chr7_28869017_G_A_PRS313_Unknown_combined,0.44123426629136075
chr7_55192256_A_C_PRS313_Unknown_combined,0.616907391673745
chr7_144048902_G_T_PRS313_Known_combined,-0.5053580433686167
chr7_101552440_G_A_PRS313_Unknown_combined,-0.1780011368921499
chr7_99948655_T_G_PRS313_Unknown_combined,0.6744151169766025
chr7_139943702_CT_C_PRS313_Unknown_combined,0.09623340388685775
chr7_94113799_T_C_PRS313_Known_combined,-0.3526219104876316
chr7_130674481_G_A_PRS313_Known_combined,0.5947476272648835
chr7_21940960_A_G_PRS313_Known_combined,-0.3681363522223109
chr7_102481842_T_C_PRS313_Unknown_combined,0.9473621013133207
chr7_130656911_C_T_PRS313_Unknown_combined,0.3286800175412953
