SNP,R2 Score
chr7_25569548_C_T_PRS313_Unknown_combined,0.8814139718325128
"chr7_91459189_A_AT,ATT_PRS313_Unknown_combined",0.8474248644446101
chr7_98005235_G_A_PRS313_Unknown_combined,0.6408554897056279
chr7_28869017_G_A_PRS313_Unknown_combined,0.5715578226791804
chr7_55192256_A_C_PRS313_Unknown_combined,0.7124005953023824
chr7_144048902_G_T_PRS313_Unknown_combined,0.7025171918184552
chr7_101552440_G_A_PRS313_Unknown_combined,0.4162656438718837
chr7_99948655_T_G_PRS313_Unknown_combined,0.7583231211970157
chr7_139943702_CT_C_PRS313_Unknown_combined,0.300237707492766
chr7_102481842_T_C_PRS313_Unknown_combined,0.008707477930638752
chr7_130656911_C_T_PRS313_Unknown_combined,0.6243790354547843
