SNP,R2 Score
chr7_25569548_C_T_PRS313_Unknown_combined,0.8504612590521714
"chr7_91459189_A_AT,ATT_PRS313_Unknown_combined",0.8215733349296324
chr7_98005235_G_A_PRS313_Unknown_combined,0.5659061817313877
chr7_28869017_G_A_PRS313_Unknown_combined,0.4152932223280361
chr7_55192256_A_C_PRS313_Unknown_combined,0.6285770971814837
chr7_144048902_G_T_PRS313_Known_combined,-0.23326017963106227
chr7_101552440_G_A_PRS313_Unknown_combined,0.30741362501593117
chr7_99948655_T_G_PRS313_Unknown_combined,0.6892297342552762
chr7_139943702_CT_C_PRS313_Unknown_combined,0.13018322856890596
chr7_94113799_T_C_PRS313_Known_combined,-0.07802905106306457
chr7_130674481_G_A_PRS313_Known_combined,0.5305243398341845
chr7_21940960_A_G_PRS313_Known_combined,-0.12065948506996449
chr7_102481842_T_C_PRS313_Unknown_combined,0.9332007149873411
chr7_130656911_C_T_PRS313_Unknown_combined,0.32476833823107154
