SNP,IQS Score
chr7_25569548_C_T_PRS313_Unknown_combined,0.059880239520958084
"chr7_91459189_A_AT,ATT_PRS313_Unknown_combined",0.11377245508982035
chr7_98005235_G_A_PRS313_Unknown_combined,0.1536926147704591
chr7_28869017_G_A_PRS313_Unknown_combined,0.08383233532934131
chr7_55192256_A_C_PRS313_Unknown_combined,0.18163672654690619
chr7_144048902_G_T_PRS313_Known_combined,0.2654690618762475
chr7_101552440_G_A_PRS313_Unknown_combined,0.1656686626746507
chr7_99948655_T_G_PRS313_Unknown_combined,0.07784431137724551
chr7_139943702_CT_C_PRS313_Unknown_combined,0.405189620758483
chr7_94113799_T_C_PRS313_Known_combined,0.48502994011976047
chr7_130674481_G_A_PRS313_Known_combined,0.1497005988023952
chr7_21940960_A_G_PRS313_Known_combined,0.45708582834331335
chr7_102481842_T_C_PRS313_Unknown_combined,0.027944111776447105
chr7_130656911_C_T_PRS313_Unknown_combined,0.3213572854291417
