SNP,R2 Score
chr7_25569548_C_T_PRS313_Unknown_combined,0.6893119593190904
"chr7_91459189_A_AT,ATT_PRS313_Unknown_combined",0.6270971635485818
chr7_98005235_G_A_PRS313_Unknown_combined,0.22894710428585097
chr7_28869017_G_A_PRS313_Unknown_combined,0.14854745339635922
chr7_55192256_A_C_PRS313_Unknown_combined,0.4698617440333642
chr7_144048902_G_T_PRS313_Known_combined,0.4104891578416605
chr7_101552440_G_A_PRS313_Unknown_combined,0.10679034675210608
chr7_99948655_T_G_PRS313_Unknown_combined,0.5575384923015367
chr7_139943702_CT_C_PRS313_Unknown_combined,-0.16083798345199152
chr7_94113799_T_C_PRS313_Known_combined,0.8187207748831009
chr7_130674481_G_A_PRS313_Known_combined,0.5677308024158757
chr7_21940960_A_G_PRS313_Known_combined,0.6225830752490177
chr7_102481842_T_C_PRS313_Unknown_combined,0.9135234521575982
chr7_130656911_C_T_PRS313_Unknown_combined,0.3124055937241146
