SNP,IQS Score
chr7_25569548_C_T_PRS313_Unknown_combined,0.9268621351809637
"chr7_91459189_A_AT,ATT_PRS313_Unknown_combined",0.9081898509270253
chr7_98005235_G_A_PRS313_Unknown_combined,0.7563126506788479
chr7_28869017_G_A_PRS313_Unknown_combined,0.726975476839237
chr7_55192256_A_C_PRS313_Unknown_combined,0.8163531810579853
chr7_144048902_G_T_PRS313_Unknown_combined,0.8254017424975799
chr7_101552440_G_A_PRS313_Unknown_combined,0.5389117950228245
chr7_99948655_T_G_PRS313_Unknown_combined,0.8420056764427625
chr7_139943702_CT_C_PRS313_Unknown_combined,0.45840499238366667
chr7_102481842_T_C_PRS313_Unknown_combined,0.13690801570342392
chr7_130656911_C_T_PRS313_Unknown_combined,0.7811920595288125
