SNP,R2 Score
chr7_25569548_C_T_PRS313_Unknown_combined,0.2698831043998625
"chr7_91459189_A_AT,ATT_PRS313_Unknown_combined",0.2138805069402534
chr7_98005235_G_A_PRS313_Unknown_combined,-1.3550637358225637
chr7_28869017_G_A_PRS313_Unknown_combined,-1.4745339635668309
chr7_55192256_A_C_PRS313_Unknown_combined,0.06742102417548024
chr7_144048902_G_T_PRS313_Known_combined,-3.421331316187546
chr7_101552440_G_A_PRS313_Unknown_combined,-2.1327063200868164
chr7_99948655_T_G_PRS313_Unknown_combined,-0.5945310937812545
chr7_139943702_CT_C_PRS313_Unknown_combined,-0.5102944006157399
chr7_94113799_T_C_PRS313_Known_combined,-2.128228679581361
chr7_130674481_G_A_PRS313_Known_combined,-0.35624460742019015
chr7_21940960_A_G_PRS313_Known_combined,-1.914497363354808
chr7_102481842_T_C_PRS313_Unknown_combined,0.7443302063789861
chr7_130656911_C_T_PRS313_Unknown_combined,-0.11886663743117465
