SNP,IQS Score
chr7_25569548_C_T_PRS313_Unknown_combined,0.9091547859198986
"chr7_91459189_A_AT,ATT_PRS313_Unknown_combined",0.9041973420021033
chr7_98005235_G_A_PRS313_Unknown_combined,0.7213248953118604
chr7_28869017_G_A_PRS313_Unknown_combined,0.6721154285192456
chr7_55192256_A_C_PRS313_Unknown_combined,0.7554016463241554
chr7_144048902_G_T_PRS313_Known_combined,0.1622740664065612
chr7_101552440_G_A_PRS313_Unknown_combined,0.5199507220587231
chr7_99948655_T_G_PRS313_Unknown_combined,0.8176312915715279
chr7_139943702_CT_C_PRS313_Unknown_combined,0.4337077030374452
chr7_94113799_T_C_PRS313_Known_combined,0.18448182311448724
chr7_130674481_G_A_PRS313_Known_combined,0.708775779209615
chr7_21940960_A_G_PRS313_Known_combined,0.14796646526454335
chr7_102481842_T_C_PRS313_Unknown_combined,0.9644280802117883
chr7_130656911_C_T_PRS313_Unknown_combined,0.5001962515945443
