SNP,IQS Score
chr7_25569548_C_T_PRS313_Unknown_combined,0.9145702365659849
"chr7_91459189_A_AT,ATT_PRS313_Unknown_combined",0.9041973420021033
chr7_98005235_G_A_PRS313_Unknown_combined,0.7516375027687244
chr7_28869017_G_A_PRS313_Unknown_combined,0.7271878646441076
chr7_55192256_A_C_PRS313_Unknown_combined,0.8020723984964954
chr7_101552440_G_A_PRS313_Unknown_combined,0.14857975236707935
chr7_99948655_T_G_PRS313_Unknown_combined,0.5724288078028388
chr7_139943702_CT_C_PRS313_Unknown_combined,0.8448058413541321
chr7_102481842_T_C_PRS313_Unknown_combined,0.4418232900600659
chr7_130656911_C_T_PRS313_Unknown_combined,0.14988453229371007
