SNP,IQS Score
chr7_25569548_C_T_PRS313_Unknown_combined,0.5902300916771527
"chr7_91459189_A_AT,ATT_PRS313_Unknown_combined",0.4999287038357337
chr7_98005235_G_A_PRS313_Unknown_combined,0.1565973265244818
chr7_28869017_G_A_PRS313_Unknown_combined,0.28757293931122413
chr7_55192256_A_C_PRS313_Unknown_combined,0.27958900886297694
chr7_144048902_G_T_PRS313_Known_combined,-0.033260221953055884
chr7_101552440_G_A_PRS313_Unknown_combined,0.19364174652629096
chr7_99948655_T_G_PRS313_Unknown_combined,0.37012444384217535
chr7_139943702_CT_C_PRS313_Unknown_combined,0.05350560818041307
chr7_94113799_T_C_PRS313_Known_combined,-0.011078191420842461
chr7_130674481_G_A_PRS313_Known_combined,0.234481844183888
chr7_21940960_A_G_PRS313_Known_combined,0.0029053741151565233
chr7_102481842_T_C_PRS313_Unknown_combined,0.7822101185224962
chr7_130656911_C_T_PRS313_Unknown_combined,0.25900918280731533
