Fold,Train Loss,Val Loss,Val Accuracy,Val Precision,Val Recall,Val F1,Val ROC AUC
1,0.5197181515395641,0.1095743477344513,tensor(0.9474),0.9563953488372093,0.9422434367541767,0.9492666506371724,0.9921504291077129
2,0.3531683310866356,0.11686283349990845,tensor(0.9506),0.966456003889159,0.9390647142182333,0.9525634882606613,0.9910917312871277
3,0.29659974575042725,0.11391733586788177,tensor(0.9501),0.9657335907335908,0.9394366197183098,0.9524036173250833,0.9910050648227313
4,0.2741468586027622,0.1267002373933792,tensor(0.9404),0.9599804782820889,0.9260828625235404,0.9427270548765876,0.989685666990536
5,0.2625003373250365,0.11041480302810669,tensor(0.9492),0.9660688317983519,0.9374412041392286,0.9515397469563142,0.9917781173477533
,,,,,,,
Average,0.12235541807604022,0.11549391150474549,0.94753456,0.9629268507080798,0.9368537674706978,0.9497001116111636,0.9911422019111722
Std Dev,0.048570309906229465,0.006177051986795955,0.0037493072,0.00403847456547093,0.0056029531759410845,0.0036797699880509213,0.0008442462155410378
