Fold,Train Loss,Val Loss,Val Accuracy,Val Precision,Val Recall,Val F1,Val ROC AUC
1,0.5409475546330214,0.27045512199401855,tensor(0.9146),0.889196675900277,0.8756819953234607,0.882387590810917,0.968167469629129
2,0.470611022785306,0.2658741772174835,tensor(0.9116),0.883300198807157,0.8718602825745683,0.8775429587201264,0.9687771324382864
3,0.44242885895073414,0.26938870549201965,tensor(0.9128),0.8859769215724623,0.8762088974854932,0.8810658368180493,0.9696199285262903
4,0.4219468105584383,0.2665247321128845,tensor(0.9146),0.8843008178735289,0.8776479904969313,0.8809618441971384,0.9688308693236087
5,0.4056734964251518,0.2991544008255005,tensor(0.9054),0.8720445062586927,0.8656804733727811,0.8688508363852322,0.9634885731892365
,,,,,,,
Average,0.07918380164331756,0.27427942752838136,0.91179574,0.8829638240824236,0.8734159278506469,0.8781618133862926,0.9677767946213102
Std Dev,0.07989953822890435,0.012554619111430482,0.0034133873,0.005814798368926251,0.004315168214999603,0.004923575799933508,0.0021931877179127176
