Fold,Train Loss,Val Loss,Val Accuracy,Val Precision,Val Recall,Val F1,Val ROC AUC
1,0.5819315016269684,0.1314460039138794,tensor(0.9572),0.9473903966597077,0.9287760949652067,0.9379909053327821,0.9877907608279536
2,0.49499522149562836,0.11966077238321304,tensor(0.9579),0.9423769507803121,0.9397446129289705,0.9410589410589412,0.9899875170929608
3,0.46316795609891415,0.11856313794851303,tensor(0.9581),0.9421388667198723,0.9406374501992032,0.9413875598086123,0.9903572654320552
4,0.4403482750058174,0.11326055973768234,tensor(0.9609),0.947568710359408,0.9372647427854455,0.9423885618166526,0.9910665247037774
5,0.4224455375224352,0.11371388286352158,tensor(0.9584),0.9375,0.9447379114181227,0.9411050394656951,0.9911742370224232
,,,,,,,
Average,0.08846185838035307,0.11932887136936188,0.95852345,0.9433949849038601,0.9382321624593896,0.9407862014965367,0.9900752610158341
Std Dev,0.08321293707810012,0.006570751997086813,0.001267703,0.003761605313231182,0.005305672404669657,0.0014777628752654167,0.0012244605797892482
