Fold,Train Loss,Val Loss,Val Accuracy,Val Precision,Val Recall,Val F1,Val ROC AUC
1,0.6120244935154915,0.37574854493141174,tensor(0.8239),0.7514161946017994,0.688759926695174,0.7187250996015936,0.9139733656959277
2,0.5596874058246613,0.36518189311027527,tensor(0.8246),0.7345328282828283,0.7173242909987669,0.7258265751715532,0.9150226437473522
3,0.5330860242247581,0.3650650382041931,tensor(0.8259),0.7372100413091833,0.7167130058696324,0.7268170426065164,0.9161503405973546
4,0.5128198117017746,0.3656531572341919,tensor(0.8251),0.7489430894308943,0.7014925373134329,0.7244416483170808,0.9161923793530492
5,0.49604581110179424,0.3736102879047394,tensor(0.8229),0.7456514604529045,0.6952264381884945,0.7195566112430721,0.9133577158655459
,,,,,,,
Average,0.22249355068802834,0.3690517842769623,0.82448024,0.743550722815522,0.7039032398131001,0.7230733953879632,0.914939289051846
Std Dev,0.06839086921492298,0.004648600353956706,0.0010487457,0.006586091808106467,0.01144231643080707,0.0033088504488207253,0.001138262784004028
