Fold,Train Loss,Val Loss,Val Accuracy,Val Precision,Val Recall,Val F1,Val ROC AUC
1,0.5143202506005764,0.23368167877197266,tensor(0.9318),0.8736542115262824,0.8494458128078818,0.8613799562909773,0.9669284186527111
2,0.43250509910285473,0.21765534579753876,tensor(0.9340),0.8825699354442054,0.857270827112571,0.869736443501969,0.9696873850698554
3,0.40501974895596504,0.2228774130344391,tensor(0.9357),0.8913112164296998,0.8509803921568627,0.870679012345679,0.9685253913515376
4,0.38488112576305866,0.2084285318851471,tensor(0.9375),0.8833543505674654,0.8632162661737524,0.8731692115923964,0.9717852521335053
5,0.36735663563013077,0.23162342607975006,tensor(0.9336),0.8832857595940374,0.8490853658536586,0.8658479713974818,0.9659878582003413
,,,,,,,
Average,0.0647488170566212,0.22285327911376954,0.93451977,0.8828350947123381,0.8539997328209452,0.8681625190257007,0.9685828610815902
Std Dev,0.07386246119973981,0.009265658560279787,0.0019291764,0.00559779046338264,0.0054708345456325564,0.004128855418094696,0.0020469393818126256
