Fold,Train Loss,Val Loss,Val Accuracy,Val Precision,Val Recall,Val F1,Val ROC AUC
1,0.5550292879343033,0.35482344031333923,tensor(0.8877),0.8536631779257849,0.8476946334089192,0.8506684365222338,0.9504246314673611
2,0.5003719236701727,0.3511902391910553,tensor(0.8913),0.8603766406695834,0.8511479111780204,0.8557373947592469,0.9514425564129689
3,0.4726339504122734,0.3504692614078522,tensor(0.8928),0.8681861348528015,0.8494703586693924,0.8587262821717077,0.9521843418628958
4,0.45191651955246925,0.32763513922691345,tensor(0.8964),0.8657756024096386,0.8612359550561798,0.8634998122418325,0.9559235455852836
5,0.4343235269188881,0.37132707238197327,tensor(0.8858),0.8628234398782344,0.8377978939589876,0.850126534820508,0.9485096424849743
,,,,,,,
Average,0.08729290697653778,0.3510890305042267,0.890787,0.8621649991472087,0.8494693504542999,0.8557516921031058,0.9516969435626967
Std Dev,0.08734103562068099,0.013957102340005684,0.0037306112,0.0050040636571820896,0.007491903206660207,0.005027198781206831,0.0024472066038774467
