Fold,Train Loss,Val Loss,Val Accuracy,Val Precision,Val Recall,Val F1,Val ROC AUC
1,0.476857028901577,0.07858957350254059,tensor(0.9785),0.9447852760736196,0.9098966026587888,0.927012791572611,0.9898370019396636
2,0.31694565154612064,0.07174841314554214,tensor(0.9795),0.9565217391304348,0.909479686386315,0.9324077457069784,0.9914147013551771
3,0.2875272948294878,0.06646601110696793,tensor(0.9828),0.9637155297532656,0.9267271458478716,0.944859480611882,0.9911123112287309
4,0.2721766475588083,0.07850831001996994,tensor(0.9789),0.9480620155038759,0.9086181277860327,0.9279210925644916,0.9888057070964523
5,0.260321875102818,0.08070504665374756,tensor(0.9794),0.9538690476190477,0.9124555160142349,0.9327028010185522,0.9888855516951357
,,,,,,,
Average,0.04590635173814371,0.07520347088575363,0.97983205,0.9533907216160487,0.9134354157386486,0.932980782294903,0.990011054663032
Std Dev,0.05445682250548106,0.005309154658503184,0.0015343514,0.00661940376959281,0.006767681267729011,0.006367519009100719,0.0010893029052912297
