Fold,Train Loss,Val Loss,Val Accuracy,Val Precision,Val Recall,Val F1,Val ROC AUC
1,0.5617919787764549,0.3703833222389221,tensor(0.8826),0.850611620795107,0.8298031026252983,0.8400785261250378,0.9481336697690954
2,0.5004915967583656,0.3813021779060364,tensor(0.8780),0.8331598513011153,0.8386469091453376,0.8358943756526929,0.9464264315209749
3,0.47607892751693726,0.3595734238624573,tensor(0.8818),0.8456355741877527,0.8368647206993629,0.8412272862675008,0.9496613058898907
4,0.45407818630337715,0.35819610953330994,tensor(0.8831),0.8451583434835567,0.835742246311352,0.8404239212717638,0.949899336602829
5,0.4359922129660845,0.36121582984924316,tensor(0.8820),0.8533823079277625,0.8270542865618511,0.8400120518228382,0.9488778907951096
,,,,,,,
Average,0.09988051619613543,0.36613417267799375,0.8815009,0.8455895395390588,0.8336222530686402,0.8395272322279667,0.9485997269155799
Std Dev,0.0837920036758698,0.008699080667285933,0.0018004236,0.006937344423076646,0.004426719564591862,0.00186712918008537,0.001251697450486014
