Fold,Train Loss,Val Loss,Val Accuracy,Val Precision,Val Recall,Val F1,Val ROC AUC
1,0.5471321307122707,0.13964247703552246,tensor(0.9537),0.935633709356337,0.912621359223301,0.9239842726081259,0.985498255789518
2,0.4594150688499212,0.1477539986371994,tensor(0.9505),0.9345794392523364,0.9032258064516129,0.9186351706036745,0.9843768413201565
3,0.428914463147521,0.1387755125761032,tensor(0.9579),0.9429553264604811,0.9146666666666666,0.9285956006768189,0.984178727445394
4,0.40952515974640846,0.12209621071815491,tensor(0.9597),0.9367854741089442,0.9280479680213192,0.93239625167336,0.9881908308871316
5,0.39341440610587597,0.1393216848373413,tensor(0.9552),0.9404517453798767,0.9093315684976837,0.9246298788694483,0.9849085117469503
,,,,,,,
Average,0.09417119338474003,0.13751797676086425,0.9553913,0.9380811389115952,0.9135786737721168,0.9256482348862856,0.98543063343783
Std Dev,0.07634541484182274,0.008389937691039843,0.0032084198,0.0031403196812300857,0.008205856697774358,0.004630584968101705,0.0014542090800729937
