Fold,Train Loss,Val Loss,Val Accuracy,Val Precision,Val Recall,Val F1,Val ROC AUC
1,0.5467047467827797,0.39804643392562866,tensor(0.8843),0.8790870624439031,0.86960933536276,0.8743225148249698,0.9491570601591935
2,0.48232369124889374,0.39404070377349854,tensor(0.8870),0.8782363496539349,0.8755430615895732,0.8768876375735859,0.950631061046928
3,0.45574198849499226,0.4012008011341095,tensor(0.8841),0.882398855210095,0.8637463389787342,0.8729729729729728,0.9500509116756597
4,0.4342959728091955,0.38399872183799744,tensor(0.8875),0.8837268666241225,0.873139974779319,0.8784015223596573,0.95150801886897
5,0.4152100123465061,0.38341662287712097,tensor(0.8851),0.8860332294911735,0.8638319412806884,0.8747917467640652,0.9510249595798699
,,,,,,,
Average,0.07794979803089518,0.392140656709671,0.88559455,0.8818964726846458,0.869174130398215,0.8754752788990501,0.9504744022661242
Std Dev,0.0836186487163174,0.007252233726611682,0.0013984127,0.0028984400477716503,0.0047849872266781035,0.0019295219073133883,0.0008137263812737877
