Fold,Train Loss,Val Loss,Val Accuracy,Val Precision,Val Recall,Val F1,Val ROC AUC
1,0.4716498479247093,0.1709822714328766,tensor(0.9310),0.8963235294117647,0.836076817558299,0.8651525904897089,0.977427049414192
2,0.35564877465367317,0.16630449891090393,tensor(0.9280),0.8846433770014556,0.8359697386519945,0.8596181046676097,0.9784334834522769
3,0.33648634143173695,0.16735908389091492,tensor(0.9330),0.8930461073318217,0.8385379701916252,0.8649341142020498,0.9777426640884554
4,0.32598496600985527,0.17482291162014008,tensor(0.9310),0.8892580287929125,0.8393728222996516,0.8635956264563542,0.9767247429501492
5,0.31694009713828564,0.1639266461133957,tensor(0.9314),0.9013056835637481,0.8249560632688928,0.861442466507616,0.9787867966755709
,,,,,,,
Average,0.11618477838125546,0.16867908239364623,0.93087447,0.8929153452203404,0.8349826823940927,0.8629485804646677,0.977822947316129
Std Dev,0.05468979968464567,0.0038214659667807553,0.0016406918,0.005724194570311278,0.005188793744393864,0.0021250468801670003,0.0007308889568326747
