Fold,Train Loss,Val Loss,Val Accuracy,Val Precision,Val Recall,Val F1,Val ROC AUC
1,0.5617354940623045,0.14812897145748138,tensor(0.9406),0.9292929292929293,0.9292929292929293,0.9292929292929293,0.9860972789246034
2,0.44211924634873867,0.1642242670059204,tensor(0.9291),0.9155425219941349,0.9176954732510288,0.9166177334116267,0.9831667901311015
3,0.40357304364442825,0.1634383201599121,tensor(0.9411),0.9310344827586207,0.9331797235023042,0.9321058688147296,0.983082593342312
4,0.38592611998319626,0.16386236250400543,tensor(0.9339),0.9259681093394078,0.9233390119250426,0.9246516917827693,0.9834054719182648
5,0.3736961241811514,0.15918833017349243,tensor(0.9400),0.9337708830548926,0.9238488783943329,0.9287833827893175,0.9839226452015224
,,,,,,,
Average,0.15904701906559057,0.15976845026016234,0.9369521,0.9271217852879972,0.9254712032731277,0.9262903212182744,0.9839349559035607
Std Dev,0.06439835345618049,0.006097480980309378,0.0047013443,0.006318921989128378,0.005322913285557558,0.005390652398325163,0.001120066630267783
