Fold,Train Loss,Val Loss,Val Accuracy,Val Precision,Val Recall,Val F1,Val ROC AUC
1,0.508629659190774,0.23854196071624756,tensor(0.9227),0.9004014049172102,0.8874876360039565,0.8938978829389788,0.9732904374607889
2,0.44261576794087887,0.23920106887817383,tensor(0.9261),0.8997985901309165,0.8957393483709273,0.8977643808088419,0.9729019469892023
3,0.4199588429182768,0.22616806626319885,tensor(0.9270),0.9038954382368016,0.8913318170331059,0.8975696653518259,0.9745747142718405
4,0.4022380858659744,0.2372884452342987,tensor(0.9300),0.9116679321690712,0.8951292246520874,0.9033228840125391,0.9749724182768494
5,0.3872497584670782,0.24910755455493927,tensor(0.9202),0.8957070707070707,0.884097706879362,0.8898645258404416,0.9712082092303512
,,,,,,,
Average,0.08347471181408037,0.23806141912937165,0.92520857,0.9022940872322142,0.890757146587888,0.8964838677905254,0.9733895452458065
Std Dev,0.07697199687336348,0.007288294185176762,0.0034338103,0.005359698364101477,0.004456579047137256,0.004474233304684474,0.0013353586692638267
