Fold,Train Loss,Val Loss,Val Accuracy,Val Precision,Val Recall,Val F1,Val ROC AUC
1,0.5855417661368847,0.2975534498691559,tensor(0.8959),0.8836671802773498,0.8762414056531703,0.8799386267740698,0.9601287632068596
2,0.5290356501936913,0.2727823555469513,tensor(0.9041),0.8963592878022855,0.8765592515592515,0.8863487058205229,0.9641348013688439
3,0.5003434382379055,0.29976651072502136,tensor(0.8965),0.8872839824606654,0.8739837398373984,0.8805836426468707,0.9598205036986911
4,0.4786874484270811,0.2816784381866455,tensor(0.9023),0.8941206413845763,0.8831070889894419,0.8885797394713546,0.96380696509373
5,0.4603695124387741,0.29907217621803284,tensor(0.8998),0.8886262148673496,0.8761978761978761,0.8823682837767345,0.9614871553964763
,,,,,,,
Average,0.1090252592637553,0.29017058610916135,0.899716,0.8900114613584453,0.8772178724474277,0.8835637996979104,0.9618756377529202
Std Dev,0.09196071924731986,0.010957133670999304,0.0031813513,0.004621432947974983,0.0030844820129712893,0.003357613051469101,0.001803325303025918
