Fold,Train Loss,Val Loss,Val Accuracy,Val Precision,Val Recall,Val F1,Val ROC AUC
1,0.5381143260747194,0.42426151037216187,tensor(0.8823),0.8115347820144868,0.7669852751227073,0.7886313832259778,0.9314591944818578
2,0.4720665831118822,0.43758687376976013,tensor(0.8765),0.8102959059586542,0.7559561326106139,0.7821833833311593,0.9300305926893763
3,0.4430231861770153,0.43190762400627136,tensor(0.8782),0.8018296784609176,0.765771553385584,0.7833859095688749,0.9308868883684513
4,0.421421617269516,0.4184698760509491,tensor(0.8809),0.8039376538146021,0.7668231611893583,0.7849419303163797,0.9331319648310057
5,0.40240229293704033,0.44029492139816284,tensor(0.8766),0.8128952433324168,0.7500951414436129,0.780233555452926,0.9289572597979561
,,,,,,,
Average,0.06848849656333914,0.43050416111946105,0.87891877,0.8080986527162155,0.7611262527503753,0.7838752323790636,0.9308931800337295
Std Dev,0.0799586814150739,0.008146020118552743,0.0023297067,0.004387622088970108,0.006881530147210888,0.0028327518852135775,0.0014017427292461566
