Fold,Train Loss,Val Loss,Val Accuracy,Val Precision,Val Recall,Val F1,Val ROC AUC
1,0.5305101983249187,0.26830482482910156,tensor(0.9224),0.9152807391613361,0.8986741102581995,0.9069014084507041,0.9712545299459203
2,0.4641246795654297,0.246357724070549,tensor(0.9283),0.9207429462640011,0.9074902179988821,0.9140685481033147,0.9744881404447846
3,0.4341956675052643,0.25389304757118225,tensor(0.9253),0.9143266475644699,0.9044784580498866,0.9093758905671131,0.9731453486218432
4,0.4098181277513504,0.25427818298339844,tensor(0.9253),0.9115913555992141,0.9100588400112076,0.9108244531688167,0.9730607041163093
5,0.3877070266753435,0.24389341473579407,tensor(0.9291),0.9185878962536023,0.9087669280114041,0.9136510211393766,0.9746707802259341
,,,,,,,
Average,0.049863011577443106,0.2533454388380051,0.92609596,0.9161059169685247,0.9058937108659159,0.9109642642858651,0.9733239006709583
Std Dev,0.07787646194258313,0.008521995464633066,0.002408007,0.0032214979199625153,0.004056552379938297,0.0026797207378883585,0.0012290636472402476
