Fold,Train Loss,Val Loss,Val Accuracy,Val Precision,Val Recall,Val F1,Val ROC AUC
1,0.5890329424291849,0.05543587729334831,tensor(0.9830),0.9558303886925795,0.9263698630136986,0.9408695652173913,0.9952695917616182
2,0.44161830097436905,0.0662185326218605,tensor(0.9773),0.9452054794520548,0.9034369885433715,0.9238493723849373,0.9909003178408599
3,0.38697012700140476,0.06451002508401871,tensor(0.9765),0.9400352733686067,0.8988195615514334,0.9189655172413793,0.9940076885281925
4,0.36355503275990486,0.05744442343711853,tensor(0.9808),0.9593639575971732,0.9095477386934674,0.9337919174548581,0.9955548287710418
5,0.348934980109334,0.05511505901813507,tensor(0.9837),0.9637023593466425,0.921875,0.9423247559893523,0.994579216153946
,,,,,,,
Average,0.09564195831294638,0.05974478349089622,0.98028296,0.9528274916914115,0.9120098303603943,0.9319602256575836,0.9940623286111316
Std Dev,0.07633329882879746,0.004688488731807975,0.0029232688,0.008851456870490918,0.010555290742285187,0.009217410730382786,0.0016705395190626136
