Fold,Train Loss,Val Loss,Val Accuracy,Val Precision,Val Recall,Val F1,Val ROC AUC
1,0.6206674873828888,0.1473841518163681,tensor(0.9484),0.9379501385041551,0.9468680089485458,0.942387976621208,0.9864990829755931
2,0.5617142878472805,0.17940297722816467,tensor(0.9391),0.9379232505643341,0.9253897550111359,0.9316143497757847,0.9816281006214332
3,0.5315580554306507,0.17403821647167206,tensor(0.9379),0.9293537787513692,0.933957072096863,0.9316497392259127,0.982797992588382
4,0.5100673343986273,0.17082753777503967,tensor(0.9371),0.9227642276422764,0.930327868852459,0.9265306122448979,0.9834136035026982
5,0.4925868846476078,0.16425326466560364,tensor(0.9420),0.9358258928571429,0.9347826086956522,0.9353039598438373,0.9839893934753802
,,,,,,,
Average,0.10492311610258184,0.16718122959136963,0.94089496,0.9327634576638555,0.9342650627209311,0.9334973275423282,0.9836656346326974
Std Dev,0.09814809312293946,0.011047010589117938,0.0040822434,0.005907861568092955,0.007119965564215852,0.005249797542921906,0.0016187103851328243
