Fold,Train Loss,Val Loss,Val Accuracy,Val Precision,Val Recall,Val F1,Val ROC AUC
1,0.5815209671854973,0.17985841631889343,tensor(0.9362),0.9165739710789766,0.922990758891067,0.9197711734337937,0.9823059839330527
2,0.501380980014801,0.18080392479896545,tensor(0.9352),0.9230769230769231,0.9132980206300529,0.9181614349775784,0.9818557540971851
3,0.47102588787674904,0.1983608454465866,tensor(0.9348),0.9144492131616595,0.9170731707317074,0.9157593123209169,0.9792638456466107
4,0.4485965557396412,0.1800713688135147,tensor(0.9392),0.9273479031305375,0.9122603137710633,0.9197422378441711,0.9815955812534335
5,0.4310883115977049,0.19590231776237488,tensor(0.9347),0.9205848623853211,0.9116978989210676,0.9161198288159772,0.9797149726364028
,,,,,,,
Average,0.0829014438148297,0.186999374628067,0.93603516,0.9204065745666836,0.9154640325889914,0.9179107974784874,0.980947227513337
Std Dev,0.08687942722075752,0.00831528188743511,0.0016912858,0.00459398725178556,0.004204286366649634,0.0017154852839606424,0.0012201826686955664
