Fold,Train Loss,Val Loss,Val Accuracy,Val Precision,Val Recall,Val F1,Val ROC AUC
1,0.5277612619102001,0.3214607238769531,tensor(0.8868),0.8002931476731403,0.7564946311049532,0.7777777777777778,0.9398431474070762
2,0.4725333899259567,0.31291463971138,tensor(0.8874),0.8041085840058694,0.7561228009658503,0.7793777777777777,0.94180985967857
3,0.449349882081151,0.3175806701183319,tensor(0.8880),0.8136966126656848,0.7519564477713508,0.7816091954022989,0.9425823952976471
4,0.43423631228506565,0.30208688974380493,tensor(0.8885),0.7965799786248664,0.7726330338631652,0.7844237853008245,0.9448900521850803
5,0.42128928005695343,0.31495732069015503,tensor(0.8854),0.7964633706243234,0.7599862258953168,0.777797356828194,0.9416833568799748
,,,,,,,
Average,0.12949338496266866,0.313800048828125,0.887198,0.802228338718777,0.7594386279201272,0.7801971786173747,0.9421617622896697
Std Dev,0.0780663957844864,0.006516139389929514,0.001080909,0.006386554985665125,0.007071591859677914,0.002535431254674084,0.0016339632822256242
