Fold,Train Loss,Val Loss,Val Accuracy,Val Precision,Val Recall,Val F1,Val ROC AUC
1,0.5229913145303726,0.4530590772628784,tensor(0.8807),0.825355532431495,0.7748290459133833,0.799294591871011,0.9356801781730305
2,0.45070435479283333,0.4252440333366394,tensor(0.8852),0.8416696019725255,0.7731758615110823,0.8059701492537313,0.9383672868024282
3,0.4225563071668148,0.41805991530418396,tensor(0.8831),0.8372735116479724,0.7761958086706127,0.805578615307986,0.9410631509778654
4,0.39863344468176365,0.43311262130737305,tensor(0.8860),0.8446381865736704,0.77665544332211,0.8092215168727028,0.9394543185506503
5,0.3781775087118149,0.4292152225971222,tensor(0.8834),0.8298850574712644,0.7741669416034312,0.8010582913715116,0.9368164010396421
,,,,,,,
Average,0.04839436477750132,0.4317381739616394,0.883706,0.8357643780193855,0.7750046202041239,0.8042246329353887,0.9382762671087234
Std Dev,0.07552864729534554,0.011765236325992167,0.0018309627,0.00719449941391168,0.0012822665133719962,0.0035827355013028283,0.0018991418159913162
