Fold,Train Loss,Val Loss,Val Accuracy,Val Precision,Val Recall,Val F1,Val ROC AUC
1,0.4871298801153898,0.2522686719894409,tensor(0.9259),0.8832796276405299,0.8340094658553077,0.8579377499565293,0.963304194402857
2,0.42246042005717754,0.23674465715885162,tensor(0.9242),0.8716845878136201,0.8357388316151203,0.8533333333333333,0.9655886955475574
3,0.39046180434525013,0.24102666974067688,tensor(0.9216),0.8616755793226382,0.8354649153128241,0.8483678483678484,0.965613695373645
4,0.372177816927433,0.22962583601474762,tensor(0.9268),0.8748666903661572,0.8439643347050755,0.8591377203700472,0.9675524438365865
5,0.35527600534260273,0.24298681318759918,tensor(0.9236),0.8723856788372918,0.8367902074124447,0.8542172856646998,0.9650590327143166
,,,,,,,
Average,0.0776254072720767,0.24053052961826324,0.9244116,0.8727784327960475,0.8371935509801546,0.8545987875384917,0.9654236123749925
Std Dev,0.07157647216138759,0.007447263164217858,0.0018042062,0.0069175143022707514,0.00349997103036328,0.0038032118597773833,0.0013579512702378332
