SNP,R2 Score
chr22_46283297_G_A_PRS313_Unknown_combined,0.135605955196883
chr22_39343916_T_A_PRS313_Known_combined,0.5887604508682273
"chr22_38583315_AAAAG_AAAAGAAAG,AAAAGAAAGAAAG,A_PRS313_Unknown_combined",0.7223731722140774
chr22_40904707_CT_C_PRS313_Unknown_combined,0.7773404018920029
chr22_19766137_C_T_PRS313_Unknown_combined,0.5451064300151589
chr22_43433100_C_T_PRS313_Unknown_combined,0.5197469325153335
chr22_45319953_G_A_PRS313_Unknown_combined,0.6370543837185781
chr22_29203724_C_T_PRS313_Unknown_combined,0.8729716024340758
chr22_29135543_G_A_PRS313_Unknown_combined,0.9852629721143664
chr22_29121087_A_G_PRS313_Known_combined,-0.0020000000000193197
chr22_29551872_A_G_PRS313_Unknown_combined,0.6646586345381476
