SNP,IQS Score
chr22_46283297_G_A_PRS313_Unknown_combined,0.4501213360050752
chr22_39343916_T_A_PRS313_Known_combined,0.6710684842495702
"chr22_38583315_AAAAG_AAAAGAAAG,AAAAGAAAGAAAG,A_PRS313_Unknown_combined",0.7878046781068969
chr22_40904707_CT_C_PRS313_Unknown_combined,0.8568615246472047
chr22_19766137_C_T_PRS313_Unknown_combined,0.6808286986602451
chr22_43433100_C_T_PRS313_Unknown_combined,0.6816419902141455
chr22_45319953_G_A_PRS313_Unknown_combined,0.7187715572628531
chr22_29203724_C_T_PRS313_Unknown_combined,0.9323247332162617
chr22_29135543_G_A_PRS313_Unknown_combined,0.9923855553529088
chr22_29121087_A_G_PRS313_Known_combined,0.0
chr22_29551872_A_G_PRS313_Unknown_combined,0.7990373044524621
