SNP,AUC Score
chr10_38523626_C_A_PRS313_Unknown_combined,0.9201585054397583
chr10_123340107_A_G_PRS313_Unknown_combined,0.9163898030916849
"chr10_22861490_A_C,T_PRS313_Unknown_combined",0.7532795071601868
chr10_123349324_A_T_PRS313_Unknown_combined,0.7157983481884003
chr10_123095209_G_A_PRS313_Unknown_combined,0.9578732848167419
chr10_13892298_G_A_PRS313_Unknown_combined,0.8036513527234396
chr10_5794652_A_G_PRS313_Unknown_combined,0.9680626193682352
chr10_115128491_T_C_PRS313_Known_combined,0.9103115200996399
chr10_22032942_A_G_PRS313_Known_combined,0.9092000722885132
chr10_64299890_A_G_PRS313_Unknown_combined,0.9300473133722941
chr10_80886726_A_G_PRS313_Unknown_combined,0.9352020819981893
chr10_123340431_GC_G_PRS313_Unknown_combined,0.9658484856287638
chr10_80851257_G_T_PRS313_Known_combined,0.8816004792849222
chr10_22477776_ACC_A_PRS313_Unknown_combined,0.8470654884974161
chr10_95292187_CAA_C_PRS313_Unknown_combined,0.7449591557184855
chr10_71335574_C_T_PRS313_Unknown_combined,0.6364092230796814
chr10_64819996_G_T_PRS313_Known_combined,0.6784683267275492
chr10_114777670_C_T_PRS313_Unknown_combined,0.9935402472813925
