SNP,R2 Score
chr10_38523626_C_A_PRS313_Unknown_combined,0.8031244
chr10_123340107_A_G_PRS313_Unknown_combined,0.812506
"chr10_22861490_A_C,T_PRS313_Unknown_combined",0.4213112
chr10_123349324_A_T_PRS313_Unknown_combined,0.14279008
chr10_123095209_G_A_PRS313_Unknown_combined,0.891432
chr10_13892298_G_A_PRS313_Unknown_combined,0.6258609
chr10_5794652_A_G_PRS313_Unknown_combined,0.84219265
chr10_115128491_T_C_PRS313_Known_combined,0.84749776
chr10_22032942_A_G_PRS313_Known_combined,0.80528164
chr10_64299890_A_G_PRS313_Unknown_combined,0.7799284
chr10_80886726_A_G_PRS313_Unknown_combined,0.85140747
chr10_123340431_GC_G_PRS313_Unknown_combined,0.9052065
chr10_80851257_G_T_PRS313_Known_combined,0.7346405
chr10_22477776_ACC_A_PRS313_Unknown_combined,0.68639034
chr10_95292187_CAA_C_PRS313_Unknown_combined,0.30480897
chr10_71335574_C_T_PRS313_Unknown_combined,0.16698521
chr10_64819996_G_T_PRS313_Known_combined,0.3390152
chr10_114777670_C_T_PRS313_Unknown_combined,0.9787892
