SNP,R2 Score
chr10_38523626_C_A_PRS313_Unknown_combined,0.771354728951022
chr10_123340431_GC_G_PRS313_Unknown_combined,0.9377065020216003
chr10_123340107_A_G_PRS313_Unknown_combined,0.8293503195308078
chr10_123349324_A_T_PRS313_Unknown_combined,0.01759329422633016
chr10_22477776_ACC_A_PRS313_Unknown_combined,0.6705205413644658
"chr10_22861490_A_C,T_PRS313_Unknown_combined",0.4459090426466079
chr10_123095209_G_A_PRS313_Unknown_combined,0.9198832804304296
chr10_13892298_G_A_PRS313_Unknown_combined,0.6770582428920756
chr10_5794652_A_G_PRS313_Unknown_combined,0.8283105560511906
chr10_115128491_T_C_PRS313_Known_combined,0.6032281561147992
chr10_22032942_A_G_PRS313_Known_combined,0.7160563484906384
chr10_64299890_A_G_PRS313_Unknown_combined,0.8073961361465316
chr10_80886726_A_G_PRS313_Unknown_combined,0.8772296217566464
chr10_80851257_G_T_PRS313_Known_combined,-0.19808434403710562
chr10_95292187_CAA_C_PRS313_Unknown_combined,0.3121650403337931
chr10_71335574_C_T_PRS313_Unknown_combined,0.19037523011401036
chr10_64819996_G_T_PRS313_Known_combined,-0.14122369826469638
chr10_114777670_C_T_PRS313_Unknown_combined,0.9845585739273368
