SNP,Accuracy Score
chr10_38523626_C_A_PRS313_Unknown_combined,0.9021956087824351
chr10_123340107_A_G_PRS313_Unknown_combined,0.9620758483033932
"chr10_22861490_A_C,T_PRS313_Unknown_combined",0.8822355289421158
chr10_123349324_A_T_PRS313_Unknown_combined,0.9640718562874252
chr10_123095209_G_A_PRS313_Unknown_combined,0.9481037924151696
chr10_13892298_G_A_PRS313_Unknown_combined,0.7564870259481038
chr10_5794652_A_G_PRS313_Unknown_combined,0.9700598802395209
chr10_115128491_T_C_PRS313_Known_combined,0.8802395209580839
chr10_22032942_A_G_PRS313_Known_combined,0.8902195608782435
chr10_64299890_A_G_PRS313_Unknown_combined,0.9560878243512974
chr10_80886726_A_G_PRS313_Unknown_combined,0.9241516966067864
chr10_123340431_GC_G_PRS313_Unknown_combined,0.9580838323353293
chr10_80851257_G_T_PRS313_Known_combined,0.8642714570858283
chr10_22477776_ACC_A_PRS313_Unknown_combined,0.8982035928143712
chr10_95292187_CAA_C_PRS313_Unknown_combined,0.7145708582834331
chr10_71335574_C_T_PRS313_Unknown_combined,0.6646706586826348
chr10_64819996_G_T_PRS313_Known_combined,0.6846307385229541
chr10_114777670_C_T_PRS313_Unknown_combined,0.9920159680638723
