SNP,R2 Score
chr10_38523626_C_A_PRS313_Unknown_combined,0.793249
chr10_123340107_A_G_PRS313_Unknown_combined,0.793186
"chr10_22861490_A_C,T_PRS313_Unknown_combined",0.4212529
chr10_123349324_A_T_PRS313_Unknown_combined,0.1873957
chr10_123095209_G_A_PRS313_Unknown_combined,0.8822519
chr10_13892298_G_A_PRS313_Unknown_combined,0.6291228
chr10_5794652_A_G_PRS313_Unknown_combined,0.81810606
chr10_115128491_T_C_PRS313_Known_combined,0.8366874
chr10_22032942_A_G_PRS313_Known_combined,0.7953284
chr10_64299890_A_G_PRS313_Unknown_combined,0.7707393
chr10_80886726_A_G_PRS313_Unknown_combined,0.84449464
chr10_123340431_GC_G_PRS313_Unknown_combined,0.8987698
chr10_80851257_G_T_PRS313_Known_combined,0.7249746
chr10_22477776_ACC_A_PRS313_Unknown_combined,0.67239803
chr10_95292187_CAA_C_PRS313_Unknown_combined,0.34984565
chr10_71335574_C_T_PRS313_Unknown_combined,0.22144742
chr10_64819996_G_T_PRS313_Known_combined,0.34965515
chr10_114777670_C_T_PRS313_Unknown_combined,0.9738715
