SNP,Accuracy Score
chr10_38523626_C_A_PRS313_Unknown_combined,0.9021956087824351
chr10_123340107_A_G_PRS313_Unknown_combined,0.9620758483033932
"chr10_22861490_A_C,T_PRS313_Unknown_combined",0.8802395209580839
chr10_123349324_A_T_PRS313_Unknown_combined,0.9620758483033932
chr10_123095209_G_A_PRS313_Unknown_combined,0.9481037924151696
chr10_13892298_G_A_PRS313_Unknown_combined,0.7564870259481038
chr10_5794652_A_G_PRS313_Unknown_combined,0.9660678642714571
chr10_115128491_T_C_PRS313_Known_combined,0.8782435129740519
chr10_22032942_A_G_PRS313_Known_combined,0.8842315369261478
chr10_64299890_A_G_PRS313_Unknown_combined,0.9560878243512974
chr10_80886726_A_G_PRS313_Unknown_combined,0.9241516966067864
chr10_123340431_GC_G_PRS313_Unknown_combined,0.9580838323353293
chr10_80851257_G_T_PRS313_Known_combined,0.8602794411177644
chr10_22477776_ACC_A_PRS313_Unknown_combined,0.8982035928143712
chr10_95292187_CAA_C_PRS313_Unknown_combined,0.7065868263473054
chr10_71335574_C_T_PRS313_Unknown_combined,0.6467065868263473
chr10_64819996_G_T_PRS313_Known_combined,0.6806387225548902
chr10_114777670_C_T_PRS313_Unknown_combined,0.9920159680638723
