SNP,R2 Score
chr10_38523626_C_A_PRS313_Unknown_combined,0.77135503
chr10_123340431_GC_G_PRS313_Unknown_combined,0.9377066
chr10_123340107_A_G_PRS313_Unknown_combined,0.82935095
chr10_123349324_A_T_PRS313_Unknown_combined,0.017588198
chr10_22477776_ACC_A_PRS313_Unknown_combined,0.6705192
"chr10_22861490_A_C,T_PRS313_Unknown_combined",0.44591087
chr10_123095209_G_A_PRS313_Unknown_combined,0.9198833
chr10_13892298_G_A_PRS313_Unknown_combined,0.6770591
chr10_5794652_A_G_PRS313_Unknown_combined,0.8283115
chr10_115128491_T_C_PRS313_Known_combined,0.6032281
chr10_22032942_A_G_PRS313_Known_combined,0.7160555
chr10_64299890_A_G_PRS313_Unknown_combined,0.807396
chr10_80886726_A_G_PRS313_Unknown_combined,0.87722915
chr10_80851257_G_T_PRS313_Known_combined,-0.19808114
chr10_95292187_CAA_C_PRS313_Unknown_combined,0.31216276
chr10_71335574_C_T_PRS313_Unknown_combined,0.19037825
chr10_64819996_G_T_PRS313_Known_combined,-0.14122665
chr10_114777670_C_T_PRS313_Unknown_combined,0.98455864
