SNP,IQS Score
chr10_38523626_C_A_PRS313_Unknown_combined,0.819046472429569
chr10_123340431_GC_G_PRS313_Unknown_combined,0.9592491787893007
chr10_123340107_A_G_PRS313_Unknown_combined,0.9095197118908754
chr10_123349324_A_T_PRS313_Unknown_combined,0.6811238406983093
chr10_22477776_ACC_A_PRS313_Unknown_combined,0.7051330558708538
"chr10_22861490_A_C,T_PRS313_Unknown_combined",0.6889319375628656
chr10_123095209_G_A_PRS313_Unknown_combined,0.9434523063031429
chr10_13892298_G_A_PRS313_Unknown_combined,0.7096512466515558
chr10_5794652_A_G_PRS313_Unknown_combined,0.9471379583223425
chr10_115128491_T_C_PRS313_Known_combined,0.5386966877010336
chr10_22032942_A_G_PRS313_Known_combined,0.7405100385732005
chr10_64299890_A_G_PRS313_Unknown_combined,0.9042140423091197
chr10_80886726_A_G_PRS313_Unknown_combined,0.9003918651111782
chr10_80851257_G_T_PRS313_Known_combined,0.07660730118614602
chr10_95292187_CAA_C_PRS313_Unknown_combined,0.5184467843695572
chr10_71335574_C_T_PRS313_Unknown_combined,0.4105792877311231
chr10_64819996_G_T_PRS313_Known_combined,0.11840878327568044
chr10_114777670_C_T_PRS313_Unknown_combined,1.0
