SNP,IQS Score
chr10_38523626_C_A_PRS313_Unknown_combined,0.8450482863094112
chr10_123340107_A_G_PRS313_Unknown_combined,0.8998316321161738
"chr10_22861490_A_C,T_PRS313_Unknown_combined",0.6257596475235491
chr10_123349324_A_T_PRS313_Unknown_combined,0.5325038880248845
chr10_123095209_G_A_PRS313_Unknown_combined,0.9179273279441507
chr10_13892298_G_A_PRS313_Unknown_combined,0.601359195439782
chr10_5794652_A_G_PRS313_Unknown_combined,0.9222797927461139
chr10_115128491_T_C_PRS313_Known_combined,0.8164286019627361
chr10_22032942_A_G_PRS313_Known_combined,0.8121817723279099
chr10_64299890_A_G_PRS313_Unknown_combined,0.876698996543276
chr10_80886726_A_G_PRS313_Unknown_combined,0.8774651150816126
chr10_123340431_GC_G_PRS313_Unknown_combined,0.9339075044287815
chr10_80851257_G_T_PRS313_Known_combined,0.7671137361059841
chr10_22477776_ACC_A_PRS313_Unknown_combined,0.7321333095704865
chr10_95292187_CAA_C_PRS313_Unknown_combined,0.4826921410622997
chr10_71335574_C_T_PRS313_Unknown_combined,0.35785402027877605
chr10_64819996_G_T_PRS313_Known_combined,0.4127483419143286
chr10_114777670_C_T_PRS313_Unknown_combined,0.9878229589480593
