SNP,R2 Score
chr10_38523626_C_A_PRS313_Unknown_combined,0.7896886
chr10_123340107_A_G_PRS313_Unknown_combined,0.7887285
"chr10_22861490_A_C,T_PRS313_Unknown_combined",0.36481547
chr10_123349324_A_T_PRS313_Unknown_combined,-0.10420251
chr10_123095209_G_A_PRS313_Unknown_combined,0.88163114
chr10_13892298_G_A_PRS313_Unknown_combined,0.60925055
chr10_5794652_A_G_PRS313_Unknown_combined,0.7999174
chr10_115128491_T_C_PRS313_Known_combined,0.83626634
chr10_22032942_A_G_PRS313_Known_combined,0.7863647
chr10_64299890_A_G_PRS313_Unknown_combined,0.7583892
chr10_80886726_A_G_PRS313_Unknown_combined,0.8408339
chr10_123340431_GC_G_PRS313_Unknown_combined,0.89830554
chr10_80851257_G_T_PRS313_Known_combined,0.71986926
chr10_22477776_ACC_A_PRS313_Unknown_combined,0.6644499
chr10_95292187_CAA_C_PRS313_Unknown_combined,0.27789277
chr10_71335574_C_T_PRS313_Unknown_combined,0.09201139
chr10_64819996_G_T_PRS313_Known_combined,0.30780286
chr10_114777670_C_T_PRS313_Unknown_combined,0.9724628
