SNP,Accuracy Score
chr6_152432902_C_T_PRS313_Unknown_combined,0.9840319361277445
chr6_152055978_A_T_PRS313_Unknown_combined,0.7744510978043913
chr6_16399557_C_T_PRS313_Unknown_combined,0.9800399201596807
chr6_152023191_G_A_PRS313_Unknown_combined,0.8542914171656687
chr6_82263549_AAT_A_PRS313_Unknown_combined,1.0
chr6_152022664_CAAAAAAA_C_PRS313_Unknown_combined,0.998003992015968
chr6_18783140_G_A_PRS313_Unknown_combined,0.9960079840319361
chr6_87803819_T_C_PRS313_Unknown_combined,0.8882235528942116
chr6_20537845_CA_C_PRS313_Unknown_combined,0.9920159680638723
chr6_85912194_CAA_C_PRS313_Unknown_combined,0.9520958083832335
chr6_151949806_A_C_PRS313_Unknown_combined,0.9760479041916168
chr6_169006947_C_G_PRS313_Unknown_combined,0.9960079840319361
chr6_13713366_G_C_PRS313_Unknown_combined,0.998003992015968
chr6_21923810_T_C_PRS313_Known_combined,0.998003992015968
chr6_43227141_G_A_PRS313_Unknown_combined,0.8383233532934131
chr6_151955914_A_G_PRS313_Known_combined,1.0
chr6_170332621_T_C_PRS313_Unknown_combined,0.9920159680638723
chr6_149595505_T_C_PRS313_Unknown_combined,0.9640718562874252
chr6_27425644_G_C_PRS313_Unknown_combined,0.844311377245509
chr6_130341728_C_CT_PRS313_Unknown_combined,0.9700598802395209
