SNP,R2 Score
chr6_152432902_C_T_PRS313_Unknown_combined,0.9718989248262996
chr6_152055978_A_T_PRS313_Unknown_combined,0.6534991263937715
chr6_16399557_C_T_PRS313_Unknown_combined,0.9740866990623168
chr6_152023191_G_A_PRS313_Unknown_combined,0.7507874431925771
chr6_82263549_AAT_A_PRS313_Unknown_combined,0.9985122127709354
chr6_152022664_CAAAAAAA_C_PRS313_Unknown_combined,0.9577182249322493
chr6_18783140_G_A_PRS313_Unknown_combined,0.953025538124772
chr6_87803819_T_C_PRS313_Unknown_combined,0.805928963737732
chr6_20537845_CA_C_PRS313_Unknown_combined,0.8428279970893215
chr6_85912194_CAA_C_PRS313_Unknown_combined,0.9250142096013836
chr6_151949806_A_C_PRS313_Unknown_combined,0.9447105164883853
chr6_169006947_C_G_PRS313_Unknown_combined,0.9885920263688277
chr6_13713366_G_C_PRS313_Unknown_combined,0.9981962838653595
chr6_21923810_T_C_PRS313_Known_combined,0.9969516199453674
chr6_43227141_G_A_PRS313_Unknown_combined,0.7295119682746698
chr6_151955914_A_G_PRS313_Known_combined,0.9953953678297505
chr6_170332621_T_C_PRS313_Unknown_combined,0.9676580435119632
chr6_149595505_T_C_PRS313_Unknown_combined,0.9530627213946636
chr6_27425644_G_C_PRS313_Unknown_combined,0.7168605204360108
chr6_130341728_C_CT_PRS313_Unknown_combined,0.9560504860605541
