SNP,AUC Score
chr6_152432902_C_T_PRS313_Unknown_combined,0.9878267747326701
chr6_152055978_A_T_PRS313_Unknown_combined,0.8171322690880025
chr6_16399557_C_T_PRS313_Unknown_combined,0.9858086802898457
chr6_152023191_G_A_PRS313_Unknown_combined,0.8949158938331063
chr6_82263549_AAT_A_PRS313_Unknown_combined,1.0
chr6_152022664_CAAAAAAA_C_PRS313_Unknown_combined,0.9989837398373984
chr6_18783140_G_A_PRS313_Unknown_combined,0.9887053466245593
chr6_87803819_T_C_PRS313_Unknown_combined,0.9204586739469379
chr6_20537845_CA_C_PRS313_Unknown_combined,0.9544296889212299
chr6_85912194_CAA_C_PRS313_Unknown_combined,0.9611435738248041
chr6_151949806_A_C_PRS313_Unknown_combined,0.9749722543900986
chr6_169006947_C_G_PRS313_Unknown_combined,0.9970726125399505
chr6_13713366_G_C_PRS313_Unknown_combined,0.9986310858952369
chr6_21923810_T_C_PRS313_Known_combined,0.9935645272601795
chr6_43227141_G_A_PRS313_Unknown_combined,0.8727165419058395
chr6_151955914_A_G_PRS313_Known_combined,1.0
chr6_170332621_T_C_PRS313_Unknown_combined,0.9879923976303947
chr6_149595505_T_C_PRS313_Unknown_combined,0.9737327882268761
chr6_27425644_G_C_PRS313_Unknown_combined,0.8765536060017922
chr6_130341728_C_CT_PRS313_Unknown_combined,0.975409159909398
