SNP,R2 Score
chr6_152432902_C_T_PRS313_Unknown_combined,0.9677689140504375
chr6_152055978_A_T_PRS313_Unknown_combined,0.5388898109449733
chr6_16399557_C_T_PRS313_Unknown_combined,0.9592205508888455
chr6_152023191_G_A_PRS313_Unknown_combined,0.6758663131982579
chr6_82263549_AAT_A_PRS313_Unknown_combined,1.0
chr6_152022664_CAAAAAAA_C_PRS313_Unknown_combined,0.8868563685636857
chr6_18783140_G_A_PRS313_Unknown_combined,0.939073330901131
chr6_87803819_T_C_PRS313_Unknown_combined,0.7845459153112473
chr6_20537845_CA_C_PRS313_Unknown_combined,0.817718755684919
chr6_85912194_CAA_C_PRS313_Unknown_combined,0.9161482886551926
chr6_151949806_A_C_PRS313_Unknown_combined,0.9207228305588961
chr6_169006947_C_G_PRS313_Unknown_combined,0.989481860933826
chr6_13713366_G_C_PRS313_Unknown_combined,0.9959675472062588
chr6_21923810_T_C_PRS313_Known_combined,0.994391205051274
chr6_43227141_G_A_PRS313_Unknown_combined,0.6808965590452071
chr6_151955914_A_G_PRS313_Known_combined,1.0
chr6_170332621_T_C_PRS313_Unknown_combined,0.9482197302464989
chr6_149595505_T_C_PRS313_Unknown_combined,0.9261908659355049
chr6_27425644_G_C_PRS313_Unknown_combined,0.6761758087425589
chr6_130341728_C_CT_PRS313_Unknown_combined,0.9463620401695859
