SNP,IQS Score
chr6_152432902_C_T_PRS313_Unknown_combined,0.9743476507747547
chr6_152055978_A_T_PRS313_Unknown_combined,0.6402554489419838
chr6_16399557_C_T_PRS313_Unknown_combined,0.9676155755507293
chr6_152023191_G_A_PRS313_Unknown_combined,0.7712629228662027
chr6_82263549_AAT_A_PRS313_Unknown_combined,1.0
chr6_152022664_CAAAAAAA_C_PRS313_Unknown_combined,0.9463539993575314
chr6_18783140_G_A_PRS313_Unknown_combined,0.9666866148015162
chr6_87803819_T_C_PRS313_Unknown_combined,0.8245995723770583
chr6_20537845_CA_C_PRS313_Unknown_combined,0.9088593778424596
chr6_85912194_CAA_C_PRS313_Unknown_combined,0.9253571051667732
chr6_151949806_A_C_PRS313_Unknown_combined,0.9553456036365258
chr6_169006947_C_G_PRS313_Unknown_combined,0.9922769804689306
chr6_13713366_G_C_PRS313_Unknown_combined,0.9967541933101397
chr6_21923810_T_C_PRS313_Known_combined,0.996000447055818
chr6_43227141_G_A_PRS313_Unknown_combined,0.7434472556234115
chr6_151955914_A_G_PRS313_Known_combined,1.0
chr6_170332621_T_C_PRS313_Unknown_combined,0.970089552238806
chr6_149595505_T_C_PRS313_Unknown_combined,0.9420839006345213
chr6_27425644_G_C_PRS313_Unknown_combined,0.7495577943551488
chr6_130341728_C_CT_PRS313_Unknown_combined,0.953497438182223
