SNP,R2 Score
chr17_43212339_C_CT_PRS313_Unknown_combined,0.4552557716135235
chr17_53209774_A_C_PRS313_Known_combined,0.9330828950663657
chr17_44283858_G_A_PRS313_Unknown_combined,0.747886473429952
chr17_40485239_G_T_PRS313_Unknown_combined,0.14103952355169935
chr17_77781725_A_G_PRS313_Known_combined,0.7355481621293074
chr17_40127060_T_C_PRS313_Unknown_combined,-0.09347124691592845
chr17_29168077_G_T_PRS313_Unknown_combined,0.8438689148405722
chr17_39251123_T_C_PRS313_Unknown_combined,0.1981736019581971
chr17_40744470_G_A_PRS313_Unknown_combined,-0.00200000000002043
