SNP,IQS Score
chr17_43212339_C_CT_PRS313_Unknown_combined,0.7001436437634667
chr17_53209774_A_C_PRS313_Known_combined,0.05716861182275356
chr17_44283858_G_A_PRS313_Unknown_combined,0.9113374197596408
chr17_40485239_G_T_PRS313_Unknown_combined,0.6185472818638644
chr17_77781725_A_G_PRS313_Known_combined,0.1666443607441252
chr17_40127060_T_C_PRS313_Unknown_combined,0.36727898966704897
chr17_29168077_G_T_PRS313_Unknown_combined,0.9013801097963738
chr17_39251123_T_C_PRS313_Unknown_combined,0.5739795918367351
chr17_40744470_G_A_PRS313_Unknown_combined,1.0
