SNP,R2 Score
chr17_43212339_C_CT_PRS313_Unknown_combined,0.5719678102615919
chr17_53209774_A_C_PRS313_Known_combined,-0.10786285113081973
chr17_44283858_G_A_PRS313_Unknown_combined,0.8298638468670766
chr17_40485239_G_T_PRS313_Unknown_combined,0.44505424007306016
chr17_77781725_A_G_PRS313_Known_combined,0.006796019028408096
chr17_40127060_T_C_PRS313_Unknown_combined,0.25223445029591995
chr17_29168077_G_T_PRS313_Unknown_combined,0.8447667338339309
chr17_39251123_T_C_PRS313_Unknown_combined,0.37444340502279083
chr17_40744470_G_A_PRS313_Unknown_combined,0.99269093811753
