SNP,IQS Score
chr17_43212339_C_CT_PRS313_Unknown_combined,0.6327368755740831
chr17_53209774_A_C_PRS313_Known_combined,0.9456943682295795
chr17_44283858_G_A_PRS313_Unknown_combined,0.8776676270938125
chr17_40485239_G_T_PRS313_Unknown_combined,0.528388822829964
chr17_77781725_A_G_PRS313_Known_combined,0.8000595456791375
chr17_40127060_T_C_PRS313_Unknown_combined,0.28201134027042235
chr17_29168077_G_T_PRS313_Unknown_combined,0.8988534815271328
chr17_39251123_T_C_PRS313_Unknown_combined,0.5354785928551946
chr17_40744470_G_A_PRS313_Unknown_combined,0.0
