SNP,R2 Score
chr17_43212339_C_CT_PRS313_Unknown_combined,0.5566035350342633
chr17_53209774_A_C_PRS313_Known_combined,-0.48890558477336277
chr17_44283858_G_A_PRS313_Unknown_combined,0.831924315619968
chr17_40485239_G_T_PRS313_Unknown_combined,-0.039794260963732286
chr17_77781725_A_G_PRS313_Known_combined,-0.1860264243897729
chr17_40127060_T_C_PRS313_Unknown_combined,-0.04592901878914879
chr17_29168077_G_T_PRS313_Unknown_combined,0.7863469360976252
chr17_39251123_T_C_PRS313_Unknown_combined,-0.03765769158350962
chr17_40744470_G_A_PRS313_Unknown_combined,-0.00200000000002043
