SNP,IQS Score
chr17_43212339_C_CT_PRS313_Unknown_combined,0.08872042840680572
chr17_53209774_A_C_PRS313_Known_combined,-0.030958245902137874
chr17_44283858_G_A_PRS313_Unknown_combined,0.6537490104421909
chr17_40485239_G_T_PRS313_Unknown_combined,0.13953980801806865
chr17_77781725_A_G_PRS313_Known_combined,0.027146935521205794
chr17_40127060_T_C_PRS313_Unknown_combined,0.11691547187647701
chr17_29168077_G_T_PRS313_Unknown_combined,0.4435252211880962
chr17_39251123_T_C_PRS313_Unknown_combined,0.11090326990179493
chr17_40744470_G_A_PRS313_Unknown_combined,0.16360601001669814
