SNP,IQS Score
chr17_43212339_C_CT_PRS313_Unknown_combined,0.7220340928657523
chr17_44283858_G_A_PRS313_Unknown_combined,0.1262810865046943
chr17_40485239_G_T_PRS313_Unknown_combined,0.9123610514765516
chr17_40127060_T_C_PRS313_Unknown_combined,0.6185472818638644
chr17_29168077_G_T_PRS313_Unknown_combined,0.07650725928380554
chr17_39251123_T_C_PRS313_Unknown_combined,0.3797677297647822
chr17_40744470_G_A_PRS313_Unknown_combined,0.9071220597376255
