SNP,IQS Score
chr17_43212339_C_CT_PRS313_Unknown_combined,0.7240927476784597
chr17_44283858_G_A_PRS313_Unknown_combined,0.1459229519166429
chr17_40485239_G_T_PRS313_Unknown_combined,0.89521695062503
chr17_40127060_T_C_PRS313_Unknown_combined,0.5676869194457131
chr17_29168077_G_T_PRS313_Unknown_combined,0.06351206603238585
chr17_39251123_T_C_PRS313_Unknown_combined,0.3797677297647822
chr17_40744470_G_A_PRS313_Unknown_combined,0.9019356241844282
