SNP,R2 Score
chr17_43212339_C_CT_PRS313_Unknown_combined,0.5641755954521661
chr17_44283858_G_A_PRS313_Unknown_combined,-0.022117966399602507
chr17_40485239_G_T_PRS313_Unknown_combined,0.8256345704531713
chr17_40127060_T_C_PRS313_Unknown_combined,0.46853699619007383
chr17_29168077_G_T_PRS313_Unknown_combined,0.021516364031350044
chr17_39251123_T_C_PRS313_Unknown_combined,0.3061937991569561
chr17_40744470_G_A_PRS313_Unknown_combined,0.850919667154723
