SNP,R2 Score
chr17_43212339_C_CT_PRS313_Unknown_combined,-1.0396237388423888
chr17_53209774_A_C_PRS313_Known_combined,-2.7431755572251677
chr17_44283858_G_A_PRS313_Unknown_combined,0.07558373590982403
chr17_40485239_G_T_PRS313_Unknown_combined,-6.549810503519274
chr17_77781725_A_G_PRS313_Known_combined,-1.1717105473623546
chr17_40127060_T_C_PRS313_Unknown_combined,-7.652685519073868
chr17_29168077_G_T_PRS313_Unknown_combined,-0.1915267025324754
chr17_39251123_T_C_PRS313_Unknown_combined,-6.688100169459639
chr17_40744470_G_A_PRS313_Unknown_combined,-9.020000000000204
