SNP,R2 Score
chr17_43212339_C_CT_PRS313_Unknown_combined,0.562955562286751
chr17_44283858_G_A_PRS313_Unknown_combined,-0.01990977955619888
chr17_40485239_G_T_PRS313_Unknown_combined,0.8253551136463579
chr17_40127060_T_C_PRS313_Unknown_combined,0.418832816177091
chr17_29168077_G_T_PRS313_Unknown_combined,0.02078494722447144
chr17_39251123_T_C_PRS313_Unknown_combined,0.2607699904226406
chr17_40744470_G_A_PRS313_Unknown_combined,0.8343785683173013
