SNP,IQS Score
chr17_43212339_C_CT_PRS313_Unknown_combined,0.13972055888223553
chr17_53209774_A_C_PRS313_Known_combined,0.5828343313373253
chr17_44283858_G_A_PRS313_Unknown_combined,0.01996007984031936
chr17_40485239_G_T_PRS313_Unknown_combined,0.041916167664670656
chr17_77781725_A_G_PRS313_Known_combined,0.5069860279441117
chr17_40127060_T_C_PRS313_Unknown_combined,0.043912175648702596
chr17_29168077_G_T_PRS313_Unknown_combined,0.05189620758483034
chr17_39251123_T_C_PRS313_Unknown_combined,0.03992015968063872
chr17_40744470_G_A_PRS313_Unknown_combined,0.001996007984031936
