SNP,IQS Score
chr3_55970777_A_AT_PRS313_Unknown_combined,0.7663609513446271
chr3_59373745_C_T_PRS313_Unknown_combined,0.7136741537897494
chr3_141112859_CTT_C_PRS313_Unknown_combined,0.9637105536373952
chr3_99403877_G_A_PRS313_Unknown_combined,0.6130754507907727
chr3_27388664_C_G_PRS313_Unknown_combined,0.9342357863647552
chr3_4742251_A_G_PRS313_Unknown_combined,0.8929953609964887
chr3_29294845_C_T_PRS313_Unknown_combined,0.0
chr3_30684907_C_T_PRS313_Unknown_combined,0.9785990721992976
chr3_46888198_T_C_PRS313_Unknown_combined,0.9287833827893176
chr3_71620370_T_G_PRS313_Unknown_combined,0.9458778949467753
chr3_49709912_C_CT_PRS313_Unknown_combined,0.82936884937351
chr3_189774456_C_T_PRS313_Unknown_combined,0.5502692998204668
"chr3_63887449_T_TTG,TTGTG_PRS313_Unknown_combined",0.9762322690829736
