SNP,R2 Score
chr3_55970777_A_AT_PRS313_Unknown_combined,0.7808514592410618
chr3_59373745_C_T_PRS313_Unknown_combined,0.5511114597127336
chr3_141112859_CTT_C_PRS313_Unknown_combined,0.9368272101375609
chr3_99403877_G_A_PRS313_Unknown_combined,0.4003813951750912
chr3_27388664_C_G_PRS313_Unknown_combined,0.9085820848487759
chr3_4742251_A_G_PRS313_Unknown_combined,0.8482569302455063
chr3_29294845_C_T_PRS313_Unknown_combined,0.1089671867215779
chr3_30684907_C_T_PRS313_Unknown_combined,0.9628393384824495
chr3_46888198_T_C_PRS313_Unknown_combined,0.8836287034077227
chr3_71620370_T_G_PRS313_Unknown_combined,0.9113647459624641
chr3_49709912_C_CT_PRS313_Unknown_combined,0.703615352912154
chr3_189774456_C_T_PRS313_Unknown_combined,0.2946726233145963
"chr3_63887449_T_TTG,TTGTG_PRS313_Unknown_combined",0.9492823419961879
