SNP,IQS Score
chr16_6963972_C_G_PRS313_Unknown_maternal,0.7644791274915381
chr16_6963972_C_G_PRS313_Unknown_paternal,0.6749660313613162
chr16_23007047_G_T_PRS313_Unknown_maternal,0.6813202346455576
chr16_23007047_G_T_PRS313_Unknown_paternal,0.9158313266506125
chr16_53861592_G_A_PRS313_Unknown_maternal,0.8956984663580216
chr16_53861592_G_A_PRS313_Unknown_paternal,0.9382893851678494
chr16_87086492_T_C_PRS313_Unknown_maternal,0.9411211658244213
chr16_87086492_T_C_PRS313_Unknown_paternal,0.92411390487731
chr16_4008542_CAAAAA_C_PRS313_Unknown_maternal,0.1991207912878406
chr16_4008542_CAAAAA_C_PRS313_Unknown_paternal,0.35349183088733854
chr16_54682064_G_A_PRS313_Known_maternal,0.7335628516248216
chr16_54682064_G_A_PRS313_Known_paternal,0.7601550009484324
chr16_52599188_C_T_PRS313_Known_maternal,0.9022391336162741
chr16_52599188_C_T_PRS313_Known_paternal,0.9286968072489208
chr16_80648296_A_G_PRS313_Unknown_maternal,0.984219975432297
chr16_80648296_A_G_PRS313_Unknown_paternal,0.9817346603959312
chr16_52538825_C_A_PRS313_Unknown_maternal,0.9187435800400066
chr16_52538825_C_A_PRS313_Unknown_paternal,0.9238890998860616
chr16_10706580_G_A_PRS313_Unknown_maternal,0.9215418689456139
chr16_10706580_G_A_PRS313_Unknown_paternal,0.9308901967997059
chr16_4106788_C_A_PRS313_Unknown_maternal,0.6860560156931125
chr16_4106788_C_A_PRS313_Unknown_paternal,0.7809638926036416
chr16_85145977_T_C_PRS313_Unknown_maternal,0.6438279400817978
chr16_85145977_T_C_PRS313_Unknown_paternal,0.5939932712850863
chr16_53809123_C_T_PRS313_Known_maternal,0.9946844065314956
chr16_53809123_C_T_PRS313_Known_paternal,0.9943395586889467
chr16_53861139_C_T_PRS313_Unknown_maternal,1.0
chr16_53861139_C_T_PRS313_Unknown_paternal,0.9941947370250633
