SNP,R2 Score
chr16_6963972_C_G_PRS313_Unknown_maternal,0.6755576633602856
chr16_6963972_C_G_PRS313_Unknown_paternal,0.5434805389447541
chr16_23007047_G_T_PRS313_Unknown_maternal,0.8712650654690605
chr16_23007047_G_T_PRS313_Unknown_paternal,0.9749345110897258
chr16_53861139_C_T_PRS313_Unknown_maternal,0.997626345872142
chr16_53861139_C_T_PRS313_Unknown_paternal,0.9969170646112623
chr16_53861592_G_A_PRS313_Unknown_maternal,0.8380351927247518
chr16_53861592_G_A_PRS313_Unknown_paternal,0.8669471940770809
chr16_87086492_T_C_PRS313_Unknown_maternal,0.8804098823934192
chr16_87086492_T_C_PRS313_Unknown_paternal,0.8621894243959046
chr16_4008542_CAAAAA_C_PRS313_Unknown_maternal,-0.16259573828761442
chr16_4008542_CAAAAA_C_PRS313_Unknown_paternal,0.03909723973481816
chr16_52538825_C_A_PRS313_Unknown_maternal,0.9327864098585582
chr16_52538825_C_A_PRS313_Unknown_paternal,0.9202462345301234
chr16_80648296_A_G_PRS313_Unknown_maternal,0.9660633051983526
chr16_80648296_A_G_PRS313_Unknown_paternal,0.9634935174673427
chr16_10706580_G_A_PRS313_Unknown_maternal,0.8524827922638972
chr16_10706580_G_A_PRS313_Unknown_paternal,0.9086216516359777
chr16_4106788_C_A_PRS313_Unknown_maternal,0.3973073107916506
chr16_4106788_C_A_PRS313_Unknown_paternal,0.4831601809243855
chr16_85145977_T_C_PRS313_Unknown_maternal,0.23047671283666582
chr16_85145977_T_C_PRS313_Unknown_paternal,0.19680962471706442
