SNP,IQS Score
chr16_6963972_C_G_PRS313_Unknown_maternal,0.7616123623510219
chr16_6963972_C_G_PRS313_Unknown_paternal,0.7199552822806036
chr16_23007047_G_T_PRS313_Unknown_maternal,0.7420517441112116
chr16_23007047_G_T_PRS313_Unknown_paternal,0.947920997920998
chr16_53861139_C_T_PRS313_Unknown_maternal,1.0
chr16_53861139_C_T_PRS313_Unknown_paternal,0.9941947370250633
chr16_53861592_G_A_PRS313_Unknown_maternal,0.8894882489773
chr16_53861592_G_A_PRS313_Unknown_paternal,0.8849333945796967
chr16_87086492_T_C_PRS313_Unknown_maternal,0.933437652234245
chr16_87086492_T_C_PRS313_Unknown_paternal,0.9070385947550719
chr16_4008542_CAAAAA_C_PRS313_Unknown_maternal,0.3890358529858728
chr16_4008542_CAAAAA_C_PRS313_Unknown_paternal,0.43191629035787454
chr16_80648296_A_G_PRS313_Unknown_maternal,0.9790135092679862
chr16_80648296_A_G_PRS313_Unknown_paternal,0.9817346603959312
chr16_52538825_C_A_PRS313_Unknown_maternal,0.9462892980622337
chr16_52538825_C_A_PRS313_Unknown_paternal,0.9431349551662819
chr16_10706580_G_A_PRS313_Unknown_maternal,0.9095218745767305
chr16_10706580_G_A_PRS313_Unknown_paternal,0.9407367101185263
chr16_4106788_C_A_PRS313_Unknown_maternal,0.6778642381933417
chr16_4106788_C_A_PRS313_Unknown_paternal,0.7571497818710616
chr16_85145977_T_C_PRS313_Unknown_maternal,0.583291745683202
chr16_85145977_T_C_PRS313_Unknown_paternal,0.5824590646141778
