SNP,R2 Score
chr16_6963972_C_G_PRS313_Unknown_maternal,0.6948732
chr16_6963972_C_G_PRS313_Unknown_paternal,0.5761381
chr16_23007047_G_T_PRS313_Unknown_maternal,0.6824011
chr16_23007047_G_T_PRS313_Unknown_paternal,0.8799772
chr16_53861592_G_A_PRS313_Unknown_maternal,0.8552153
chr16_53861592_G_A_PRS313_Unknown_paternal,0.8638402
chr16_87086492_T_C_PRS313_Unknown_maternal,0.88853765
chr16_87086492_T_C_PRS313_Unknown_paternal,0.84498173
chr16_4008542_CAAAAA_C_PRS313_Unknown_maternal,0.17232794
chr16_4008542_CAAAAA_C_PRS313_Unknown_paternal,0.1952309
chr16_80648296_A_G_PRS313_Unknown_maternal,0.60050714
chr16_80648296_A_G_PRS313_Unknown_paternal,0.65235204
chr16_52538825_C_A_PRS313_Unknown_maternal,0.8679312
chr16_52538825_C_A_PRS313_Unknown_paternal,0.89166886
chr16_10706580_G_A_PRS313_Unknown_maternal,0.9698973
chr16_10706580_G_A_PRS313_Unknown_paternal,0.96695894
chr16_4106788_C_A_PRS313_Unknown_maternal,0.88992655
chr16_4106788_C_A_PRS313_Unknown_paternal,0.8834482
chr16_85145977_T_C_PRS313_Unknown_maternal,0.85864604
chr16_85145977_T_C_PRS313_Unknown_paternal,0.90657395
chr16_53861139_C_T_PRS313_Unknown_maternal,0.5148541
chr16_53861139_C_T_PRS313_Unknown_paternal,0.61531687
