SNP,R2 Score
chr16_6963972_C_G_PRS313_Unknown_maternal,0.6299812652074885
chr16_6963972_C_G_PRS313_Unknown_paternal,0.5642550850199644
chr16_23007047_G_T_PRS313_Unknown_maternal,0.7444562238043775
chr16_23007047_G_T_PRS313_Unknown_paternal,0.9140108323704098
chr16_53861139_C_T_PRS313_Unknown_maternal,0.998829326803901
chr16_53861139_C_T_PRS313_Unknown_paternal,0.9954390463637549
chr16_53861592_G_A_PRS313_Unknown_maternal,0.840839688746665
chr16_53861592_G_A_PRS313_Unknown_paternal,0.8410599627469225
chr16_87086492_T_C_PRS313_Unknown_maternal,0.8914885459362769
chr16_87086492_T_C_PRS313_Unknown_paternal,0.845380107799945
chr16_4008542_CAAAAA_C_PRS313_Unknown_maternal,0.08462954198995976
chr16_4008542_CAAAAA_C_PRS313_Unknown_paternal,0.12626369140492544
chr16_80648296_A_G_PRS313_Unknown_maternal,0.9644235312600681
chr16_80648296_A_G_PRS313_Unknown_paternal,0.9664385253827262
chr16_52538825_C_A_PRS313_Unknown_maternal,0.9215246839722592
chr16_52538825_C_A_PRS313_Unknown_paternal,0.9136528312109238
chr16_10706580_G_A_PRS313_Unknown_maternal,0.8549400403467567
chr16_10706580_G_A_PRS313_Unknown_paternal,0.9025103627865803
chr16_4106788_C_A_PRS313_Unknown_maternal,0.4794545017153832
chr16_4106788_C_A_PRS313_Unknown_paternal,0.5876955312492691
chr16_85145977_T_C_PRS313_Unknown_maternal,0.40692607462727737
chr16_85145977_T_C_PRS313_Unknown_paternal,0.39602147314481484
