SNP,R2 Score
chr16_6963972_C_G_PRS313_Unknown_maternal,0.6958854214309066
chr16_6963972_C_G_PRS313_Unknown_paternal,0.5833593570925176
chr16_23007047_G_T_PRS313_Unknown_maternal,0.7325120160587005
chr16_23007047_G_T_PRS313_Unknown_paternal,0.9030333172844754
chr16_53861592_G_A_PRS313_Unknown_maternal,0.8566073003308138
chr16_53861592_G_A_PRS313_Unknown_paternal,0.8646800008428878
chr16_87086492_T_C_PRS313_Unknown_maternal,0.8896114383741722
chr16_87086492_T_C_PRS313_Unknown_paternal,0.8468929804569342
chr16_4008542_CAAAAA_C_PRS313_Unknown_maternal,0.19049414503585166
chr16_4008542_CAAAAA_C_PRS313_Unknown_paternal,0.2315088762538987
chr16_54682064_G_A_PRS313_Known_maternal,0.6009672700601051
chr16_54682064_G_A_PRS313_Known_paternal,0.6524706289250138
chr16_52599188_C_T_PRS313_Known_maternal,0.8691175615806227
chr16_52599188_C_T_PRS313_Known_paternal,0.891922963836136
chr16_80648296_A_G_PRS313_Unknown_maternal,0.9699643833299505
chr16_80648296_A_G_PRS313_Unknown_paternal,0.9670341267367568
chr16_52538825_C_A_PRS313_Unknown_maternal,0.8918961225361406
chr16_52538825_C_A_PRS313_Unknown_paternal,0.8845211189071959
chr16_10706580_G_A_PRS313_Unknown_maternal,0.8590690933363215
chr16_10706580_G_A_PRS313_Unknown_paternal,0.9073473421325895
chr16_4106788_C_A_PRS313_Unknown_maternal,0.5220206885244871
chr16_4106788_C_A_PRS313_Unknown_paternal,0.6224784308929934
chr16_85145977_T_C_PRS313_Unknown_maternal,0.4480119853563668
chr16_85145977_T_C_PRS313_Unknown_paternal,0.4189158693291156
chr16_53809123_C_T_PRS313_Known_maternal,0.9868538989109369
chr16_53809123_C_T_PRS313_Known_paternal,0.995015601882365
chr16_53861139_C_T_PRS313_Unknown_maternal,0.9985333093261124
chr16_53861139_C_T_PRS313_Unknown_paternal,0.992829620632113
