SNP,IQS Score
chr16_6963972_C_G_PRS313_Unknown_combined,0.6046426227458823
chr16_23007047_G_T_PRS313_Unknown_combined,0.8061895551257257
chr16_53861592_G_A_PRS313_Unknown_combined,0.7826181281728642
chr16_87086492_T_C_PRS313_Unknown_combined,0.7634196172156582
chr16_4008542_CAAAAA_C_PRS313_Unknown_combined,0.31700727484539376
chr16_54682064_G_A_PRS313_Known_combined,0.45806542640033854
chr16_52599188_C_T_PRS313_Known_combined,0.7641644956295197
chr16_80648296_A_G_PRS313_Unknown_combined,0.9348629115521394
chr16_52538825_C_A_PRS313_Unknown_combined,0.7700003464763356
chr16_10706580_G_A_PRS313_Unknown_combined,0.8183111557452505
chr16_4106788_C_A_PRS313_Unknown_combined,0.6311070686070686
chr16_85145977_T_C_PRS313_Unknown_combined,0.3751915667210601
chr16_53809123_C_T_PRS313_Known_combined,0.9506070786661712
chr16_53861139_C_T_PRS313_Unknown_combined,0.965509592142704
