SNP,R2 Score
chr16_6963972_C_G_PRS313_Unknown_combined,0.39682021738641493
chr16_23007047_G_T_PRS313_Unknown_combined,0.7270498501770608
chr16_53861592_G_A_PRS313_Unknown_combined,0.6759239294493093
chr16_87086492_T_C_PRS313_Unknown_combined,0.6372093023255831
chr16_4008542_CAAAAA_C_PRS313_Unknown_combined,-0.11956358446630055
chr16_54682064_G_A_PRS313_Known_combined,0.3177395739857415
chr16_52599188_C_T_PRS313_Known_combined,0.681828135949544
chr16_80648296_A_G_PRS313_Unknown_combined,0.9126891376553088
chr16_52538825_C_A_PRS313_Unknown_combined,0.6771907216494855
chr16_10706580_G_A_PRS313_Unknown_combined,0.733619631901838
chr16_4106788_C_A_PRS313_Unknown_combined,0.4301837270341242
chr16_85145977_T_C_PRS313_Unknown_combined,0.25146379874281655
chr16_53809123_C_T_PRS313_Known_combined,0.9377948845294266
chr16_53861139_C_T_PRS313_Unknown_combined,0.9472976763757073
