SNP,R2 Score
chr9_98362587_T_C_PRS313_Unknown_combined,0.8895059748175467
chr9_6880263_A_G_PRS313_Unknown_combined,0.7292226443064954
chr9_110885479_C_T_PRS313_Unknown_combined,0.8735301781700934
chr9_110837176_C_T_PRS313_Known_combined,0.512235554152195
chr9_21964882_CAAAA_C_PRS313_Unknown_combined,0.48797784365735863
chr9_36928288_T_C_PRS313_Unknown_combined,0.512653881995192
chr9_110303808_TAA_T_PRS313_Unknown_combined,0.5252067267490514
chr9_129424719_A_G_PRS313_Unknown_combined,0.06694167406402107
chr9_119313486_A_G_PRS313_Unknown_combined,0.7179583411521862
chr9_110849525_G_T_PRS313_Unknown_combined,0.2857291883997517
chr9_136146597_C_T_PRS313_Known_combined,0.9391415845593195
chr9_87782211_T_C_PRS313_Known_combined,0.6933507114465105
chr9_22041998_C_G_PRS313_Known_combined,0.48720573183214255
chr9_110837073_A_G_PRS313_Known_combined,0.23886334812935883
