SNP,IQS Score
chr9_98362587_T_C_PRS313_Unknown_combined,0.9168056761142771
chr9_6880263_A_G_PRS313_Unknown_combined,0.7860228437545762
chr9_110885479_C_T_PRS313_Unknown_combined,0.8923581270272517
chr9_110837176_C_T_PRS313_Known_combined,0.6855790759210261
chr9_21964882_CAAAA_C_PRS313_Unknown_combined,0.5829778378940796
chr9_36928288_T_C_PRS313_Unknown_combined,0.6302341530322328
chr9_110303808_TAA_T_PRS313_Unknown_combined,0.6341232906135891
chr9_129424719_A_G_PRS313_Unknown_combined,0.3815794684938017
chr9_119313486_A_G_PRS313_Unknown_combined,0.788922281830183
chr9_110849525_G_T_PRS313_Unknown_combined,0.5496876027622493
chr9_136146597_C_T_PRS313_Known_combined,0.9608583556863459
chr9_87782211_T_C_PRS313_Known_combined,0.7329658753150983
chr9_22041998_C_G_PRS313_Known_combined,0.6475267886134864
chr9_110837073_A_G_PRS313_Known_combined,0.4359773092435322
