SNP,IQS Score
chr14_105213978_T_G_PRS313_Unknown_combined,0.9406140108261885
chr14_37228504_C_T_PRS313_Unknown_combined,0.8634789856698618
chr14_37128564_C_A_PRS313_Unknown_combined,0.9904843304843305
chr14_91751788_TC_T_PRS313_Unknown_combined,0.6726260487728378
