SNP,R2 Score
chr14_105213978_T_G_PRS313_Unknown_combined,0.9113351881070563
chr14_37228504_C_T_PRS313_Unknown_combined,0.820241780615107
chr14_37128564_C_A_PRS313_Unknown_combined,0.9820844892799234
chr14_91751788_TC_T_PRS313_Unknown_combined,0.5554849123089779
