SNP,IQS Score
chr15_66630569_G_A_PRS313_Unknown_maternal,0.835843968175288
chr15_66630569_G_A_PRS313_Unknown_paternal,0.8110599078341013
chr15_100905819_A_C_PRS313_Unknown_maternal,0.9165866215852767
chr15_100905819_A_C_PRS313_Unknown_paternal,0.8879077606908998
chr15_46680811_C_A_PRS313_Unknown_maternal,-0.00266844563042725
chr15_46680811_C_A_PRS313_Unknown_paternal,0.0
chr15_91512267_G_T_PRS313_Unknown_maternal,0.9836097752478161
chr15_91512267_G_T_PRS313_Unknown_paternal,0.9801741195092996
chr15_75750383_T_C_PRS313_Unknown_maternal,0.8599026868962873
chr15_75750383_T_C_PRS313_Unknown_paternal,0.8138423047387846
