SNP,R2 Score
chr15_66630569_G_A_PRS313_Unknown_maternal,0.6784551819806729
chr15_66630569_G_A_PRS313_Unknown_paternal,0.6578301672540149
chr15_100905819_A_C_PRS313_Unknown_maternal,0.910107327369878
chr15_100905819_A_C_PRS313_Unknown_paternal,0.838808687895443
chr15_46680811_C_A_PRS313_Unknown_maternal,-0.5829847913715074
chr15_46680811_C_A_PRS313_Unknown_paternal,0.024982608167359532
chr15_91512267_G_T_PRS313_Unknown_maternal,0.9684600165877288
chr15_91512267_G_T_PRS313_Unknown_paternal,0.9687069580012967
chr15_75750383_T_C_PRS313_Unknown_maternal,0.7355642904347273
chr15_75750383_T_C_PRS313_Unknown_paternal,0.6158435053704221
