SNP,IQS Score
chr15_66630569_G_A_PRS313_Unknown_maternal,0.7706082857094406
chr15_66630569_G_A_PRS313_Unknown_paternal,0.8202764976958526
chr15_100905819_A_C_PRS313_Unknown_maternal,0.9165866215852768
chr15_100905819_A_C_PRS313_Unknown_paternal,0.9038146293916972
chr15_67457698_A_G_PRS313_Known_maternal,0.2173621959384029
chr15_67457698_A_G_PRS313_Known_paternal,0.23956488742727225
chr15_46680811_C_A_PRS313_Unknown_maternal,0.0
chr15_46680811_C_A_PRS313_Unknown_paternal,0.0
chr15_91512267_G_T_PRS313_Unknown_maternal,0.9836097752478161
chr15_91512267_G_T_PRS313_Unknown_paternal,0.9850980081103321
chr15_50694306_A_G_PRS313_Known_maternal,0.5851867032831906
chr15_50694306_A_G_PRS313_Known_paternal,0.6242687865606721
chr15_75750383_T_C_PRS313_Unknown_maternal,0.8482761918423947
chr15_75750383_T_C_PRS313_Unknown_paternal,0.7902268417034063
