SNP,R2 Score
chr15_66630569_G_A_PRS313_Unknown_maternal,0.7703744103714927
chr15_66630569_G_A_PRS313_Unknown_paternal,0.7264767896458808
chr15_100905819_A_C_PRS313_Unknown_maternal,0.8997027503631464
chr15_100905819_A_C_PRS313_Unknown_paternal,0.8377039059222186
chr15_46680811_C_A_PRS313_Unknown_maternal,-0.5174064916270122
chr15_46680811_C_A_PRS313_Unknown_paternal,-0.04054283881131093
chr15_91512267_G_T_PRS313_Unknown_maternal,0.967517253409623
chr15_91512267_G_T_PRS313_Unknown_paternal,0.9659800298458587
chr15_75750383_T_C_PRS313_Unknown_maternal,0.775344147795369
chr15_75750383_T_C_PRS313_Unknown_paternal,0.695306861571342
