SNP,R2 Score
chr15_66630569_G_A_PRS313_Unknown_maternal,0.6657928018213181
chr15_66630569_G_A_PRS313_Unknown_paternal,0.7313379016133449
chr15_100905819_A_C_PRS313_Unknown_maternal,0.8957951319832664
chr15_100905819_A_C_PRS313_Unknown_paternal,0.8338527926566383
chr15_67457698_A_G_PRS313_Known_maternal,0.16477554208491474
chr15_67457698_A_G_PRS313_Known_paternal,0.049939806575342305
chr15_46680811_C_A_PRS313_Unknown_maternal,0.00015352536758547178
chr15_46680811_C_A_PRS313_Unknown_paternal,0.10816086693020616
chr15_91512267_G_T_PRS313_Unknown_maternal,0.9713077949619187
chr15_91512267_G_T_PRS313_Unknown_paternal,0.9697155576767429
chr15_50694306_A_G_PRS313_Known_maternal,0.3893980187452351
chr15_50694306_A_G_PRS313_Known_paternal,0.46832424311025384
chr15_75750383_T_C_PRS313_Unknown_maternal,0.7766898601426862
chr15_75750383_T_C_PRS313_Unknown_paternal,0.6587167966073801
