SNP,R2 Score
chr15_66630569_G_A_PRS313_Unknown_maternal,0.6559899
chr15_66630569_G_A_PRS313_Unknown_paternal,0.72644234
chr15_100905819_A_C_PRS313_Unknown_maternal,0.89550817
chr15_100905819_A_C_PRS313_Unknown_paternal,0.83344686
chr15_46680811_C_A_PRS313_Unknown_maternal,0.16015697
chr15_46680811_C_A_PRS313_Unknown_paternal,-0.048288822
chr15_91512267_G_T_PRS313_Unknown_maternal,-0.07655585
chr15_91512267_G_T_PRS313_Unknown_paternal,0.08169055
chr15_75750383_T_C_PRS313_Unknown_maternal,0.97126037
chr15_75750383_T_C_PRS313_Unknown_paternal,0.96963096
