SNP,R2 Score
chr19_18569492_C_T_PRS313_Unknown_combined,0.5982780151166625
chr19_46166073_T_C_PRS313_Unknown_combined,0.00819272705122287
chr19_44283031_T_C_PRS313_Unknown_combined,0.4199533123741058
chr19_13249921_G_T_PRS313_Unknown_combined,-0.026639344262308517
chr19_19517054_C_CGGGCG_PRS313_Unknown_combined,0.34900689674867946
chr19_17393925_C_A_PRS313_Unknown_combined,0.5505510779483384
chr19_55816678_C_T_PRS313_Unknown_combined,0.4828621406959155
