SNP,R2 Score
chr19_18569492_C_T_PRS313_Unknown_combined,0.9992670748686172
chr19_46166073_T_C_PRS313_Unknown_combined,0.5127528463580742
chr19_44283031_T_C_PRS313_Unknown_combined,0.9971957209272101
chr19_13249921_G_T_PRS313_Unknown_combined,0.7887743470359435
chr19_19517054_C_CGGGCG_PRS313_Unknown_combined,0.8352461509787542
chr19_17393925_C_A_PRS313_Unknown_combined,0.92793508478027
chr19_55816678_C_T_PRS313_Unknown_combined,0.7492312903938267
