SNP,IQS Score
chr19_18569492_C_T_PRS313_Unknown_combined,0.6376889980067092
chr19_46166073_T_C_PRS313_Unknown_combined,0.23923848258423588
chr19_44283031_T_C_PRS313_Unknown_combined,0.5841145147901439
chr19_13249921_G_T_PRS313_Unknown_combined,0.7134569817795564
chr19_19517054_C_CGGGCG_PRS313_Unknown_combined,0.4523656077033891
chr19_17393925_C_A_PRS313_Unknown_combined,0.7474217685871468
chr19_55816678_C_T_PRS313_Unknown_combined,0.5897908270965266
