SNP,IQS Score
chr19_18569492_C_T_PRS313_Unknown_combined,0.9545050035415267
chr19_46166073_T_C_PRS313_Unknown_combined,0.6807709292789099
chr19_44283031_T_C_PRS313_Unknown_combined,0.93589889397515
chr19_13249921_G_T_PRS313_Unknown_combined,0.8292724484580002
chr19_19517054_C_CGGGCG_PRS313_Unknown_combined,0.791182185391089
chr19_17393925_C_A_PRS313_Unknown_combined,0.8903292122319618
chr19_55816678_C_T_PRS313_Unknown_combined,0.6876353612915929
