SNP,R2 Score
chr19_18569492_C_T_PRS313_Unknown_combined,0.9994602940018882
chr19_46166073_T_C_PRS313_Unknown_combined,0.5099590774830669
chr19_44283031_T_C_PRS313_Unknown_combined,0.9975618811627922
chr19_13249921_G_T_PRS313_Unknown_combined,0.9132022945730766
chr19_19517054_C_CGGGCG_PRS313_Unknown_combined,0.8398196910837383
chr19_17393925_C_A_PRS313_Unknown_combined,0.9274998001100564
chr19_55816678_C_T_PRS313_Unknown_combined,0.7530861237910663
