SNP,R2 Score
chr19_18569492_C_T_PRS313_Unknown_combined,0.9993663895079903
chr19_46166073_T_C_PRS313_Unknown_combined,0.49522232154325274
chr19_44283031_T_C_PRS313_Unknown_combined,0.9987696333492261
chr19_13249921_G_T_PRS313_Unknown_combined,0.8945132070875478
chr19_19517054_C_CGGGCG_PRS313_Unknown_combined,0.840290054555425
chr19_17393925_C_A_PRS313_Unknown_combined,0.9282273432629773
chr19_55816678_C_T_PRS313_Unknown_combined,0.7465600073559258
