SNP,R2 Score
chr19_18569492_C_T_PRS313_Unknown_combined,0.9901215905356556
chr19_46166073_T_C_PRS313_Unknown_combined,0.6185356642504704
chr19_44283031_T_C_PRS313_Unknown_combined,0.7925036239387045
chr19_13249921_G_T_PRS313_Unknown_combined,-0.026639344262308517
chr19_19517054_C_CGGGCG_PRS313_Unknown_combined,0.7818100038553266
chr19_17393925_C_A_PRS313_Unknown_combined,0.8359154729017744
chr19_55816678_C_T_PRS313_Unknown_combined,0.5618144856278369
