SNP,IQS Score
chr19_18569492_C_T_PRS313_Unknown_combined,0.005988023952095809
chr19_46166073_T_C_PRS313_Unknown_combined,0.18762475049900199
chr19_44283031_T_C_PRS313_Unknown_combined,0.08782435129740519
chr19_13249921_G_T_PRS313_Unknown_combined,0.02594810379241517
chr19_19517054_C_CGGGCG_PRS313_Unknown_combined,0.1217564870259481
chr19_17393925_C_A_PRS313_Unknown_combined,0.04590818363273453
chr19_55816678_C_T_PRS313_Unknown_combined,0.21756487025948104
