SNP,R2 Score
chr14_105213978_T_G_PRS313_Unknown_combined,0.7924964622234485
chr14_37228504_C_T_PRS313_Unknown_combined,0.6106584400904292
chr14_93070286_C_T_PRS313_Known_combined,0.5307015866947022
chr14_37128564_C_A_PRS313_Unknown_combined,0.979683698296837
chr14_91841069_A_G_PRS313_Known_combined,0.9221033646371041
chr14_68660428_T_C_PRS313_Known_combined,0.9017261671243627
chr14_68979835_T_C_PRS313_Known_combined,0.682742301026531
chr14_91751788_TC_T_PRS313_Unknown_combined,0.7747657507019582
