SNP,IQS Score
chr14_105213978_T_G_PRS313_Unknown_combined,0.8365327097721466
chr14_37228504_C_T_PRS313_Unknown_combined,0.7251782775644542
chr14_93070286_C_T_PRS313_Known_combined,0.6742090455462363
chr14_37128564_C_A_PRS313_Unknown_combined,0.9863286579708562
chr14_91841069_A_G_PRS313_Known_combined,0.924013080063823
chr14_68660428_T_C_PRS313_Known_combined,0.9316488853720428
chr14_68979835_T_C_PRS313_Known_combined,0.768844099077222
chr14_91751788_TC_T_PRS313_Unknown_combined,0.8161479726510693
