Chromosome,R2 Score,IQS Score,Accuracy Score
1,0.03338154518625059,0.4710866521015069,0.6980821
