SNP,IQS Score
chr3_55970777_A_AT_PRS313_Unknown_combined,0.7571026859303784
chr3_59373745_C_T_PRS313_Unknown_combined,0.8338142058718606
chr3_141112859_CTT_C_PRS313_Unknown_combined,0.8940408061706892
chr3_99403877_G_A_PRS313_Unknown_combined,0.6406163936106164
chr3_172285237_G_A_PRS313_Known_combined,0.08238167174132544
chr3_27353716_C_A_PRS313_Known_combined,1.0
chr3_27388664_C_G_PRS313_Unknown_combined,0.9664491454167999
chr3_4742251_A_G_PRS313_Unknown_combined,0.9215815176558978
chr3_29294845_C_T_PRS313_Unknown_combined,0.39711191335739765
chr3_30684907_C_T_PRS313_Unknown_combined,0.987103749179505
chr3_46888198_T_C_PRS313_Unknown_combined,0.9336280987629789
chr3_71620370_T_G_PRS313_Unknown_combined,0.9416216415118639
chr3_49709912_C_CT_PRS313_Unknown_combined,0.8196513362017245
chr3_189774456_C_T_PRS313_Unknown_combined,0.5618982659566097
"chr3_63887449_T_TTG,TTGTG_PRS313_Unknown_combined",0.9825834038263206
chr3_87037543_A_G_PRS313_Known_combined,0.01717511410040861
