SNP,R2 Score
chr3_55970777_A_AT_PRS313_Unknown_combined,-0.24929917101359544
chr3_59373745_C_T_PRS313_Unknown_combined,0.6872355833853174
chr3_141112859_CTT_C_PRS313_Unknown_combined,0.6321189421135106
chr3_99403877_G_A_PRS313_Unknown_combined,0.5274376895539791
chr3_172285237_G_A_PRS313_Known_combined,-0.6807809091143318
chr3_27353716_C_A_PRS313_Known_combined,0.9662051105593449
chr3_27388664_C_G_PRS313_Unknown_combined,0.6520690495292663
chr3_4742251_A_G_PRS313_Unknown_combined,0.7823702842561809
chr3_29294845_C_T_PRS313_Unknown_combined,-1.6898735872253914
chr3_30684907_C_T_PRS313_Unknown_combined,0.8386947426203821
chr3_46888198_T_C_PRS313_Unknown_combined,0.7391523194143313
chr3_71620370_T_G_PRS313_Unknown_combined,0.7570581785884852
chr3_49709912_C_CT_PRS313_Unknown_combined,0.41730492794609997
chr3_189774456_C_T_PRS313_Unknown_combined,-0.09324083803549787
"chr3_63887449_T_TTG,TTGTG_PRS313_Unknown_combined",0.8425802902313779
chr3_87037543_A_G_PRS313_Known_combined,-1.2089783440943709
