SNP,IQS Score
chr3_55970777_A_AT_PRS313_Unknown_combined,0.8729716024340771
chr3_59373745_C_T_PRS313_Unknown_combined,0.7815972858397406
chr3_141112859_CTT_C_PRS313_Unknown_combined,0.8915054355560232
chr3_99403877_G_A_PRS313_Unknown_combined,0.6630778690099529
chr3_172285237_G_A_PRS313_Known_combined,0.7162904351873401
chr3_27388664_C_G_PRS313_Unknown_combined,0.9218530650444549
chr3_4742251_A_G_PRS313_Unknown_combined,0.899739041337133
chr3_27353716_C_A_PRS313_Known_combined,1.0
chr3_29294845_C_T_PRS313_Unknown_combined,-0.003003003002996888
chr3_30684907_C_T_PRS313_Unknown_combined,0.9838747054961183
chr3_46888198_T_C_PRS313_Unknown_combined,0.9296633055025643
chr3_71620370_T_G_PRS313_Unknown_combined,0.9355465160444515
chr3_49709912_C_CT_PRS313_Unknown_combined,0.818468864848077
chr3_189774456_C_T_PRS313_Unknown_combined,0.5869476609541454
"chr3_63887449_T_TTG,TTGTG_PRS313_Unknown_combined",0.9540335344175058
chr3_87037543_A_G_PRS313_Known_combined,0.5192597669636735
