SNP,IQS Score
chr3_55970777_A_AT_PRS313_Unknown_combined,nan
chr3_59373745_C_T_PRS313_Unknown_combined,0.41914539964285635
chr3_141112859_CTT_C_PRS313_Unknown_combined,0.3950198126397244
chr3_99403877_G_A_PRS313_Unknown_combined,0.3270635744124959
chr3_172285237_G_A_PRS313_Known_combined,0.006480049034584101
chr3_27353716_C_A_PRS313_Known_combined,0.6321205588285577
chr3_27388664_C_G_PRS313_Unknown_combined,0.4738356977385386
chr3_4742251_A_G_PRS313_Unknown_combined,0.49946654457481654
chr3_29294845_C_T_PRS313_Unknown_combined,nan
chr3_30684907_C_T_PRS313_Unknown_combined,0.5982613051848373
chr3_46888198_T_C_PRS313_Unknown_combined,0.5145761377876998
chr3_71620370_T_G_PRS313_Unknown_combined,0.4874093639739502
chr3_49709912_C_CT_PRS313_Unknown_combined,0.3477530898867879
chr3_189774456_C_T_PRS313_Unknown_combined,0.22283316945248277
"chr3_63887449_T_TTG,TTGTG_PRS313_Unknown_combined",0.6201648405983236
chr3_87037543_A_G_PRS313_Known_combined,nan
