SNP,R2 Score
chr3_55970777_A_AT_PRS313_Unknown_combined,0.18736698486592018
chr3_59373745_C_T_PRS313_Unknown_combined,0.7694732763036065
chr3_141112859_CTT_C_PRS313_Unknown_combined,0.8787482335090022
chr3_99403877_G_A_PRS313_Unknown_combined,0.6122993226978919
chr3_172285237_G_A_PRS313_Known_combined,-0.4926888359511399
chr3_27353716_C_A_PRS313_Known_combined,0.9918726508496307
chr3_27388664_C_G_PRS313_Unknown_combined,0.9117387219104208
chr3_4742251_A_G_PRS313_Unknown_combined,0.8443656341932325
chr3_29294845_C_T_PRS313_Unknown_combined,-0.5447863895985043
chr3_30684907_C_T_PRS313_Unknown_combined,0.9629595234574514
chr3_46888198_T_C_PRS313_Unknown_combined,0.8936271288724147
chr3_71620370_T_G_PRS313_Unknown_combined,0.9225049803069149
chr3_49709912_C_CT_PRS313_Unknown_combined,0.6876298240250811
chr3_189774456_C_T_PRS313_Unknown_combined,0.3516820429172255
"chr3_63887449_T_TTG,TTGTG_PRS313_Unknown_combined",0.8700222570327918
chr3_87037543_A_G_PRS313_Known_combined,-0.6684657082862628
