SNP,AUC Score
chr3_55970777_A_AT_PRS313_Unknown_combined,0.9364857971668243
chr3_59373745_C_T_PRS313_Unknown_combined,0.8879664937655131
chr3_141112859_CTT_C_PRS313_Unknown_combined,0.9444969296455383
chr3_99403877_G_A_PRS313_Unknown_combined,0.8416078289349874
chr3_172285237_G_A_PRS313_Known_combined,0.8702765305836996
chr3_27388664_C_G_PRS313_Unknown_combined,0.966903825600942
chr3_4742251_A_G_PRS313_Unknown_combined,0.9407133857409159
chr3_27353716_C_A_PRS313_Known_combined,1.0
chr3_29294845_C_T_PRS313_Unknown_combined,0.49899598956108093
chr3_30684907_C_T_PRS313_Unknown_combined,0.9934999346733093
chr3_46888198_T_C_PRS313_Unknown_combined,0.9450548688570658
chr3_71620370_T_G_PRS313_Unknown_combined,0.9690350294113159
chr3_49709912_C_CT_PRS313_Unknown_combined,0.9098485906918844
chr3_189774456_C_T_PRS313_Unknown_combined,0.8088531096776327
"chr3_63887449_T_TTG,TTGTG_PRS313_Unknown_combined",0.9858963489532471
chr3_87037543_A_G_PRS313_Known_combined,0.7363978226979574
