SNP,IQS Score
chr3_55970777_A_AT_PRS313_Unknown_combined,0.7571026859303784
chr3_59373745_C_T_PRS313_Unknown_combined,0.7958243205116148
chr3_141112859_CTT_C_PRS313_Unknown_combined,0.8973099211796347
chr3_99403877_G_A_PRS313_Unknown_combined,0.6493074684520607
chr3_172285237_G_A_PRS313_Known_combined,0.07774851088030175
chr3_27353716_C_A_PRS313_Known_combined,1.0
chr3_27388664_C_G_PRS313_Unknown_combined,0.9663851137270104
chr3_4742251_A_G_PRS313_Unknown_combined,0.921014047202384
chr3_29294845_C_T_PRS313_Unknown_combined,0.39711191335739765
chr3_30684907_C_T_PRS313_Unknown_combined,0.983895542826284
chr3_46888198_T_C_PRS313_Unknown_combined,0.9420684870409833
chr3_71620370_T_G_PRS313_Unknown_combined,0.9355291378148171
chr3_49709912_C_CT_PRS313_Unknown_combined,0.8168572771424095
chr3_189774456_C_T_PRS313_Unknown_combined,0.5825402812009368
"chr3_63887449_T_TTG,TTGTG_PRS313_Unknown_combined",0.9768580534897686
chr3_87037543_A_G_PRS313_Known_combined,0.061797752808988464
