SNP,AUC Score
chr5_79180995_G_GA_PRS313_Unknown_combined,0.9655597088540651
chr5_44508264_G_GT_PRS313_Unknown_combined,0.9456469813976051
chr5_131640536_A_G_PRS313_Unknown_combined,0.9913797031726393
chr5_71965007_G_A_PRS313_Unknown_combined,1.0
"chr5_52679539_C_CA,CAA_PRS313_Unknown_combined",0.998852220679704
chr5_32579616_TCA_T_PRS313_Unknown_combined,0.9882418631006044
chr5_44619502_A_G_PRS313_Unknown_combined,0.9944311502515067
chr5_55662540_C_CT_PRS313_Unknown_combined,0.9710422256295973
chr5_77155397_GT_G_PRS313_Unknown_combined,0.9923076287445323
chr5_73234583_T_C_PRS313_Unknown_combined,0.9584665322369865
chr5_345109_T_C_PRS313_Known_combined,0.9603617785127945
chr5_122478676_C_A_PRS313_Unknown_combined,0.9771417305403615
chr5_2777029_G_A_PRS313_Unknown_combined,0.6969422059464851
chr5_56045081_T_C_PRS313_Known_combined,0.9452621989235164
chr5_122705244_C_T_PRS313_Unknown_combined,0.9723924785998963
chr5_1353077_T_C_PRS313_Unknown_combined,0.9899317166872829
chr5_81512947_TA_T_PRS313_Unknown_combined,0.9883004926108375
"chr5_176134882_T_A,C_PRS313_Unknown_combined",0.9931234775271042
chr5_58241712_C_T_PRS313_Unknown_combined,0.9077644262068678
chr5_90789470_G_A_PRS313_Unknown_combined,0.9637055225308915
chr5_44649944_C_T_PRS313_Known_combined,0.9838358203346318
chr5_132407058_C_T_PRS313_Known_combined,0.9967360125456866
chr5_1296255_A_AG_PRS313_Unknown_combined,0.9946077711186495
chr5_56023083_T_G_PRS313_Known_combined,0.9953915586066615
chr5_44706498_A_G_PRS313_Known_combined,0.9617245102003569
chr5_104300273_G_T_PRS313_Known_combined,0.9990086456687818
chr5_16231194_G_C_PRS313_Unknown_combined,0.9975127876904426
chr5_1279790_C_T_PRS313_Known_combined,0.9949035169623405
chr5_173358154_G_A_PRS313_Unknown_combined,0.9889574000960693
chr5_169591460_T_C_PRS313_Unknown_combined,0.9831432467031996
chr5_44853593_G_C_PRS313_Unknown_combined,0.9896349730111321
chr5_158244083_C_T_PRS313_Known_combined,0.9685560745214792
chr5_56042972_C_T_PRS313_Unknown_combined,0.9961392059011941
chr5_55965167_C_T_PRS313_Unknown_combined,0.9004055244640804
