SNP,Accuracy Score
chr5_79180995_G_GA_PRS313_Unknown_combined,0.9680638722554891
chr5_44508264_G_GT_PRS313_Unknown_combined,0.936127744510978
chr5_131640536_A_G_PRS313_Unknown_combined,0.9940119760479041
chr5_71965007_G_A_PRS313_Unknown_combined,1.0
"chr5_52679539_C_CA,CAA_PRS313_Unknown_combined",0.998003992015968
chr5_32579616_TCA_T_PRS313_Unknown_combined,0.9860279441117764
chr5_44619502_A_G_PRS313_Unknown_combined,0.9920159680638723
chr5_55662540_C_CT_PRS313_Unknown_combined,0.9660678642714571
chr5_77155397_GT_G_PRS313_Unknown_combined,0.9960079840319361
chr5_73234583_T_C_PRS313_Unknown_combined,0.9540918163672655
chr5_345109_T_C_PRS313_Known_combined,0.9461077844311377
chr5_122478676_C_A_PRS313_Unknown_combined,0.9780439121756487
chr5_2777029_G_A_PRS313_Unknown_combined,0.8922155688622755
chr5_56045081_T_C_PRS313_Known_combined,0.9161676646706587
chr5_122705244_C_T_PRS313_Unknown_combined,0.9640718562874252
chr5_1353077_T_C_PRS313_Unknown_combined,0.9880239520958084
chr5_81512947_TA_T_PRS313_Unknown_combined,0.9960079840319361
"chr5_176134882_T_A,C_PRS313_Unknown_combined",0.9900199600798403
chr5_58241712_C_T_PRS313_Unknown_combined,0.8962075848303394
chr5_90789470_G_A_PRS313_Unknown_combined,0.9720558882235529
chr5_44649944_C_T_PRS313_Known_combined,0.9780439121756487
chr5_132407058_C_T_PRS313_Known_combined,0.9960079840319361
chr5_1296255_A_AG_PRS313_Unknown_combined,0.9940119760479041
chr5_56023083_T_G_PRS313_Known_combined,0.998003992015968
chr5_44706498_A_G_PRS313_Known_combined,0.9560878243512974
chr5_104300273_G_T_PRS313_Known_combined,0.998003992015968
chr5_16231194_G_C_PRS313_Unknown_combined,0.9960079840319361
chr5_1279790_C_T_PRS313_Known_combined,0.998003992015968
chr5_173358154_G_A_PRS313_Unknown_combined,0.9860279441117764
chr5_169591460_T_C_PRS313_Unknown_combined,0.9800399201596807
chr5_44853593_G_C_PRS313_Unknown_combined,0.9860279441117764
chr5_158244083_C_T_PRS313_Known_combined,0.9680638722554891
chr5_56042972_C_T_PRS313_Unknown_combined,0.9940119760479041
chr5_55965167_C_T_PRS313_Unknown_combined,0.8642714570858283
