SNP,R2 Score
chr5_79180995_G_GA_PRS313_Unknown_combined,0.9358124339386951
chr5_44508264_G_GT_PRS313_Unknown_combined,0.8761031855206417
chr5_131640536_A_G_PRS313_Unknown_combined,0.9868589014985923
chr5_71965007_G_A_PRS313_Unknown_combined,1.0
"chr5_52679539_C_CA,CAA_PRS313_Unknown_combined",0.9961811113651955
chr5_32579616_TCA_T_PRS313_Unknown_combined,0.9674904520004449
chr5_44619502_A_G_PRS313_Unknown_combined,0.9817339944582179
chr5_55662540_C_CT_PRS313_Unknown_combined,0.8664754021258583
chr5_77155397_GT_G_PRS313_Unknown_combined,0.9643999147303347
chr5_73234583_T_C_PRS313_Unknown_combined,0.895904097709041
chr5_345109_T_C_PRS313_Known_combined,0.8710513220885739
chr5_122478676_C_A_PRS313_Unknown_combined,0.9371851277725853
chr5_2777029_G_A_PRS313_Unknown_combined,0.4920581277458601
chr5_56045081_T_C_PRS313_Known_combined,0.786696131700592
chr5_122705244_C_T_PRS313_Unknown_combined,0.9275383280300838
chr5_1353077_T_C_PRS313_Unknown_combined,0.9727440882054258
chr5_81512947_TA_T_PRS313_Unknown_combined,0.9647976391231029
"chr5_176134882_T_A,C_PRS313_Unknown_combined",0.950774249331866
chr5_58241712_C_T_PRS313_Unknown_combined,0.7953077612081023
chr5_90789470_G_A_PRS313_Unknown_combined,0.9234262756828752
chr5_44649944_C_T_PRS313_Known_combined,0.9558985931723244
chr5_132407058_C_T_PRS313_Known_combined,0.9863006207103989
chr5_1296255_A_AG_PRS313_Unknown_combined,0.9837097893002688
chr5_56023083_T_G_PRS313_Known_combined,0.9879879159873406
chr5_44706498_A_G_PRS313_Known_combined,0.9034901844036215
chr5_104300273_G_T_PRS313_Known_combined,0.9946320661723739
chr5_16231194_G_C_PRS313_Unknown_combined,0.9909481824094818
chr5_1279790_C_T_PRS313_Known_combined,0.9861808352181828
chr5_173358154_G_A_PRS313_Unknown_combined,0.9719426532473558
chr5_169591460_T_C_PRS313_Unknown_combined,0.9440511022267885
chr5_44853593_G_C_PRS313_Unknown_combined,0.9740939914606941
chr5_158244083_C_T_PRS313_Known_combined,0.9314215317226747
chr5_56042972_C_T_PRS313_Unknown_combined,0.9877153692745284
chr5_55965167_C_T_PRS313_Unknown_combined,-1.171154099657263
