SNP,R2 Score
chr5_79180995_G_GA_PRS313_Unknown_combined,0.9486764245219563
chr5_44508264_G_GT_PRS313_Unknown_combined,0.8923429604785236
chr5_131640536_A_G_PRS313_Unknown_combined,0.9890249925682411
chr5_71965007_G_A_PRS313_Unknown_combined,0.9391642857142857
"chr5_52679539_C_CA,CAA_PRS313_Unknown_combined",0.9966905511090784
chr5_32579616_TCA_T_PRS313_Unknown_combined,0.9698316038785272
chr5_44619502_A_G_PRS313_Unknown_combined,0.9835633349132273
chr5_55662540_C_CT_PRS313_Unknown_combined,0.8934458000188129
chr5_77155397_GT_G_PRS313_Unknown_combined,0.9652098166702195
chr5_73234583_T_C_PRS313_Unknown_combined,0.916263898424514
chr5_345109_T_C_PRS313_Known_combined,0.9063316803651401
chr5_122478676_C_A_PRS313_Unknown_combined,0.9481640253493514
chr5_2777029_G_A_PRS313_Unknown_combined,0.4920581277458601
chr5_56045081_T_C_PRS313_Known_combined,0.7998981175492661
chr5_122705244_C_T_PRS313_Unknown_combined,0.9429142922572558
chr5_1353077_T_C_PRS313_Unknown_combined,0.9735499546641521
chr5_81512947_TA_T_PRS313_Unknown_combined,0.9782572618043844
"chr5_176134882_T_A,C_PRS313_Unknown_combined",0.9627971466750511
chr5_58241712_C_T_PRS313_Unknown_combined,0.8147590348382231
chr5_90789470_G_A_PRS313_Unknown_combined,0.9413270246075242
chr5_44649944_C_T_PRS313_Known_combined,0.9597261943630864
chr5_132407058_C_T_PRS313_Known_combined,0.9912015736512537
chr5_1296255_A_AG_PRS313_Unknown_combined,0.9847909162837076
chr5_56023083_T_G_PRS313_Known_combined,0.986589709408267
chr5_44706498_A_G_PRS313_Known_combined,0.9256330455492706
chr5_104300273_G_T_PRS313_Known_combined,0.9959804911498735
chr5_16231194_G_C_PRS313_Unknown_combined,0.9958189654549396
chr5_1279790_C_T_PRS313_Known_combined,0.9855147514756992
chr5_173358154_G_A_PRS313_Unknown_combined,0.9831431460710114
chr5_169591460_T_C_PRS313_Unknown_combined,0.9586173977620441
chr5_44853593_G_C_PRS313_Unknown_combined,0.9773444553607045
chr5_158244083_C_T_PRS313_Known_combined,0.9473154489767983
chr5_56042972_C_T_PRS313_Unknown_combined,0.9866928785104783
chr5_55965167_C_T_PRS313_Unknown_combined,-1.171154099657263
