SNP,R2 Score
chr5_79180995_G_GA_PRS313_Unknown_combined,0.9487365153703244
chr5_44508264_G_GT_PRS313_Unknown_combined,0.8930901484653385
chr5_131640536_A_G_PRS313_Unknown_combined,0.9890385911681422
chr5_71965007_G_A_PRS313_Unknown_combined,0.9448293379905134
"chr5_52679539_C_CA,CAA_PRS313_Unknown_combined",0.9967081317502913
chr5_32579616_TCA_T_PRS313_Unknown_combined,0.969976812472336
chr5_44619502_A_G_PRS313_Unknown_combined,0.9838035086325847
chr5_55662540_C_CT_PRS313_Unknown_combined,0.8967465249276872
chr5_77155397_GT_G_PRS313_Unknown_combined,0.9652901184189622
chr5_73234583_T_C_PRS313_Unknown_combined,0.9173318992083989
chr5_345109_T_C_PRS313_Known_combined,0.9079355926757385
chr5_122478676_C_A_PRS313_Unknown_combined,0.9482883210244651
chr5_2777029_G_A_PRS313_Unknown_combined,0.5419705455876036
chr5_56045081_T_C_PRS313_Known_combined,0.8149024615689222
chr5_122705244_C_T_PRS313_Unknown_combined,0.9435745663136563
chr5_1353077_T_C_PRS313_Unknown_combined,0.9742150706321765
chr5_81512947_TA_T_PRS313_Unknown_combined,0.9783239013055794
"chr5_176134882_T_A,C_PRS313_Unknown_combined",0.9632082943346106
chr5_58241712_C_T_PRS313_Unknown_combined,0.8156122034941691
chr5_90789470_G_A_PRS313_Unknown_combined,0.9418448306910783
chr5_44649944_C_T_PRS313_Known_combined,0.9597444119873886
chr5_132407058_C_T_PRS313_Known_combined,0.9912188063135107
chr5_1296255_A_AG_PRS313_Unknown_combined,0.9848357719688798
chr5_56023083_T_G_PRS313_Known_combined,0.9866391087166362
chr5_44706498_A_G_PRS313_Known_combined,0.9260898439101353
chr5_104300273_G_T_PRS313_Known_combined,0.9959975772363705
chr5_16231194_G_C_PRS313_Unknown_combined,0.9958419277155944
chr5_1279790_C_T_PRS313_Known_combined,0.9855174882101017
chr5_173358154_G_A_PRS313_Unknown_combined,0.9831442016332663
chr5_169591460_T_C_PRS313_Unknown_combined,0.9591447993505566
chr5_44853593_G_C_PRS313_Unknown_combined,0.9774002663053467
chr5_158244083_C_T_PRS313_Known_combined,0.9473167109309754
chr5_56042972_C_T_PRS313_Unknown_combined,0.9867621765264916
chr5_55965167_C_T_PRS313_Unknown_combined,0.22015188412580072
