SNP,IQS Score
chr5_79180995_G_GA_PRS313_Unknown_combined,0.9328406977328709
chr5_44508264_G_GT_PRS313_Unknown_combined,0.896002802319698
chr5_131640536_A_G_PRS313_Unknown_combined,0.9895876631473935
chr5_71965007_G_A_PRS313_Unknown_combined,1.0
"chr5_52679539_C_CA,CAA_PRS313_Unknown_combined",0.9968494727111513
chr5_32579616_TCA_T_PRS313_Unknown_combined,0.9758901133652783
chr5_44619502_A_G_PRS313_Unknown_combined,0.9855841857654625
chr5_55662540_C_CT_PRS313_Unknown_combined,0.9140530394768709
chr5_77155397_GT_G_PRS313_Unknown_combined,0.9779625230931644
chr5_73234583_T_C_PRS313_Unknown_combined,0.9222327954485633
chr5_345109_T_C_PRS313_Known_combined,0.908840337493598
chr5_122478676_C_A_PRS313_Unknown_combined,0.9550760552358283
chr5_2777029_G_A_PRS313_Unknown_combined,0.6628911068745095
chr5_56045081_T_C_PRS313_Known_combined,0.8559931014659385
chr5_122705244_C_T_PRS313_Unknown_combined,0.9420530120481928
chr5_1353077_T_C_PRS313_Unknown_combined,0.979216361411296
chr5_81512947_TA_T_PRS313_Unknown_combined,0.9802903340021244
"chr5_176134882_T_A,C_PRS313_Unknown_combined",0.9690389083897759
chr5_58241712_C_T_PRS313_Unknown_combined,0.8326287792154394
chr5_90789470_G_A_PRS313_Unknown_combined,0.9471319816085024
chr5_44649944_C_T_PRS313_Known_combined,0.964049473560609
chr5_132407058_C_T_PRS313_Known_combined,0.9909473646170247
chr5_1296255_A_AG_PRS313_Unknown_combined,0.9875160928609991
chr5_56023083_T_G_PRS313_Known_combined,0.9923171292746509
chr5_44706498_A_G_PRS313_Known_combined,0.9248358213026547
chr5_104300273_G_T_PRS313_Known_combined,0.9959985623577332
chr5_16231194_G_C_PRS313_Unknown_combined,0.9932447920177981
chr5_1279790_C_T_PRS313_Known_combined,0.9915297220531546
chr5_173358154_G_A_PRS313_Unknown_combined,0.9771557732643729
chr5_169591460_T_C_PRS313_Unknown_combined,0.9602248368503787
chr5_44853593_G_C_PRS313_Unknown_combined,0.9778795390466819
chr5_158244083_C_T_PRS313_Known_combined,0.9471037732113871
chr5_56042972_C_T_PRS313_Unknown_combined,0.9902880626526577
chr5_55965167_C_T_PRS313_Unknown_combined,0.7802688269136503
