SNP,IQS Score
chr16_6963972_C_G_PRS313_Unknown_combined,0.6075448361162645
chr16_23007047_G_T_PRS313_Unknown_combined,0.8138364354964022
chr16_53861139_C_T_PRS313_Unknown_combined,0.9776767811789862
chr16_53861592_G_A_PRS313_Unknown_combined,0.8442946281288103
chr16_87086492_T_C_PRS313_Unknown_combined,0.8734282993567444
chr16_4008542_CAAAAA_C_PRS313_Unknown_combined,0.24737105658488093
chr16_80648296_A_G_PRS313_Unknown_combined,0.9791411655966625
chr16_52538825_C_A_PRS313_Unknown_combined,0.8931655826847211
chr16_10706580_G_A_PRS313_Unknown_combined,0.856987896780087
chr16_4106788_C_A_PRS313_Unknown_combined,0.7142704378976633
chr16_85145977_T_C_PRS313_Unknown_combined,0.541021986970684
