SNP,R2 Score
chr16_6963972_C_G_PRS313_Unknown_combined,0.3887073220168693
chr16_23007047_G_T_PRS313_Unknown_combined,0.770369210340916
chr16_53861139_C_T_PRS313_Unknown_combined,0.987949628716753
chr16_53861592_G_A_PRS313_Unknown_combined,0.7831158477453655
chr16_87086492_T_C_PRS313_Unknown_combined,0.7925634658193932
chr16_4008542_CAAAAA_C_PRS313_Unknown_combined,0.06758744778061099
chr16_80648296_A_G_PRS313_Unknown_combined,0.9643384982321055
chr16_52538825_C_A_PRS313_Unknown_combined,0.8319152171590687
chr16_10706580_G_A_PRS313_Unknown_combined,0.7711877018235818
chr16_4106788_C_A_PRS313_Unknown_combined,0.573282668361601
chr16_85145977_T_C_PRS313_Unknown_combined,0.3484551646009697
