SNP,IQS Score
chr7_25569548_C_T_PRS313_Unknown_combined,0.8320144849785407
"chr7_91459189_A_AT,ATT_PRS313_Unknown_combined",0.7719601442317949
chr7_98005235_G_A_PRS313_Unknown_combined,0.5913273296789351
chr7_28869017_G_A_PRS313_Unknown_combined,0.5811440882343487
chr7_55192256_A_C_PRS313_Unknown_combined,0.5709968266760691
chr7_144048902_G_T_PRS313_Known_combined,0.6561946720467741
chr7_101552440_G_A_PRS313_Unknown_combined,0.4793334184185094
chr7_99948655_T_G_PRS313_Unknown_combined,0.7350486307511899
chr7_139943702_CT_C_PRS313_Unknown_combined,0.24825860028328056
chr7_94113799_T_C_PRS313_Known_combined,0.866033825790494
chr7_130674481_G_A_PRS313_Known_combined,0.7415449041831671
chr7_21940960_A_G_PRS313_Known_combined,0.661107482739317
chr7_102481842_T_C_PRS313_Unknown_combined,0.9372172583616337
chr7_130656911_C_T_PRS313_Unknown_combined,0.4288441271798135
