SNP,R2 Score
chr7_25569548_C_T_PRS313_Unknown_combined,0.7669839694893178
"chr7_91459189_A_AT,ATT_PRS313_Unknown_combined",0.6623717561858781
chr7_98005235_G_A_PRS313_Unknown_combined,0.37142426979824805
chr7_28869017_G_A_PRS313_Unknown_combined,0.30819480588454184
chr7_55192256_A_C_PRS313_Unknown_combined,0.3808604309878707
chr7_144048902_G_T_PRS313_Known_combined,0.4420700958144288
chr7_101552440_G_A_PRS313_Unknown_combined,0.2621311560126094
chr7_99948655_T_G_PRS313_Unknown_combined,0.6159768046390697
chr7_139943702_CT_C_PRS313_Unknown_combined,-0.13673754088897438
chr7_94113799_T_C_PRS313_Known_combined,0.8326653306613239
chr7_130674481_G_A_PRS313_Known_combined,0.6325711820534943
chr7_21940960_A_G_PRS313_Known_combined,0.5439545492592297
chr7_102481842_T_C_PRS313_Unknown_combined,0.9248030018761724
chr7_130656911_C_T_PRS313_Unknown_combined,0.2391706865468013
