SNP,IQS Score
chr6_152432902_C_T_PRS313_Unknown_maternal,0.8961144607139439
chr6_152432902_C_T_PRS313_Unknown_paternal,0.9041927618683365
chr6_152022664_CAAAAAAA_C_PRS313_Unknown_maternal,0.5228454907323745
chr6_152022664_CAAAAAAA_C_PRS313_Unknown_paternal,0.4768936061759555
chr6_152055978_A_T_PRS313_Unknown_maternal,0.934339860029881
chr6_152055978_A_T_PRS313_Unknown_paternal,0.9416491963661776
chr6_152023191_G_A_PRS313_Unknown_maternal,0.9732808550126395
chr6_152023191_G_A_PRS313_Unknown_paternal,0.970392520713416
chr6_16399557_C_T_PRS313_Unknown_maternal,0.19972046123895568
chr6_16399557_C_T_PRS313_Unknown_paternal,0.23620537031572733
chr6_82263549_AAT_A_PRS313_Unknown_maternal,0.651044776119403
chr6_82263549_AAT_A_PRS313_Unknown_paternal,0.6124903315950997
chr6_18783140_G_A_PRS313_Unknown_maternal,0.8625702921409957
chr6_18783140_G_A_PRS313_Unknown_paternal,0.8634923878614488
chr6_87803819_T_C_PRS313_Unknown_maternal,0.8085880398671097
chr6_87803819_T_C_PRS313_Unknown_paternal,0.8464348733752517
chr6_20537845_CA_C_PRS313_Unknown_maternal,0.6236394150083913
chr6_20537845_CA_C_PRS313_Unknown_paternal,0.5687505977619791
chr6_85912194_CAA_C_PRS313_Unknown_maternal,0.8205801599617987
chr6_85912194_CAA_C_PRS313_Unknown_paternal,0.8769344141488566
chr6_151949806_A_C_PRS313_Unknown_maternal,0.9740508623815197
chr6_151949806_A_C_PRS313_Unknown_paternal,0.9784020071907089
chr6_169006947_C_G_PRS313_Unknown_maternal,0.5275020380760562
chr6_169006947_C_G_PRS313_Unknown_paternal,0.5019365819130406
chr6_13713366_G_C_PRS313_Unknown_maternal,0.9350510452114731
chr6_13713366_G_C_PRS313_Unknown_paternal,0.9030994632754702
chr6_43227141_G_A_PRS313_Unknown_maternal,0.926528816542015
chr6_43227141_G_A_PRS313_Unknown_paternal,0.8709428129829986
chr6_170332621_T_C_PRS313_Unknown_maternal,0.9264245153710594
chr6_170332621_T_C_PRS313_Unknown_paternal,0.9139829780971769
chr6_149595505_T_C_PRS313_Unknown_maternal,0.9377520246687675
chr6_149595505_T_C_PRS313_Unknown_paternal,0.97756381549485
chr6_27425644_G_C_PRS313_Unknown_maternal,0.7479879275653923
chr6_27425644_G_C_PRS313_Unknown_paternal,0.9080902586681316
chr6_130341728_C_CT_PRS313_Unknown_maternal,0.9177154119361927
chr6_130341728_C_CT_PRS313_Unknown_paternal,0.8129088215098841
