SNP,R2 Score
chr6_152432902_C_T_PRS313_Unknown_maternal,0.8362178847629228
chr6_152432902_C_T_PRS313_Unknown_paternal,0.8418808107777651
chr6_152022664_CAAAAAAA_C_PRS313_Unknown_maternal,0.3096824144252788
chr6_152022664_CAAAAAAA_C_PRS313_Unknown_paternal,0.2195042789765682
chr6_152055978_A_T_PRS313_Unknown_maternal,0.9040867390873958
chr6_152055978_A_T_PRS313_Unknown_paternal,0.8561119719357647
chr6_152023191_G_A_PRS313_Unknown_maternal,0.9574922594384772
chr6_152023191_G_A_PRS313_Unknown_paternal,0.9602336561500793
chr6_16399557_C_T_PRS313_Unknown_maternal,-0.17769146452115603
chr6_16399557_C_T_PRS313_Unknown_paternal,-0.08657342265909795
chr6_82263549_AAT_A_PRS313_Unknown_maternal,0.44876665188239995
chr6_82263549_AAT_A_PRS313_Unknown_paternal,0.4086248590055199
chr6_18783140_G_A_PRS313_Unknown_maternal,0.801232329633758
chr6_18783140_G_A_PRS313_Unknown_paternal,0.800114344000905
chr6_87803819_T_C_PRS313_Unknown_maternal,0.7213774017636556
chr6_87803819_T_C_PRS313_Unknown_paternal,0.7668564097601817
chr6_20537845_CA_C_PRS313_Unknown_maternal,0.4336722886432516
chr6_20537845_CA_C_PRS313_Unknown_paternal,0.3745675519593875
chr6_85912194_CAA_C_PRS313_Unknown_maternal,0.7600122711481138
chr6_85912194_CAA_C_PRS313_Unknown_paternal,0.8351013921252997
chr6_151949806_A_C_PRS313_Unknown_maternal,0.9662654416449648
chr6_151949806_A_C_PRS313_Unknown_paternal,0.9726180242343788
chr6_169006947_C_G_PRS313_Unknown_maternal,0.25736696701502926
chr6_169006947_C_G_PRS313_Unknown_paternal,0.20969207834774972
chr6_13713366_G_C_PRS313_Unknown_maternal,0.8810862506777903
chr6_13713366_G_C_PRS313_Unknown_paternal,0.8540867092652354
chr6_43227141_G_A_PRS313_Unknown_maternal,0.8591246800543626
chr6_43227141_G_A_PRS313_Unknown_paternal,0.8832921378353764
chr6_170332621_T_C_PRS313_Unknown_maternal,0.8697193170867096
chr6_170332621_T_C_PRS313_Unknown_paternal,0.8389818267313452
chr6_149595505_T_C_PRS313_Unknown_maternal,0.9168089311252008
chr6_149595505_T_C_PRS313_Unknown_paternal,0.9605205588167113
chr6_27425644_G_C_PRS313_Unknown_maternal,0.6394964414908932
chr6_27425644_G_C_PRS313_Unknown_paternal,0.786496965638776
chr6_130341728_C_CT_PRS313_Unknown_maternal,0.868319117449892
chr6_130341728_C_CT_PRS313_Unknown_paternal,0.7291786291669247
