SNP,R2 Score
chr6_152432902_C_T_PRS313_Unknown_maternal,0.8268342463639415
chr6_152432902_C_T_PRS313_Unknown_paternal,0.8149648747378565
chr6_152022664_CAAAAAAA_C_PRS313_Unknown_maternal,0.2657143987849354
chr6_152022664_CAAAAAAA_C_PRS313_Unknown_paternal,0.1890163113254243
chr6_152055978_A_T_PRS313_Unknown_maternal,0.8727321208990325
chr6_152055978_A_T_PRS313_Unknown_paternal,0.8380911914965461
chr6_152023191_G_A_PRS313_Unknown_maternal,0.9455760400065021
chr6_152023191_G_A_PRS313_Unknown_paternal,0.9537375788449789
chr6_16399557_C_T_PRS313_Unknown_maternal,-0.17255633988609564
chr6_16399557_C_T_PRS313_Unknown_paternal,-0.1032055681829025
chr6_82263549_AAT_A_PRS313_Unknown_maternal,0.45280677448383655
chr6_82263549_AAT_A_PRS313_Unknown_paternal,0.36799625264814895
chr6_18783140_G_A_PRS313_Unknown_maternal,0.8025949279852468
chr6_18783140_G_A_PRS313_Unknown_paternal,0.7913823774851209
chr6_87803819_T_C_PRS313_Unknown_maternal,0.6967306395286139
chr6_87803819_T_C_PRS313_Unknown_paternal,0.749954082788544
chr6_20537845_CA_C_PRS313_Unknown_maternal,0.42598011679265135
chr6_20537845_CA_C_PRS313_Unknown_paternal,0.3800956887859944
chr6_85912194_CAA_C_PRS313_Unknown_maternal,0.7579377179808152
chr6_85912194_CAA_C_PRS313_Unknown_paternal,0.8175160406377513
chr6_151949806_A_C_PRS313_Unknown_maternal,0.9606216516967483
chr6_151949806_A_C_PRS313_Unknown_paternal,0.9642959572569177
chr6_169006947_C_G_PRS313_Unknown_maternal,0.24728511446082402
chr6_169006947_C_G_PRS313_Unknown_paternal,0.21760249649601537
chr6_13713366_G_C_PRS313_Unknown_maternal,0.8599614469215049
chr6_13713366_G_C_PRS313_Unknown_paternal,0.8505191389679695
chr6_43227141_G_A_PRS313_Unknown_maternal,0.8620105115309167
chr6_43227141_G_A_PRS313_Unknown_paternal,0.8640640282423787
chr6_170332621_T_C_PRS313_Unknown_maternal,0.8348785561213049
chr6_170332621_T_C_PRS313_Unknown_paternal,0.7846883275695276
chr6_149595505_T_C_PRS313_Unknown_maternal,0.8978657852437775
chr6_149595505_T_C_PRS313_Unknown_paternal,0.9378754706726118
chr6_27425644_G_C_PRS313_Unknown_maternal,0.6353346220340512
chr6_27425644_G_C_PRS313_Unknown_paternal,0.7915116027749725
chr6_130341728_C_CT_PRS313_Unknown_maternal,0.8545778882820104
chr6_130341728_C_CT_PRS313_Unknown_paternal,0.7137543878722328
