SNP,IQS Score
chr6_152432902_C_T_PRS313_Unknown_maternal,0.8722936481384124
chr6_152432902_C_T_PRS313_Unknown_paternal,0.8922142805918772
chr6_152022664_CAAAAAAA_C_PRS313_Unknown_maternal,0.5238891073535195
chr6_152022664_CAAAAAAA_C_PRS313_Unknown_paternal,0.4417735830506809
chr6_152055978_A_T_PRS313_Unknown_maternal,0.9383445322306724
chr6_152055978_A_T_PRS313_Unknown_paternal,0.9165834165834167
chr6_152023191_G_A_PRS313_Unknown_maternal,0.9839685130075836
chr6_152023191_G_A_PRS313_Unknown_paternal,0.9822355124280495
chr6_16399557_C_T_PRS313_Unknown_maternal,0.17539390430503296
chr6_16399557_C_T_PRS313_Unknown_paternal,0.2385644947786438
chr6_82263549_AAT_A_PRS313_Unknown_maternal,0.9937764748263995
chr6_82263549_AAT_A_PRS313_Unknown_paternal,1.0
chr6_18783140_G_A_PRS313_Unknown_maternal,0.6663169988510915
chr6_18783140_G_A_PRS313_Unknown_paternal,0.6102974033066879
chr6_87803819_T_C_PRS313_Unknown_maternal,0.8622562075779706
chr6_87803819_T_C_PRS313_Unknown_paternal,0.8511927493062451
chr6_20537845_CA_C_PRS313_Unknown_maternal,0.8627978191052357
chr6_20537845_CA_C_PRS313_Unknown_paternal,0.8971902780171883
chr6_85912194_CAA_C_PRS313_Unknown_maternal,0.6398734884909669
chr6_85912194_CAA_C_PRS313_Unknown_paternal,0.5926244798392881
chr6_151949806_A_C_PRS313_Unknown_maternal,0.773763829306842
chr6_151949806_A_C_PRS313_Unknown_paternal,0.876934414148857
chr6_169006947_C_G_PRS313_Unknown_maternal,0.9827425855120389
chr6_169006947_C_G_PRS313_Unknown_paternal,0.9914107905158669
chr6_13713366_G_C_PRS313_Unknown_maternal,0.4863514033064207
chr6_13713366_G_C_PRS313_Unknown_paternal,0.5271373164870203
chr6_43227141_G_A_PRS313_Unknown_maternal,0.9149508912331757
chr6_43227141_G_A_PRS313_Unknown_paternal,0.9235145233216825
chr6_170332621_T_C_PRS313_Unknown_maternal,0.9956802524594969
chr6_170332621_T_C_PRS313_Unknown_paternal,0.9825723975997913
chr6_149595505_T_C_PRS313_Unknown_maternal,0.9354464630846541
chr6_149595505_T_C_PRS313_Unknown_paternal,0.9423740510697033
chr6_27425644_G_C_PRS313_Unknown_maternal,0.9263415829453566
chr6_27425644_G_C_PRS313_Unknown_paternal,0.9424789647197757
chr6_130341728_C_CT_PRS313_Unknown_maternal,0.9828065479254606
chr6_130341728_C_CT_PRS313_Unknown_paternal,0.9774278569980401
