SNP,R2 Score
chr11_111696440_T_C_PRS313_Unknown_combined,0.9072810913705583
chr11_122966626_A_G_PRS313_Unknown_combined,0.9845530084634714
chr11_69331418_C_T_PRS313_Known_combined,0.9817345272122733
chr11_1895708_C_A_PRS313_Unknown_combined,0.977035203520352
chr11_803017_A_G_PRS313_Known_combined,0.9735009432465311
chr11_433617_T_C_PRS313_Unknown_combined,0.9792178270392248
chr11_46318032_C_G_PRS313_Unknown_combined,0.8515995260663507
chr11_42844441_C_T_PRS313_Unknown_combined,0.9818852370105218
chr11_69330983_G_A_PRS313_Known_combined,1.0
chr11_65572431_G_A_PRS313_Unknown_combined,0.773508137432188
chr11_108267402_C_CA_PRS313_Unknown_combined,0.7253289473684211
chr11_116727936_A_T_PRS313_Unknown_combined,0.8204301075268816
chr11_129243417_T_G_PRS313_Unknown_combined,0.985955764864183
chr11_129461016_A_G_PRS313_Unknown_combined,0.9929088052539949
chr11_103614438_T_G_PRS313_Unknown_combined,0.985867418899859
chr11_18664241_T_G_PRS313_Unknown_combined,1.0
chr11_69328130_A_T_PRS313_Unknown_combined,0.9859214297757545
chr11_65553492_C_A_PRS313_Unknown_combined,0.9342174369747899
chr11_44368892_G_A_PRS313_Unknown_combined,0.9958930386595403
