SNP,Accuracy Score
chr11_111696440_T_C_PRS313_Unknown_combined,0.9860279441117764
chr11_122966626_A_G_PRS313_Unknown_combined,0.9920159680638723
chr11_69331418_C_T_PRS313_Known_combined,0.9900199600798403
chr11_1895708_C_A_PRS313_Unknown_combined,0.9860279441117764
chr11_803017_A_G_PRS313_Known_combined,0.9880239520958084
chr11_433617_T_C_PRS313_Unknown_combined,0.9900199600798403
chr11_46318032_C_G_PRS313_Unknown_combined,0.9900199600798403
chr11_42844441_C_T_PRS313_Unknown_combined,0.9960079840319361
chr11_69330983_G_A_PRS313_Known_combined,1.0
chr11_65572431_G_A_PRS313_Unknown_combined,0.9281437125748503
chr11_108267402_C_CA_PRS313_Unknown_combined,0.9540918163672655
chr11_116727936_A_T_PRS313_Unknown_combined,0.9880239520958084
chr11_129243417_T_G_PRS313_Unknown_combined,0.9920159680638723
chr11_129461016_A_G_PRS313_Unknown_combined,0.9960079840319361
chr11_103614438_T_G_PRS313_Unknown_combined,0.9940119760479041
chr11_18664241_T_G_PRS313_Unknown_combined,1.0
chr11_69328130_A_T_PRS313_Unknown_combined,0.9920159680638723
chr11_65553492_C_A_PRS313_Unknown_combined,0.9860279441117764
chr11_44368892_G_A_PRS313_Unknown_combined,0.998003992015968
