SNP,IQS Score
chr11_111696440_T_C_PRS313_Unknown_combined,0.9356312978360221
chr11_122966626_A_G_PRS313_Unknown_combined,0.9868336333653076
chr11_69331418_C_T_PRS313_Known_combined,0.9844940606990981
chr11_1895708_C_A_PRS313_Unknown_combined,0.978721080510403
chr11_803017_A_G_PRS313_Known_combined,0.9796482105861803
chr11_433617_T_C_PRS313_Unknown_combined,0.9826684378762089
chr11_46318032_C_G_PRS313_Unknown_combined,0.9223496590204585
chr11_42844441_C_T_PRS313_Unknown_combined,0.9877691518968801
chr11_69330983_G_A_PRS313_Known_combined,1.0
chr11_65572431_G_A_PRS313_Unknown_combined,0.8472560975609756
chr11_108267402_C_CA_PRS313_Unknown_combined,0.8393491990463843
chr11_116727936_A_T_PRS313_Unknown_combined,0.9053645636569703
chr11_129243417_T_G_PRS313_Unknown_combined,0.9877065773491848
chr11_129461016_A_G_PRS313_Unknown_combined,0.9937722972888983
chr11_103614438_T_G_PRS313_Unknown_combined,0.9897807241203465
chr11_18664241_T_G_PRS313_Unknown_combined,1.0
chr11_69328130_A_T_PRS313_Unknown_combined,0.9877361434944648
chr11_65553492_C_A_PRS313_Unknown_combined,0.954045129334067
chr11_44368892_G_A_PRS313_Unknown_combined,0.9967234343117249
