SNP,AUC Score
chr11_111696440_T_C_PRS313_Unknown_combined,0.9589115242165814
chr11_122966626_A_G_PRS313_Unknown_combined,0.9930306876592918
chr11_69331418_C_T_PRS313_Known_combined,0.9933941051588112
chr11_1895708_C_A_PRS313_Unknown_combined,0.9897234869869278
chr11_803017_A_G_PRS313_Known_combined,0.9873945495146036
chr11_433617_T_C_PRS313_Unknown_combined,0.9932280991802479
chr11_46318032_C_G_PRS313_Unknown_combined,0.986895196083629
chr11_42844441_C_T_PRS313_Unknown_combined,0.9848913644338694
chr11_69330983_G_A_PRS313_Known_combined,1.0
chr11_65572431_G_A_PRS313_Unknown_combined,0.9201563958916901
chr11_108267402_C_CA_PRS313_Unknown_combined,0.8963321513417792
chr11_116727936_A_T_PRS313_Unknown_combined,0.9294802867383511
chr11_129243417_T_G_PRS313_Unknown_combined,0.9946313680911735
chr11_129461016_A_G_PRS313_Unknown_combined,0.9973527359017309
chr11_103614438_T_G_PRS313_Unknown_combined,0.9937044912973046
chr11_18664241_T_G_PRS313_Unknown_combined,1.0
chr11_69328130_A_T_PRS313_Unknown_combined,0.9937543640572284
chr11_65553492_C_A_PRS313_Unknown_combined,0.9446575214873848
chr11_44368892_G_A_PRS313_Unknown_combined,0.9986657229736814
