SNP,R2 Score
chr11_111696440_T_C_PRS313_Unknown_combined,0.9114082247282428
chr11_122966626_A_G_PRS313_Unknown_combined,0.9874972168824068
chr11_69331418_C_T_PRS313_Known_combined,0.980558117416233
chr11_1895708_C_A_PRS313_Unknown_combined,0.9850480591644256
chr11_803017_A_G_PRS313_Known_combined,0.9806906909355378
chr11_433617_T_C_PRS313_Unknown_combined,0.9837043014304108
chr11_46318032_C_G_PRS313_Unknown_combined,0.8883433128901727
chr11_42844441_C_T_PRS313_Unknown_combined,0.9801138146980869
chr11_69330983_G_A_PRS313_Known_combined,0.9999995900623084
chr11_65572431_G_A_PRS313_Unknown_combined,0.8243319478274922
chr11_108267402_C_CA_PRS313_Unknown_combined,0.7413858366959322
chr11_116727936_A_T_PRS313_Unknown_combined,0.843010127164138
chr11_129243417_T_G_PRS313_Unknown_combined,0.9905944517414245
chr11_129461016_A_G_PRS313_Unknown_combined,0.9913600382730146
chr11_103614438_T_G_PRS313_Unknown_combined,0.9846660504058601
chr11_18664241_T_G_PRS313_Unknown_combined,0.9993024480419648
chr11_69328130_A_T_PRS313_Unknown_combined,0.9862697747297228
chr11_65553492_C_A_PRS313_Unknown_combined,0.9449743305236483
chr11_44368892_G_A_PRS313_Unknown_combined,0.9957797860269358
