SNP,R2 Score
chr11_111696440_T_C_PRS313_Unknown_combined,0.9113315831218274
chr11_122966626_A_G_PRS313_Unknown_combined,0.9874585875714924
chr11_69331418_C_T_PRS313_Known_combined,0.9804530216414863
chr11_1895708_C_A_PRS313_Unknown_combined,0.9850440122583687
chr11_803017_A_G_PRS313_Known_combined,0.9806698214002363
chr11_433617_T_C_PRS313_Unknown_combined,0.9836764344262295
chr11_46318032_C_G_PRS313_Unknown_combined,0.8857642831753555
chr11_42844441_C_T_PRS313_Unknown_combined,0.980087346783816
chr11_69330983_G_A_PRS313_Known_combined,0.9999995861077607
chr11_65572431_G_A_PRS313_Unknown_combined,0.8229053835141652
chr11_108267402_C_CA_PRS313_Unknown_combined,0.738216990846682
chr11_116727936_A_T_PRS313_Unknown_combined,0.8427686021505376
chr11_129243417_T_G_PRS313_Unknown_combined,0.990560518459339
chr11_129461016_A_G_PRS313_Unknown_combined,0.991312222756932
chr11_103614438_T_G_PRS313_Unknown_combined,0.9846355289139633
chr11_18664241_T_G_PRS313_Unknown_combined,0.9992943028216451
chr11_69328130_A_T_PRS313_Unknown_combined,0.9862241190355758
chr11_65553492_C_A_PRS313_Unknown_combined,0.9440453518907563
chr11_44368892_G_A_PRS313_Unknown_combined,0.9957706512115946
