SNP,R2 Score
chr15_66630569_G_A_PRS313_Unknown_combined,0.44786583629664434
chr15_100905819_A_C_PRS313_Unknown_combined,0.8637440094958871
chr15_46680811_C_A_PRS313_Unknown_combined,0.003646937102288139
chr15_91512267_G_T_PRS313_Unknown_combined,0.9396225627376822
chr15_75750383_T_C_PRS313_Unknown_combined,0.7417334718810663
