SNP,IQS Score
chr15_66630569_G_A_PRS313_Unknown_combined,0.5593047394532212
chr15_100905819_A_C_PRS313_Unknown_combined,0.8993406272260679
chr15_46680811_C_A_PRS313_Unknown_combined,-0.0035610950367269
chr15_91512267_G_T_PRS313_Unknown_combined,0.967117353636125
chr15_75750383_T_C_PRS313_Unknown_combined,0.8384842596868494
