SNP,R2 Score
chr18_29981526_G_A_PRS313_Unknown_combined,1.0
chr18_42888797_T_C_PRS313_Unknown_combined,0.953026426820611
chr18_24337424_C_G_PRS313_Known_combined,0.9377194890760481
chr18_24125857_T_C_PRS313_Unknown_combined,1.0
chr18_24518050_AT_A_PRS313_Unknown_combined,0.9258682217773523
chr18_11696613_C_T_PRS313_Known_combined,0.9239691280405845
chr18_25407513_C_G_PRS313_Unknown_combined,1.0
chr18_20634253_C_T_PRS313_Unknown_combined,1.0
chr18_42411803_G_C_PRS313_Unknown_combined,0.9138995617642365
