SNP,R2 Score
chr18_29981526_G_A_PRS313_Unknown_combined,1.0
chr18_42888797_T_C_PRS313_Unknown_combined,0.9673535846236614
chr18_24337424_C_G_PRS313_Known_combined,0.9473219303746707
chr18_24125857_T_C_PRS313_Unknown_combined,1.0
chr18_24518050_AT_A_PRS313_Unknown_combined,0.9436903950200826
chr18_11696613_C_T_PRS313_Known_combined,0.9437297881416499
chr18_25407513_C_G_PRS313_Unknown_combined,0.9981597551654627
chr18_20634253_C_T_PRS313_Unknown_combined,0.99571515731365
chr18_42411803_G_C_PRS313_Unknown_combined,0.9304470836624098
