SNP,IQS Score
chr18_29981526_G_A_PRS313_Unknown_combined,1.0
chr18_42888797_T_C_PRS313_Unknown_combined,0.9573461444903916
chr18_24337424_C_G_PRS313_Known_combined,0.949318428972459
chr18_24125857_T_C_PRS313_Unknown_combined,1.0
chr18_24518050_AT_A_PRS313_Unknown_combined,0.9420304651447707
chr18_11696613_C_T_PRS313_Known_combined,0.9352653437932625
chr18_25407513_C_G_PRS313_Unknown_combined,1.0
chr18_20634253_C_T_PRS313_Unknown_combined,1.0
chr18_42411803_G_C_PRS313_Unknown_combined,0.9249901184587191
