SNP,AUC Score
chr18_29981526_G_A_PRS313_Unknown_combined,1.0
chr18_42888797_T_C_PRS313_Unknown_combined,0.980115939395732
chr18_24337424_C_G_PRS313_Known_combined,0.974511542130696
chr18_24125857_T_C_PRS313_Unknown_combined,1.0
chr18_24518050_AT_A_PRS313_Unknown_combined,0.9686774521573295
chr18_11696613_C_T_PRS313_Known_combined,0.9692441529449578
chr18_25407513_C_G_PRS313_Unknown_combined,1.0
chr18_20634253_C_T_PRS313_Unknown_combined,1.0
chr18_42411803_G_C_PRS313_Unknown_combined,0.9622517687392459
