SNP,Accuracy Score
chr18_29981526_G_A_PRS313_Unknown_combined,1.0
chr18_42888797_T_C_PRS313_Unknown_combined,0.9720558882235529
chr18_24337424_C_G_PRS313_Known_combined,0.9680638722554891
chr18_24125857_T_C_PRS313_Unknown_combined,1.0
chr18_24518050_AT_A_PRS313_Unknown_combined,0.9660678642714571
chr18_11696613_C_T_PRS313_Known_combined,0.9580838323353293
chr18_25407513_C_G_PRS313_Unknown_combined,1.0
chr18_20634253_C_T_PRS313_Unknown_combined,1.0
chr18_42411803_G_C_PRS313_Unknown_combined,0.9500998003992016
