SNP,R2 Score
chr18_29981526_G_A_PRS313_Unknown_combined,1.0
chr18_42888797_T_C_PRS313_Unknown_combined,0.9672305642990129
chr18_24337424_C_G_PRS313_Known_combined,0.9471865159896821
chr18_24125857_T_C_PRS313_Unknown_combined,1.0
chr18_24518050_AT_A_PRS313_Unknown_combined,0.9436463304029942
chr18_11696613_C_T_PRS313_Known_combined,0.9433783614447383
chr18_25407513_C_G_PRS313_Unknown_combined,0.9981551831595014
chr18_20634253_C_T_PRS313_Unknown_combined,0.9956137462902553
chr18_42411803_G_C_PRS313_Unknown_combined,0.9300443164381376
