SNP,R2 Score
chr3_55970777_A_AT_PRS313_Unknown_combined,0.9794754218756903
chr3_59373745_C_T_PRS313_Unknown_combined,0.9999840374689352
chr3_141112859_CTT_C_PRS313_Unknown_combined,0.9927541825249008
chr3_99403877_G_A_PRS313_Unknown_combined,0.9659963855421687
chr3_172285237_G_A_PRS313_Known_combined,0.9843469643642763
chr3_27388664_C_G_PRS313_Unknown_combined,0.9885461089229933
chr3_4742251_A_G_PRS313_Unknown_combined,0.7382573445046294
chr3_27353716_C_A_PRS313_Known_combined,0.9036489604462474
chr3_29294845_C_T_PRS313_Unknown_combined,0.9708588091989866
chr3_30684907_C_T_PRS313_Unknown_combined,0.9651369124247591
chr3_46888198_T_C_PRS313_Unknown_combined,0.9890672378833164
chr3_71620370_T_G_PRS313_Unknown_combined,0.893216487258348
chr3_49709912_C_CT_PRS313_Unknown_combined,0.9403738196430569
chr3_189774456_C_T_PRS313_Unknown_combined,0.9760605624587236
"chr3_63887449_T_TTG,TTGTG_PRS313_Unknown_combined",0.9239469147961521
chr3_87037543_A_G_PRS313_Known_combined,0.9308271957162285
