SNP,Accuracy Score
chr3_55970777_A_AT_PRS313_Unknown_combined,0.9900199600798403
chr3_59373745_C_T_PRS313_Unknown_combined,1.0
chr3_141112859_CTT_C_PRS313_Unknown_combined,0.998003992015968
chr3_99403877_G_A_PRS313_Unknown_combined,1.0
chr3_172285237_G_A_PRS313_Known_combined,0.9920159680638723
chr3_27388664_C_G_PRS313_Unknown_combined,0.9960079840319361
chr3_4742251_A_G_PRS313_Unknown_combined,0.9141716566866267
chr3_27353716_C_A_PRS313_Known_combined,0.998003992015968
chr3_29294845_C_T_PRS313_Unknown_combined,0.9760479041916168
chr3_30684907_C_T_PRS313_Unknown_combined,0.9920159680638723
chr3_46888198_T_C_PRS313_Unknown_combined,0.9920159680638723
chr3_71620370_T_G_PRS313_Unknown_combined,0.9860279441117764
chr3_49709912_C_CT_PRS313_Unknown_combined,0.9600798403193613
chr3_189774456_C_T_PRS313_Unknown_combined,0.9840319361277445
"chr3_63887449_T_TTG,TTGTG_PRS313_Unknown_combined",0.9680638722554891
chr3_87037543_A_G_PRS313_Known_combined,0.9740518962075848
