SNP,R2 Score
chr3_55970777_A_AT_PRS313_Unknown_combined,0.9795307122116361
chr3_59373745_C_T_PRS313_Unknown_combined,0.9999841379930438
chr3_141112859_CTT_C_PRS313_Unknown_combined,0.9927620361773917
chr3_99403877_G_A_PRS313_Unknown_combined,0.9661036819221123
chr3_172285237_G_A_PRS313_Known_combined,0.9846565359318074
chr3_27388664_C_G_PRS313_Unknown_combined,0.9885474489082232
chr3_4742251_A_G_PRS313_Unknown_combined,0.7488821042501276
chr3_27353716_C_A_PRS313_Known_combined,0.9056346142607052
chr3_29294845_C_T_PRS313_Unknown_combined,0.9713134339554199
chr3_30684907_C_T_PRS313_Unknown_combined,0.9654805128908021
chr3_46888198_T_C_PRS313_Unknown_combined,0.9891126819992873
chr3_71620370_T_G_PRS313_Unknown_combined,0.8934104676158277
chr3_49709912_C_CT_PRS313_Unknown_combined,0.9409353474540423
chr3_189774456_C_T_PRS313_Unknown_combined,0.9764268668815465
"chr3_63887449_T_TTG,TTGTG_PRS313_Unknown_combined",0.9242417557933897
chr3_87037543_A_G_PRS313_Known_combined,0.9311081291834128
