SNP,R2 Score
chr3_55970777_A_AT_PRS313_Unknown_combined,0.9723351150770861
chr3_59373745_C_T_PRS313_Unknown_combined,1.0
chr3_141112859_CTT_C_PRS313_Unknown_combined,0.9949287391691635
chr3_99403877_G_A_PRS313_Unknown_combined,1.0
chr3_172285237_G_A_PRS313_Known_combined,0.98367307034267
chr3_27388664_C_G_PRS313_Unknown_combined,0.9886595137851419
chr3_4742251_A_G_PRS313_Unknown_combined,0.7125837180137151
chr3_27353716_C_A_PRS313_Known_combined,0.8729716024340771
chr3_29294845_C_T_PRS313_Unknown_combined,0.9549345606644379
chr3_30684907_C_T_PRS313_Unknown_combined,0.9651369124247591
chr3_46888198_T_C_PRS313_Unknown_combined,0.9868069362335251
chr3_71620370_T_G_PRS313_Unknown_combined,0.8715949033391915
chr3_49709912_C_CT_PRS313_Unknown_combined,0.919951427612763
chr3_189774456_C_T_PRS313_Unknown_combined,0.9754910353936844
"chr3_63887449_T_TTG,TTGTG_PRS313_Unknown_combined",0.9081997251488777
chr3_87037543_A_G_PRS313_Known_combined,0.9077374206708976
