SNP,IQS Score
chr3_55970777_A_AT_PRS313_Unknown_combined,0.9800940862351201
chr3_59373745_C_T_PRS313_Unknown_combined,1.0
chr3_141112859_CTT_C_PRS313_Unknown_combined,0.9962787173830692
chr3_99403877_G_A_PRS313_Unknown_combined,1.0
chr3_172285237_G_A_PRS313_Known_combined,0.9871124573148381
chr3_27388664_C_G_PRS313_Unknown_combined,0.9917604104993093
chr3_4742251_A_G_PRS313_Unknown_combined,0.8146424146475769
chr3_27353716_C_A_PRS313_Known_combined,0.9401648154783218
chr3_29294845_C_T_PRS313_Unknown_combined,0.9625411225201874
chr3_30684907_C_T_PRS313_Unknown_combined,0.9765339578454333
chr3_46888198_T_C_PRS313_Unknown_combined,0.9877049180327869
chr3_71620370_T_G_PRS313_Unknown_combined,0.9263992948435432
chr3_49709912_C_CT_PRS313_Unknown_combined,0.9358695373902358
chr3_189774456_C_T_PRS313_Unknown_combined,0.9752537600948359
"chr3_63887449_T_TTG,TTGTG_PRS313_Unknown_combined",0.9355118984408941
chr3_87037543_A_G_PRS313_Known_combined,0.938358886996025
