SNP,AUC Score
chr3_55970777_A_AT_PRS313_Unknown_combined,0.9822068194626054
chr3_59373745_C_T_PRS313_Unknown_combined,1.0
chr3_141112859_CTT_C_PRS313_Unknown_combined,0.9989210936629914
chr3_99403877_G_A_PRS313_Unknown_combined,1.0
chr3_172285237_G_A_PRS313_Known_combined,0.9951524945997581
chr3_27388664_C_G_PRS313_Unknown_combined,0.9969108887005339
chr3_4742251_A_G_PRS313_Unknown_combined,0.9012712811267481
chr3_27353716_C_A_PRS313_Known_combined,0.9989858012170385
chr3_29294845_C_T_PRS313_Unknown_combined,0.9822887250890341
chr3_30684907_C_T_PRS313_Unknown_combined,0.9867519265453352
chr3_46888198_T_C_PRS313_Unknown_combined,0.993726892465865
chr3_71620370_T_G_PRS313_Unknown_combined,0.8846741413781244
chr3_49709912_C_CT_PRS313_Unknown_combined,0.9711437887775377
chr3_189774456_C_T_PRS313_Unknown_combined,0.9883927492003236
"chr3_63887449_T_TTG,TTGTG_PRS313_Unknown_combined",0.9574173178735997
chr3_87037543_A_G_PRS313_Known_combined,0.947452039443272
