SNP,IQS Score
chr15_66630569_G_A_PRS313_Unknown_combined,0.7173557947769271
chr15_100905819_A_C_PRS313_Unknown_combined,0.845766155632372
chr15_67457698_A_G_PRS313_Known_combined,-0.00379626700411078
chr15_46680811_C_A_PRS313_Unknown_combined,0.1948573724387349
chr15_91512267_G_T_PRS313_Unknown_combined,0.9492393868777952
chr15_50694306_A_G_PRS313_Known_combined,0.4647368221415836
chr15_75750383_T_C_PRS313_Unknown_combined,0.8059786818131524
