SNP,R2 Score
chr15_66630569_G_A_PRS313_Unknown_combined,0.644867628787156
chr15_100905819_A_C_PRS313_Unknown_combined,0.7695613320366903
chr15_67457698_A_G_PRS313_Known_combined,-0.09489302967564206
chr15_46680811_C_A_PRS313_Unknown_combined,-0.016227180527394136
chr15_91512267_G_T_PRS313_Unknown_combined,0.9388832735004007
chr15_50694306_A_G_PRS313_Known_combined,0.2907235041063694
chr15_75750383_T_C_PRS313_Unknown_combined,0.7607034303082927
