SNP,Accuracy Score
chr9_98362587_T_C_PRS313_Unknown_combined,0.9920159680638723
chr9_6880263_A_G_PRS313_Unknown_combined,0.9161676646706587
chr9_110885479_C_T_PRS313_Unknown_combined,0.9940119760479041
chr9_110837176_C_T_PRS313_Known_combined,0.9620758483033932
chr9_21964882_CAAAA_C_PRS313_Unknown_combined,0.9620758483033932
chr9_36928288_T_C_PRS313_Unknown_combined,0.998003992015968
chr9_110303808_TAA_T_PRS313_Unknown_combined,0.9620758483033932
chr9_129424719_A_G_PRS313_Unknown_combined,0.8882235528942116
chr9_119313486_A_G_PRS313_Unknown_combined,0.9660678642714571
chr9_110849525_G_T_PRS313_Unknown_combined,0.9241516966067864
chr9_136146597_C_T_PRS313_Known_combined,0.9920159680638723
chr9_87782211_T_C_PRS313_Known_combined,0.9820359281437125
chr9_22041998_C_G_PRS313_Known_combined,0.8762475049900199
chr9_110837073_A_G_PRS313_Known_combined,0.998003992015968
