SNP,AUC Score
chr9_98362587_T_C_PRS313_Unknown_combined,0.9881375048340738
chr9_6880263_A_G_PRS313_Unknown_combined,0.9337688387320741
chr9_110885479_C_T_PRS313_Unknown_combined,0.9663268227302892
chr9_110837176_C_T_PRS313_Known_combined,0.9686437635611812
chr9_21964882_CAAAA_C_PRS313_Unknown_combined,0.9673766842193761
chr9_36928288_T_C_PRS313_Unknown_combined,0.9986487411056376
chr9_110303808_TAA_T_PRS313_Unknown_combined,0.9695543963332703
chr9_129424719_A_G_PRS313_Unknown_combined,0.8476978476180795
chr9_119313486_A_G_PRS313_Unknown_combined,0.9511986747047064
chr9_110849525_G_T_PRS313_Unknown_combined,0.8665743256490801
chr9_136146597_C_T_PRS313_Known_combined,0.9936076281496634
chr9_87782211_T_C_PRS313_Known_combined,0.9817412994756117
chr9_22041998_C_G_PRS313_Known_combined,0.8969976762187023
chr9_110837073_A_G_PRS313_Known_combined,0.9978848728246318
