SNP,R2 Score
chr9_98362587_T_C_PRS313_Unknown_combined,0.9750144966863629
chr9_6880263_A_G_PRS313_Unknown_combined,0.8582849993109548
chr9_110885479_C_T_PRS313_Unknown_combined,0.9566480125304968
chr9_110837176_C_T_PRS313_Known_combined,0.9387188443237586
chr9_21964882_CAAAA_C_PRS313_Unknown_combined,0.9328582420093603
chr9_36928288_T_C_PRS313_Unknown_combined,0.9940816239644494
chr9_110303808_TAA_T_PRS313_Unknown_combined,0.9323465726460345
chr9_129424719_A_G_PRS313_Unknown_combined,0.6981324658152382
chr9_119313486_A_G_PRS313_Unknown_combined,0.8364336236968181
chr9_110849525_G_T_PRS313_Unknown_combined,0.7924819542078573
chr9_136146597_C_T_PRS313_Known_combined,0.9884516368041005
chr9_87782211_T_C_PRS313_Known_combined,0.9638889018973433
chr9_22041998_C_G_PRS313_Known_combined,0.7763886303156384
chr9_110837073_A_G_PRS313_Known_combined,0.9940292622545203
