SNP,IQS Score
chr9_98362587_T_C_PRS313_Unknown_combined,0.9759365994236312
chr9_6880263_A_G_PRS313_Unknown_combined,0.8659420751519477
chr9_110885479_C_T_PRS313_Unknown_combined,0.9762761625153895
chr9_110837176_C_T_PRS313_Known_combined,0.9385422921226444
chr9_21964882_CAAAA_C_PRS313_Unknown_combined,0.9405801534341662
chr9_36928288_T_C_PRS313_Unknown_combined,0.9962590443762459
chr9_110303808_TAA_T_PRS313_Unknown_combined,0.9319565963287015
chr9_129424719_A_G_PRS313_Unknown_combined,0.7179054054054055
chr9_119313486_A_G_PRS313_Unknown_combined,0.8643962552541077
chr9_110849525_G_T_PRS313_Unknown_combined,0.7846477534953169
chr9_136146597_C_T_PRS313_Known_combined,0.986284212471511
chr9_87782211_T_C_PRS313_Known_combined,0.9683980347768798
chr9_22041998_C_G_PRS313_Known_combined,0.7931888544891641
chr9_110837073_A_G_PRS313_Known_combined,0.995674882375793
