SNP,R2 Score
chr9_98362587_T_C_PRS313_Unknown_combined,0.9749646993421662
chr9_6880263_A_G_PRS313_Unknown_combined,0.8566529481978468
chr9_110885479_C_T_PRS313_Unknown_combined,0.9557727153092557
chr9_110837176_C_T_PRS313_Known_combined,0.9385993035460297
chr9_21964882_CAAAA_C_PRS313_Unknown_combined,0.9327182599804136
chr9_36928288_T_C_PRS313_Unknown_combined,0.9940242822199054
chr9_110303808_TAA_T_PRS313_Unknown_combined,0.9321822976865186
chr9_129424719_A_G_PRS313_Unknown_combined,0.6945432863031074
chr9_119313486_A_G_PRS313_Unknown_combined,0.8347480423113357
chr9_110849525_G_T_PRS313_Unknown_combined,0.791126309200918
chr9_136146597_C_T_PRS313_Known_combined,0.9884019014038631
chr9_87782211_T_C_PRS313_Known_combined,0.9638516607243386
chr9_22041998_C_G_PRS313_Known_combined,0.7730078377108246
chr9_110837073_A_G_PRS313_Known_combined,0.994006798488325
