SNP,R2 Score
chr9_98362587_T_C_PRS313_Unknown_combined,0.9690540164921708
chr9_6880263_A_G_PRS313_Unknown_combined,0.8358402246840381
chr9_110885479_C_T_PRS313_Unknown_combined,0.96337183798801
chr9_110837176_C_T_PRS313_Known_combined,0.922188434940409
chr9_21964882_CAAAA_C_PRS313_Unknown_combined,0.9314548649115733
chr9_36928288_T_C_PRS313_Unknown_combined,0.9949775443098885
chr9_110303808_TAA_T_PRS313_Unknown_combined,0.9115581157669794
chr9_129424719_A_G_PRS313_Unknown_combined,0.6293595434369056
chr9_119313486_A_G_PRS313_Unknown_combined,0.7758920113672245
chr9_110849525_G_T_PRS313_Unknown_combined,0.6689964531608595
chr9_136146597_C_T_PRS313_Known_combined,0.9836813133122699
chr9_87782211_T_C_PRS313_Known_combined,0.957693751172828
chr9_22041998_C_G_PRS313_Known_combined,0.7165944337110334
chr9_110837073_A_G_PRS313_Known_combined,0.9932379538399244
