SNP,R2 Score
chr21_16574455_C_A_PRS313_Unknown_maternal,0.997137174365981
chr21_16574455_C_A_PRS313_Unknown_paternal,0.9981355860444694
chr21_16566350_A_G_PRS313_Unknown_maternal,0.7426869146025974
chr21_16566350_A_G_PRS313_Unknown_paternal,0.744793947619621
chr21_47762932_G_A_PRS313_Unknown_maternal,0.7778950675947262
chr21_47762932_G_A_PRS313_Unknown_paternal,0.32501373407147915
chr21_16364756_T_G_PRS313_Unknown_maternal,0.9992686404523561
chr21_16364756_T_G_PRS313_Unknown_paternal,0.9989418263319367
