SNP,R2 Score
chr21_16566350_A_G_PRS313_Unknown_maternal,0.7369388247964574
chr21_16566350_A_G_PRS313_Unknown_paternal,0.7058004557388838
chr21_47762932_G_A_PRS313_Unknown_maternal,0.6739229733251675
chr21_47762932_G_A_PRS313_Unknown_paternal,0.30069545703845274
chr21_16364756_T_G_PRS313_Known_maternal,0.47641277423213113
chr21_16364756_T_G_PRS313_Known_paternal,0.43201903837937095
chr21_16574455_C_A_PRS313_Known_maternal,0.8832485415097788
chr21_16574455_C_A_PRS313_Known_paternal,0.9411944072302812
