SNP,R2 Score
chr21_16574455_C_A_PRS313_Unknown_maternal,0.999801854348289
chr21_16574455_C_A_PRS313_Unknown_paternal,0.9996909540525787
chr21_16566350_A_G_PRS313_Unknown_maternal,0.7648824270745155
chr21_16566350_A_G_PRS313_Unknown_paternal,0.7535697430559596
chr21_47762932_G_A_PRS313_Unknown_maternal,0.8197574719308551
chr21_47762932_G_A_PRS313_Unknown_paternal,0.37165287604615227
