SNP,IQS Score
chr21_16566350_A_G_PRS313_Unknown_maternal,0.8277284918506295
chr21_16566350_A_G_PRS313_Unknown_paternal,0.7935014082571956
chr21_47762932_G_A_PRS313_Unknown_maternal,0.6056980953880066
chr21_47762932_G_A_PRS313_Unknown_paternal,0.4918864097363083
chr21_16364756_T_G_PRS313_Known_maternal,0.5859504132231406
chr21_16364756_T_G_PRS313_Known_paternal,0.5260170293282878
chr21_16574455_C_A_PRS313_Known_maternal,0.9287684476924389
chr21_16574455_C_A_PRS313_Known_paternal,0.9720756539833532
