SNP,IQS Score
chr21_16574455_C_A_PRS313_Unknown_maternal,1.0
chr21_16574455_C_A_PRS313_Unknown_paternal,1.0
chr21_16566350_A_G_PRS313_Unknown_maternal,0.8412944530585705
chr21_16566350_A_G_PRS313_Unknown_paternal,0.822559155380905
chr21_47762932_G_A_PRS313_Unknown_maternal,0.862570292140996
chr21_47762932_G_A_PRS313_Unknown_paternal,0.6616236660813165
