SNP,IQS Score
chr13_73806982_T_C_PRS313_Unknown_combined,0.5439276838626868
chr13_32839990_G_A_PRS313_Unknown_combined,0.17462932454694965
chr13_73960952_A_G_PRS313_Unknown_combined,0.9524680230803066
chr13_32972626_A_T_PRS313_Known_combined,1.0
chr13_43501356_A_G_PRS313_Unknown_combined,0.7623555180423697
