SNP,R2 Score
chr13_73806982_T_C_PRS313_Unknown_combined,0.2436017706898045
chr13_32839990_G_A_PRS313_Unknown_combined,-0.14325557809331624
chr13_73960952_A_G_PRS313_Unknown_combined,0.9332064769476898
chr13_32972626_A_T_PRS313_Known_combined,1.0
chr13_43501356_A_G_PRS313_Unknown_combined,0.6730078897356649
