SNP,R2 Score
chr20_52296849_G_A_PRS313_Unknown_combined,0.3214291015699047
chr20_41613706_C_G_PRS313_Unknown_combined,0.6986883979297358
chr20_11379842_T_C_PRS313_Unknown_combined,-0.0016201953397425584
