SNP,R2 Score
chr4_106069013_G_T_PRS313_Unknown_maternal,-0.031015298908648292
chr4_106069013_G_T_PRS313_Unknown_paternal,-0.03805626396435047
chr4_38784633_G_T_PRS313_Unknown_maternal,-0.006023324762334692
chr4_38784633_G_T_PRS313_Unknown_paternal,-0.0026152208127783183
chr4_175847436_C_A_PRS313_Unknown_maternal,0.028859567227072613
chr4_175847436_C_A_PRS313_Unknown_paternal,0.03131041486060071
chr4_175842495_G_A_PRS313_Unknown_maternal,0.01292838497149762
chr4_175842495_G_A_PRS313_Unknown_paternal,0.008707580947101112
chr4_151218296_CATATTT_C_PRS313_Unknown_maternal,0.0013034614022930935
chr4_151218296_CATATTT_C_PRS313_Unknown_paternal,0.004945716669250255
chr4_89240476_G_A_PRS313_Unknown_maternal,0.04303242173938371
chr4_89240476_G_A_PRS313_Unknown_paternal,0.0383504763567607
chr4_143467195_C_T_PRS313_Unknown_maternal,0.00849357827797792
chr4_143467195_C_T_PRS313_Unknown_paternal,0.003320748946929575
"chr4_187503758_A_G,T_PRS313_Unknown_maternal",-0.007408750283480536
"chr4_187503758_A_G,T_PRS313_Unknown_paternal",0.0004901349564032653
"chr4_126752992_A_AAT,AATAT_PRS313_Unknown_maternal",0.0004784431362020447
"chr4_126752992_A_AAT,AATAT_PRS313_Unknown_paternal",0.0014288088213809669
chr4_92594859_TTCTTTC_T_PRS313_Unknown_maternal,-0.0066290539785518465
chr4_92594859_TTCTTTC_T_PRS313_Unknown_paternal,-6.075036308073045e-05
