SNP,R2 Score
chr4_106069013_G_T_PRS313_Unknown_maternal,0.9636832399729697
chr4_106069013_G_T_PRS313_Unknown_paternal,0.9689076378451056
chr4_38784633_G_T_PRS313_Unknown_maternal,0.963746285969209
chr4_38784633_G_T_PRS313_Unknown_paternal,0.9679036182893822
chr4_175842495_G_A_PRS313_Unknown_maternal,0.993107189735529
chr4_175842495_G_A_PRS313_Unknown_paternal,0.9795366006622207
chr4_151218296_CATATTT_C_PRS313_Unknown_maternal,0.9879711183493062
chr4_151218296_CATATTT_C_PRS313_Unknown_paternal,0.978730759964699
chr4_89240476_G_A_PRS313_Unknown_maternal,0.9826797048520637
chr4_89240476_G_A_PRS313_Unknown_paternal,0.9890686933757377
chr4_143467195_C_T_PRS313_Unknown_maternal,0.32066601735700984
chr4_143467195_C_T_PRS313_Unknown_paternal,0.22642578458714416
"chr4_187503758_A_G,T_PRS313_Unknown_maternal",0.8415775921972002
"chr4_187503758_A_G,T_PRS313_Unknown_paternal",0.8584936579464136
chr4_175847436_C_A_PRS313_Unknown_maternal,0.907848536401859
chr4_175847436_C_A_PRS313_Unknown_paternal,0.9068863006090853
"chr4_126752992_A_AAT,AATAT_PRS313_Unknown_maternal",0.6771388998047182
"chr4_126752992_A_AAT,AATAT_PRS313_Unknown_paternal",0.6902235189163042
chr4_92594859_TTCTTTC_T_PRS313_Unknown_maternal,0.6789414835346582
chr4_92594859_TTCTTTC_T_PRS313_Unknown_paternal,0.6684081136252771
"chr4_84370124_TAA_TA,T_PRS313_Unknown_maternal",0.8842794277477144
"chr4_84370124_TAA_TA,T_PRS313_Unknown_paternal",0.8583984073577756
