SNP,IQS Score
chr4_106069013_G_T_PRS313_Unknown_maternal,0.9220369974129045
chr4_106069013_G_T_PRS313_Unknown_paternal,0.953826303339375
chr4_38784633_G_T_PRS313_Unknown_maternal,0.9490370269903703
chr4_38784633_G_T_PRS313_Unknown_paternal,0.9161786849590097
chr4_175847436_C_A_PRS313_Unknown_maternal,0.8753192659829463
chr4_175847436_C_A_PRS313_Unknown_paternal,0.890840754963641
chr4_175842495_G_A_PRS313_Unknown_maternal,0.9673182717606384
chr4_175842495_G_A_PRS313_Unknown_paternal,0.9540661960209039
chr4_151218296_CATATTT_C_PRS313_Unknown_maternal,0.9592145752942901
chr4_151218296_CATATTT_C_PRS313_Unknown_paternal,0.9470095761905148
chr4_89240476_G_A_PRS313_Unknown_maternal,0.9902138880750073
chr4_89240476_G_A_PRS313_Unknown_paternal,0.9952512298461624
chr4_143467195_C_T_PRS313_Unknown_maternal,0.0
chr4_143467195_C_T_PRS313_Unknown_paternal,0.0
"chr4_187503758_A_G,T_PRS313_Unknown_maternal",0.9039627770807193
"chr4_187503758_A_G,T_PRS313_Unknown_paternal",0.942459145501083
"chr4_126752992_A_AAT,AATAT_PRS313_Unknown_maternal",0.7026188535293979
"chr4_126752992_A_AAT,AATAT_PRS313_Unknown_paternal",0.6445127719962157
chr4_92594859_TTCTTTC_T_PRS313_Unknown_maternal,0.8118723285263452
chr4_92594859_TTCTTTC_T_PRS313_Unknown_paternal,0.7969677465493814
"chr4_84370124_TAA_TA,T_PRS313_Unknown_maternal",0.9522466019787637
"chr4_84370124_TAA_TA,T_PRS313_Unknown_paternal",0.9298378287538862
