SNP,IQS Score
chr4_106069013_G_T_PRS313_Unknown_maternal,0.980427393835215
chr4_106069013_G_T_PRS313_Unknown_paternal,0.9845336955515079
chr4_38784633_G_T_PRS313_Unknown_maternal,0.9789501105014159
chr4_38784633_G_T_PRS313_Unknown_paternal,0.9793123952199657
chr4_175842495_G_A_PRS313_Unknown_maternal,1.0
chr4_175842495_G_A_PRS313_Unknown_paternal,0.9850318185892264
chr4_151218296_CATATTT_C_PRS313_Unknown_maternal,0.9959285174439866
chr4_151218296_CATATTT_C_PRS313_Unknown_paternal,0.9918617306411527
chr4_89240476_G_A_PRS313_Unknown_maternal,0.9902138880750073
chr4_89240476_G_A_PRS313_Unknown_paternal,0.9952512298461624
chr4_143467195_C_T_PRS313_Unknown_maternal,0.5307670694015171
chr4_143467195_C_T_PRS313_Unknown_paternal,0.39025417778401933
"chr4_187503758_A_G,T_PRS313_Unknown_maternal",0.9046358303483361
"chr4_187503758_A_G,T_PRS313_Unknown_paternal",0.901489455832473
chr4_175847436_C_A_PRS313_Unknown_maternal,0.9370713693571483
chr4_175847436_C_A_PRS313_Unknown_paternal,0.9264994198375545
"chr4_126752992_A_AAT,AATAT_PRS313_Unknown_maternal",0.7791022999655285
"chr4_126752992_A_AAT,AATAT_PRS313_Unknown_paternal",0.8185586093114965
chr4_92594859_TTCTTTC_T_PRS313_Unknown_maternal,0.811135975360331
chr4_92594859_TTCTTTC_T_PRS313_Unknown_paternal,0.7844852308574707
"chr4_84370124_TAA_TA,T_PRS313_Unknown_maternal",0.9226702681844493
"chr4_84370124_TAA_TA,T_PRS313_Unknown_paternal",0.9295735050184148
