SNP,R2 Score
chr4_106069013_G_T_PRS313_Unknown_maternal,0.9618604906444097
chr4_106069013_G_T_PRS313_Unknown_paternal,0.9654896862622021
chr4_38784633_G_T_PRS313_Unknown_maternal,0.9543751401997634
chr4_38784633_G_T_PRS313_Unknown_paternal,0.9636054175946906
chr4_175847436_C_A_PRS313_Unknown_maternal,0.9036027742522617
chr4_175847436_C_A_PRS313_Unknown_paternal,0.9195155552079803
chr4_175842495_G_A_PRS313_Unknown_maternal,0.992986410532373
chr4_175842495_G_A_PRS313_Unknown_paternal,0.9764542856851139
chr4_151218296_CATATTT_C_PRS313_Unknown_maternal,0.9537037035295421
chr4_151218296_CATATTT_C_PRS313_Unknown_paternal,0.967080857274808
chr4_89240476_G_A_PRS313_Unknown_maternal,0.9838400936101561
chr4_89240476_G_A_PRS313_Unknown_paternal,0.9877826602633495
chr4_143467195_C_T_PRS313_Unknown_maternal,0.22981290459138204
chr4_143467195_C_T_PRS313_Unknown_paternal,0.03936892695571803
"chr4_187503758_A_G,T_PRS313_Unknown_maternal",0.8402378019897703
"chr4_187503758_A_G,T_PRS313_Unknown_paternal",0.8309714494514193
"chr4_126752992_A_AAT,AATAT_PRS313_Unknown_maternal",0.6709628486209291
"chr4_126752992_A_AAT,AATAT_PRS313_Unknown_paternal",0.5873896840335072
chr4_92594859_TTCTTTC_T_PRS313_Unknown_maternal,0.6585910610307815
chr4_92594859_TTCTTTC_T_PRS313_Unknown_paternal,0.6294578841371596
