SNP,R2 Score
chr4_106069013_G_T_PRS313_Unknown_maternal,0.9657701806014973
chr4_106069013_G_T_PRS313_Unknown_paternal,0.9622526432916022
chr4_38784633_G_T_PRS313_Unknown_maternal,0.9734945374371642
chr4_38784633_G_T_PRS313_Unknown_paternal,0.975121664033715
chr4_175847436_C_A_PRS313_Unknown_maternal,0.9184227381195635
chr4_175847436_C_A_PRS313_Unknown_paternal,0.9582127006268377
chr4_175842495_G_A_PRS313_Unknown_maternal,0.9937927071815535
chr4_175842495_G_A_PRS313_Unknown_paternal,0.9790628034265478
chr4_151218296_CATATTT_C_PRS313_Unknown_maternal,-0.2720705489831876
chr4_151218296_CATATTT_C_PRS313_Unknown_paternal,-0.2355871552321711
chr4_89240476_G_A_PRS313_Unknown_maternal,0.9812300532691953
chr4_89240476_G_A_PRS313_Unknown_paternal,0.9891182971227379
chr4_143467195_C_T_PRS313_Unknown_maternal,0.30021283070156557
chr4_143467195_C_T_PRS313_Unknown_paternal,0.11291004284358974
"chr4_187503758_A_G,T_PRS313_Unknown_maternal",-0.21652795654495582
"chr4_187503758_A_G,T_PRS313_Unknown_paternal",-0.30865777687384965
"chr4_126752992_A_AAT,AATAT_PRS313_Unknown_maternal",-0.24622133547519165
"chr4_126752992_A_AAT,AATAT_PRS313_Unknown_paternal",-0.27715689675853117
chr4_92594859_TTCTTTC_T_PRS313_Unknown_maternal,0.6578524021429732
chr4_92594859_TTCTTTC_T_PRS313_Unknown_paternal,0.6820004152956429
