SNP,IQS Score
chr4_106069013_G_T_PRS313_Unknown_maternal,0.9803448478785383
chr4_106069013_G_T_PRS313_Unknown_paternal,0.9794284306479428
chr4_38784633_G_T_PRS313_Unknown_maternal,0.9747645192162394
chr4_38784633_G_T_PRS313_Unknown_paternal,0.9793123952199657
chr4_175847436_C_A_PRS313_Unknown_maternal,0.9375374027528427
chr4_175847436_C_A_PRS313_Unknown_paternal,0.9471978499723342
chr4_175842495_G_A_PRS313_Unknown_maternal,1.0
chr4_175842495_G_A_PRS313_Unknown_paternal,0.9850318185892264
chr4_151218296_CATATTT_C_PRS313_Unknown_maternal,0.975585191923458
chr4_151218296_CATATTT_C_PRS313_Unknown_paternal,0.9796190677655826
chr4_89240476_G_A_PRS313_Unknown_maternal,0.9902138880750073
chr4_89240476_G_A_PRS313_Unknown_paternal,0.9952512298461624
chr4_143467195_C_T_PRS313_Unknown_maternal,0.4462456709159233
chr4_143467195_C_T_PRS313_Unknown_paternal,0.37256643213334245
"chr4_187503758_A_G,T_PRS313_Unknown_maternal",0.9048580899109177
"chr4_187503758_A_G,T_PRS313_Unknown_paternal",0.8935627788400254
"chr4_126752992_A_AAT,AATAT_PRS313_Unknown_maternal",0.7989340696386432
"chr4_126752992_A_AAT,AATAT_PRS313_Unknown_paternal",0.7454042412460777
chr4_92594859_TTCTTTC_T_PRS313_Unknown_maternal,0.8030992083543876
chr4_92594859_TTCTTTC_T_PRS313_Unknown_paternal,0.7801632320911419
