SNP,IQS Score
chr10_38523626_C_A_PRS313_Unknown_combined,0.8461065888496391
chr10_123340431_GC_G_PRS313_Unknown_combined,0.94183579773929
chr10_123340107_A_G_PRS313_Unknown_combined,0.8634207513221744
chr10_123349324_A_T_PRS313_Unknown_combined,0.7544883503363476
chr10_22477776_ACC_A_PRS313_Unknown_combined,0.7630085146641438
"chr10_22861490_A_C,T_PRS313_Unknown_combined",-0.003505257886825438
chr10_123095209_G_A_PRS313_Unknown_combined,0.9318888605658936
chr10_13892298_G_A_PRS313_Unknown_combined,0.3211912764793245
chr10_5794652_A_G_PRS313_Unknown_combined,0.9673118747281427
chr10_64299890_A_G_PRS313_Unknown_combined,0.8958516191620087
chr10_80886726_A_G_PRS313_Unknown_combined,0.9295492708428114
chr10_71335574_C_T_PRS313_Unknown_combined,0.3967708829970343
chr10_114777670_C_T_PRS313_Unknown_combined,1.0
