SNP,R2 Score
chr10_38523626_C_A_PRS313_Unknown_combined,0.7358679304047493
chr10_123340431_GC_G_PRS313_Unknown_combined,0.9104481055969293
chr10_123340107_A_G_PRS313_Unknown_combined,0.7795273182281208
chr10_123349324_A_T_PRS313_Unknown_combined,0.6447264522786215
chr10_22477776_ACC_A_PRS313_Unknown_combined,0.6611809938040447
"chr10_22861490_A_C,T_PRS313_Unknown_combined",0.04910951349410386
chr10_123095209_G_A_PRS313_Unknown_combined,0.884882192869002
chr10_13892298_G_A_PRS313_Unknown_combined,0.12534581121051502
chr10_5794652_A_G_PRS313_Unknown_combined,0.9159234648642357
chr10_64299890_A_G_PRS313_Unknown_combined,0.8304516263633157
chr10_80886726_A_G_PRS313_Unknown_combined,0.8677245997484258
chr10_71335574_C_T_PRS313_Unknown_combined,0.20253488915579432
chr10_114777670_C_T_PRS313_Unknown_combined,0.9997577796826621
