SNP,R2 Score
chr4_106069013_G_T_PRS313_Unknown_combined,0.9913459621933096
chr4_38784633_G_T_PRS313_Unknown_combined,0.6232618345248222
chr4_175842495_G_A_PRS313_Unknown_combined,0.9766845612467036
chr4_151218296_CATATTT_C_PRS313_Unknown_combined,0.8129694190221821
chr4_89240476_G_A_PRS313_Unknown_combined,0.9827884836298009
chr4_143467195_C_T_PRS313_Unknown_combined,0.5593319614913319
"chr4_187503758_A_G,T_PRS313_Unknown_combined",0.8296170897940455
chr4_175847436_C_A_PRS313_Unknown_combined,0.9939926775862183
"chr4_126752992_A_AAT,AATAT_PRS313_Unknown_combined",0.9993718996953208
chr4_92594859_TTCTTTC_T_PRS313_Unknown_combined,0.9884079860320383
"chr4_84370124_TAA_TA,T_PRS313_Unknown_combined",0.017355816246834334
