SNP,R2 Score
chr4_106069013_G_T_PRS313_Unknown_combined,0.9919943752896246
chr4_38784633_G_T_PRS313_Unknown_combined,0.4539722081662838
chr4_175842495_G_A_PRS313_Unknown_combined,0.9862160674981658
chr4_151218296_CATATTT_C_PRS313_Unknown_combined,0.7930846494416177
chr4_89240476_G_A_PRS313_Unknown_combined,0.972005811168939
chr4_143467195_C_T_PRS313_Unknown_combined,0.36628117094325985
"chr4_187503758_A_G,T_PRS313_Unknown_combined",0.7761775092541379
chr4_175847436_C_A_PRS313_Unknown_combined,0.9959829375070158
"chr4_126752992_A_AAT,AATAT_PRS313_Unknown_combined",1.0
chr4_92594859_TTCTTTC_T_PRS313_Unknown_combined,0.9883550658949865
"chr4_84370124_TAA_TA,T_PRS313_Unknown_combined",-6.797378665974566
