SNP,Accuracy Score
chr4_106069013_G_T_PRS313_Unknown_combined,0.9960079840319361
chr4_38784633_G_T_PRS313_Unknown_combined,0.7884231536926147
chr4_175842495_G_A_PRS313_Unknown_combined,0.9940119760479041
chr4_151218296_CATATTT_C_PRS313_Unknown_combined,0.9001996007984032
chr4_89240476_G_A_PRS313_Unknown_combined,0.9860279441117764
chr4_143467195_C_T_PRS313_Unknown_combined,0.7125748502994012
"chr4_187503758_A_G,T_PRS313_Unknown_combined",0.9580838323353293
chr4_175847436_C_A_PRS313_Unknown_combined,0.998003992015968
"chr4_126752992_A_AAT,AATAT_PRS313_Unknown_combined",1.0
chr4_92594859_TTCTTTC_T_PRS313_Unknown_combined,0.9960079840319361
"chr4_84370124_TAA_TA,T_PRS313_Unknown_combined",0.846307385229541
