SNP,AUC Score
chr4_106069013_G_T_PRS313_Unknown_combined,0.994801733731623
chr4_38784633_G_T_PRS313_Unknown_combined,0.8667055781569015
chr4_175842495_G_A_PRS313_Unknown_combined,0.9960458216522454
chr4_151218296_CATATTT_C_PRS313_Unknown_combined,0.9271042209504827
chr4_89240476_G_A_PRS313_Unknown_combined,0.9871184596518258
chr4_143467195_C_T_PRS313_Unknown_combined,0.7629258837108509
"chr4_187503758_A_G,T_PRS313_Unknown_combined",0.8706669734482504
chr4_175847436_C_A_PRS313_Unknown_combined,0.9988152630198085
"chr4_126752992_A_AAT,AATAT_PRS313_Unknown_combined",1.0
chr4_92594859_TTCTTTC_T_PRS313_Unknown_combined,0.9957789104810448
"chr4_84370124_TAA_TA,T_PRS313_Unknown_combined",0.8766718040306012
