SNP,R2 Score
chr4_106069013_G_T_PRS313_Unknown_combined,0.9913162988766558
chr4_38784633_G_T_PRS313_Unknown_combined,0.4539722081662838
chr4_175842495_G_A_PRS313_Unknown_combined,0.9765172331254586
chr4_151218296_CATATTT_C_PRS313_Unknown_combined,0.8032210186347717
chr4_89240476_G_A_PRS313_Unknown_combined,0.9827415825856509
chr4_143467195_C_T_PRS313_Unknown_combined,0.36628117094325985
"chr4_187503758_A_G,T_PRS313_Unknown_combined",0.8294429987661149
chr4_175847436_C_A_PRS313_Unknown_combined,0.9939920813354929
"chr4_126752992_A_AAT,AATAT_PRS313_Unknown_combined",0.9993655078222001
chr4_92594859_TTCTTTC_T_PRS313_Unknown_combined,0.9883841782302489
"chr4_84370124_TAA_TA,T_PRS313_Unknown_combined",-6.797378665974566
