SNP,R2 Score
chr22_46283297_G_A_PRS313_Unknown_combined,0.17277382612171155
"chr22_38583315_AAAAG_AAAAGAAAG,AAAAGAAAGAAAG,A_PRS313_Unknown_combined",-0.07321727930307054
chr22_40904707_CT_C_PRS313_Unknown_combined,0.7292748711519561
chr22_19766137_C_T_PRS313_Unknown_combined,0.7759723295346024
chr22_43433100_C_T_PRS313_Unknown_combined,0.5263762977182886
chr22_45319953_G_A_PRS313_Unknown_combined,0.4615015151385886
chr22_29203724_C_T_PRS313_Unknown_combined,0.5727837505231946
chr22_29551872_A_G_PRS313_Unknown_combined,0.9165233624042065
chr22_29135543_G_A_PRS313_Unknown_combined,0.0
