SNP,R2 Score
chr22_46283297_G_A_PRS313_Unknown_combined,-1.4537637400862673
chr22_39343916_T_A_PRS313_Known_combined,-0.28459364316419733
"chr22_38583315_AAAAG_AAAAGAAAG,AAAAGAAAGAAAG,A_PRS313_Unknown_combined",-0.17767509205963972
chr22_40904707_CT_C_PRS313_Unknown_combined,-0.5586171867559799
chr22_19766137_C_T_PRS313_Unknown_combined,0.0427457049014649
chr22_43433100_C_T_PRS313_Unknown_combined,-1.1611388036809989
chr22_45319953_G_A_PRS313_Unknown_combined,-0.1352601253453778
chr22_29203724_C_T_PRS313_Unknown_combined,-5.859533468559907
chr22_29551872_A_G_PRS313_Unknown_combined,0.329317269076295
chr22_29135543_G_A_PRS313_Unknown_combined,-4.76217790328275
chr22_29121087_A_G_PRS313_Known_combined,-21.044000000000423
