SNP,IQS Score
chr22_46283297_G_A_PRS313_Unknown_combined,0.05241166269239111
chr22_39343916_T_A_PRS313_Known_combined,-0.007413166749333121
"chr22_38583315_AAAAG_AAAAGAAAG,AAAAGAAAGAAAG,A_PRS313_Unknown_combined",0.12366567569185338
chr22_40904707_CT_C_PRS313_Unknown_combined,0.3135738951724524
chr22_19766137_C_T_PRS313_Unknown_combined,0.08716036959107128
chr22_43433100_C_T_PRS313_Unknown_combined,0.3866474413036973
chr22_45319953_G_A_PRS313_Unknown_combined,0.09551613747558739
chr22_29203724_C_T_PRS313_Unknown_combined,0.20611538235812005
chr22_29551872_A_G_PRS313_Unknown_combined,0.49849849849850153
chr22_29135543_G_A_PRS313_Unknown_combined,0.025868627948262744
chr22_29121087_A_G_PRS313_Known_combined,0.07981299048255049
