SNP,IQS Score
chr22_46283297_G_A_PRS313_Unknown_combined,0.470960929250264
"chr22_38583315_AAAAG_AAAAGAAAG,AAAAGAAAGAAAG,A_PRS313_Unknown_combined",0.19965494105242973
chr22_40904707_CT_C_PRS313_Unknown_combined,0.8402907282551523
chr22_19766137_C_T_PRS313_Unknown_combined,0.8734502283873954
chr22_43433100_C_T_PRS313_Unknown_combined,0.6971683637885341
chr22_45319953_G_A_PRS313_Unknown_combined,0.670965430771986
chr22_29203724_C_T_PRS313_Unknown_combined,0.7058369326544893
chr22_29551872_A_G_PRS313_Unknown_combined,0.9323247332162617
chr22_29135543_G_A_PRS313_Unknown_combined,nan
