SNP,R2 Score
chr22_46283297_G_A_PRS313_Unknown_combined,0.03801307917072472
chr22_39343916_T_A_PRS313_Known_combined,-0.42873946450935474
"chr22_38583315_AAAAG_AAAAGAAAG,AAAAGAAAGAAAG,A_PRS313_Unknown_combined",0.6149047227485589
chr22_40904707_CT_C_PRS313_Unknown_combined,0.7296276308688606
chr22_19766137_C_T_PRS313_Unknown_combined,0.4620389085396662
chr22_43433100_C_T_PRS313_Unknown_combined,0.5677722392638003
chr22_45319953_G_A_PRS313_Unknown_combined,0.49356425635150436
chr22_29203724_C_T_PRS313_Unknown_combined,-0.016227180527393692
chr22_29551872_A_G_PRS313_Unknown_combined,-0.006024096385557565
chr22_29135543_G_A_PRS313_Unknown_combined,0.9557889163430991
chr22_29121087_A_G_PRS313_Known_combined,-0.0020000000000193197
