SNP,R2 Score
chr22_46283297_G_A_PRS313_Unknown_combined,0.14656365406341998
chr22_39343916_T_A_PRS313_Known_combined,-0.07888084895410552
"chr22_38583315_AAAAG_AAAAGAAAG,AAAAGAAAGAAAG,A_PRS313_Unknown_combined",0.7127015645961852
chr22_40904707_CT_C_PRS313_Unknown_combined,0.7701142199331049
chr22_19766137_C_T_PRS313_Unknown_combined,0.5210020668716699
chr22_43433100_C_T_PRS313_Unknown_combined,0.46041732263207646
chr22_45319953_G_A_PRS313_Unknown_combined,0.5715217060698126
chr22_29203724_C_T_PRS313_Unknown_combined,0.9443785773160649
chr22_29551872_A_G_PRS313_Unknown_combined,0.0
chr22_29135543_G_A_PRS313_Unknown_combined,0.9993394533245518
chr22_29121087_A_G_PRS313_Known_combined,0.010585131650594715
