SNP,IQS Score
chr22_46283297_G_A_PRS313_Unknown_combined,0.2435129740518962
chr22_39343916_T_A_PRS313_Known_combined,0.5568862275449101
"chr22_38583315_AAAAG_AAAAGAAAG,AAAAGAAAGAAAG,A_PRS313_Unknown_combined",0.17165668662674652
chr22_40904707_CT_C_PRS313_Unknown_combined,0.06786427145708583
chr22_19766137_C_T_PRS313_Unknown_combined,0.25149700598802394
chr22_43433100_C_T_PRS313_Unknown_combined,0.03592814371257485
chr22_45319953_G_A_PRS313_Unknown_combined,0.23952095808383234
chr22_29203724_C_T_PRS313_Unknown_combined,0.015968063872255488
chr22_29551872_A_G_PRS313_Unknown_combined,0.005988023952095809
chr22_29135543_G_A_PRS313_Unknown_combined,0.005988023952095809
chr22_29121087_A_G_PRS313_Known_combined,0.001996007984031936
