SNP,IQS Score
chr22_46283297_G_A_PRS313_Unknown_combined,0.33632538866692796
chr22_39343916_T_A_PRS313_Known_combined,0.6172676526365871
"chr22_38583315_AAAAG_AAAAGAAAG,AAAAGAAAGAAAG,A_PRS313_Unknown_combined",0.6587029072767934
chr22_40904707_CT_C_PRS313_Unknown_combined,0.7816351767758676
chr22_19766137_C_T_PRS313_Unknown_combined,0.5532085663689756
chr22_43433100_C_T_PRS313_Unknown_combined,0.6232959560626369
chr22_45319953_G_A_PRS313_Unknown_combined,0.6089256153856506
chr22_29203724_C_T_PRS313_Unknown_combined,0.7663609513446281
chr22_29135543_G_A_PRS313_Unknown_combined,0.9067603405760016
chr22_29121087_A_G_PRS313_Known_combined,0.0
chr22_29551872_A_G_PRS313_Unknown_combined,0.7990373044524621
