SNP,IQS Score
chr22_46283297_G_A_PRS313_Unknown_combined,0.4495856132603757
chr22_39343916_T_A_PRS313_Known_combined,0.2000255480862887
"chr22_38583315_AAAAG_AAAAGAAAG,AAAAGAAAGAAAG,A_PRS313_Unknown_combined",0.8362914730659184
chr22_40904707_CT_C_PRS313_Unknown_combined,0.8678421069291887
chr22_19766137_C_T_PRS313_Unknown_combined,0.6971683637885341
chr22_43433100_C_T_PRS313_Unknown_combined,0.6819047619047618
chr22_45319953_G_A_PRS313_Unknown_combined,0.7099435518888406
chr22_29203724_C_T_PRS313_Unknown_combined,0.9323247332162617
chr22_29551872_A_G_PRS313_Unknown_combined,nan
chr22_29135543_G_A_PRS313_Unknown_combined,1.0
chr22_29121087_A_G_PRS313_Known_combined,0.0
