SNP,IQS Score
chr22_46283297_G_A_PRS313_Unknown_combined,0.48131559159119885
"chr22_38583315_AAAAG_AAAAGAAAG,AAAAGAAAGAAAG,A_PRS313_Unknown_combined",0.22077734663117723
chr22_19766137_C_T_PRS313_Unknown_combined,0.8323052646679099
chr22_43433100_C_T_PRS313_Unknown_combined,0.13836403901427677
chr22_45319953_G_A_PRS313_Unknown_combined,0.7271905738417156
chr22_29203724_C_T_PRS313_Unknown_combined,0.6424648608396166
chr22_29551872_A_G_PRS313_Unknown_combined,0.7138961947735445
chr22_29135543_G_A_PRS313_Unknown_combined,0.9323247332162617
