SNP,R2 Score
chr22_46283297_G_A_PRS313_Unknown_combined,0.19558880247673183
"chr22_38583315_AAAAG_AAAAGAAAG,AAAAGAAAGAAAG,A_PRS313_Unknown_combined",-0.024644484283735668
chr22_19766137_C_T_PRS313_Unknown_combined,0.7295473639337611
chr22_43433100_C_T_PRS313_Unknown_combined,-0.09814578088208314
chr22_45319953_G_A_PRS313_Unknown_combined,0.5536407469349998
chr22_29203724_C_T_PRS313_Unknown_combined,0.4676408111473277
chr22_29551872_A_G_PRS313_Unknown_combined,0.5866158823853012
chr22_29135543_G_A_PRS313_Unknown_combined,0.9024663197015662
