SNP,R2 Score
chr22_46283297_G_A_PRS313_Unknown_combined,-0.08049255600389627
chr22_39343916_T_A_PRS313_Known_combined,0.5039687912534287
"chr22_38583315_AAAAG_AAAAGAAAG,AAAAGAAAGAAAG,A_PRS313_Unknown_combined",0.5298255335883568
chr22_40904707_CT_C_PRS313_Unknown_combined,0.6342020888225761
chr22_19766137_C_T_PRS313_Unknown_combined,0.3750157908034357
chr22_43433100_C_T_PRS313_Unknown_combined,0.44770897239263363
chr22_45319953_G_A_PRS313_Unknown_combined,0.5104454478064542
chr22_29203724_C_T_PRS313_Unknown_combined,0.6189148073022274
chr22_29135543_G_A_PRS313_Unknown_combined,0.8231556653723964
chr22_29121087_A_G_PRS313_Known_combined,-0.0020000000000193197
chr22_29551872_A_G_PRS313_Unknown_combined,0.6646586345381476
