SNP,IQS Score
chr14_105213978_T_G_PRS313_Unknown_combined,0.8810113526094716
chr14_37228504_C_T_PRS313_Unknown_combined,0.8070498384412023
chr14_93070286_C_T_PRS313_Known_combined,0.04529316189597401
chr14_37128564_C_A_PRS313_Unknown_combined,0.9863155882111933
chr14_91841069_A_G_PRS313_Known_combined,0.18715140234980082
chr14_68660428_T_C_PRS313_Known_combined,0.2214133813185015
chr14_68979835_T_C_PRS313_Known_combined,0.01583985532100663
chr14_91751788_TC_T_PRS313_Unknown_combined,0.8857410739173402
