SNP,R2 Score
chr14_105213978_T_G_PRS313_Unknown_combined,0.8128311
chr14_37228504_C_T_PRS313_Unknown_combined,0.75770044
chr14_93070286_C_T_PRS313_Known_combined,0.6557927
chr14_37128564_C_A_PRS313_Unknown_combined,0.9775039
chr14_91841069_A_G_PRS313_Known_combined,0.9438916
chr14_68660428_T_C_PRS313_Known_combined,0.93843126
chr14_68979835_T_C_PRS313_Known_combined,0.80846345
chr14_91751788_TC_T_PRS313_Unknown_combined,0.8516781
