SNP,AUC Score
chr14_105213978_T_G_PRS313_Unknown_combined,0.9334243
chr14_37228504_C_T_PRS313_Unknown_combined,0.86553854
chr14_93070286_C_T_PRS313_Known_combined,0.87650156
chr14_37128564_C_A_PRS313_Unknown_combined,0.99577326
chr14_91841069_A_G_PRS313_Known_combined,0.9758873
chr14_68660428_T_C_PRS313_Known_combined,0.9798589
chr14_68979835_T_C_PRS313_Known_combined,0.90805554
chr14_91751788_TC_T_PRS313_Unknown_combined,0.9466443
