SNP,Accuracy Score
chr14_105213978_T_G_PRS313_Unknown_combined,0.9001996007984032
chr14_37228504_C_T_PRS313_Unknown_combined,0.8582834331337326
chr14_93070286_C_T_PRS313_Known_combined,0.9201596806387226
chr14_37128564_C_A_PRS313_Unknown_combined,0.9940119760479041
chr14_91841069_A_G_PRS313_Known_combined,0.9700598802395209
chr14_68660428_T_C_PRS313_Known_combined,0.9860279441117764
chr14_68979835_T_C_PRS313_Known_combined,0.9620758483033932
chr14_91751788_TC_T_PRS313_Unknown_combined,0.9281437125748503
