SNP,R2 Score
chr14_105213978_T_G_PRS313_Unknown_combined,0.79290605
chr14_37228504_C_T_PRS313_Unknown_combined,0.74490887
chr14_93070286_C_T_PRS313_Known_combined,0.6212834
chr14_37128564_C_A_PRS313_Unknown_combined,0.9753155
chr14_91841069_A_G_PRS313_Known_combined,0.9361164
chr14_68660428_T_C_PRS313_Known_combined,0.9285429
chr14_68979835_T_C_PRS313_Known_combined,0.79153657
chr14_91751788_TC_T_PRS313_Unknown_combined,0.8449421
