SNP,IQS Score
chr14_105213978_T_G_PRS313_Unknown_combined,0.8408932734213993
chr14_37228504_C_T_PRS313_Unknown_combined,0.7693552205824322
chr14_93070286_C_T_PRS313_Known_combined,0.7382855351825733
chr14_37128564_C_A_PRS313_Unknown_combined,0.9863699431400821
chr14_91841069_A_G_PRS313_Known_combined,0.9573886418313042
chr14_68660428_T_C_PRS313_Known_combined,0.9682311057966682
chr14_68979835_T_C_PRS313_Known_combined,0.886536742356517
chr14_91751788_TC_T_PRS313_Unknown_combined,0.8858437662189703
