SNP,R2 Score
chr14_105213978_T_G_PRS313_Unknown_combined,0.8254552330819518
chr14_37228504_C_T_PRS313_Unknown_combined,0.7877651659244547
chr14_93070286_C_T_PRS313_Known_combined,0.0009777396363350732
chr14_37128564_C_A_PRS313_Unknown_combined,0.9788350387766025
chr14_91841069_A_G_PRS313_Known_combined,0.3049089146387499
chr14_68660428_T_C_PRS313_Known_combined,0.030019201659018058
chr14_68979835_T_C_PRS313_Known_combined,0.03210555821743011
chr14_91751788_TC_T_PRS313_Unknown_combined,0.8623616247712849
