SNP,R2 Score
chr14_105213978_T_G_PRS313_Unknown_combined,0.82545537
chr14_37228504_C_T_PRS313_Unknown_combined,0.7877649
chr14_93070286_C_T_PRS313_Known_combined,0.0009762049
chr14_37128564_C_A_PRS313_Unknown_combined,0.9788349
chr14_91841069_A_G_PRS313_Known_combined,0.30490893
chr14_68660428_T_C_PRS313_Known_combined,0.030024767
chr14_68979835_T_C_PRS313_Known_combined,0.03210032
chr14_91751788_TC_T_PRS313_Unknown_combined,0.8623621
