SNP,R2 Score
chr14_105213978_T_G_PRS313_Unknown_combined,0.8006754
chr14_37228504_C_T_PRS313_Unknown_combined,0.74786764
chr14_93070286_C_T_PRS313_Known_combined,0.6258713
chr14_37128564_C_A_PRS313_Unknown_combined,0.9755457
chr14_91841069_A_G_PRS313_Known_combined,0.9361374
chr14_68660428_T_C_PRS313_Known_combined,0.9292107
chr14_68979835_T_C_PRS313_Known_combined,0.7935466
chr14_91751788_TC_T_PRS313_Unknown_combined,0.8471485
