SNP,R2 Score
chr2_218292158_C_G_PRS313_Unknown_combined,0.833498544408671
chr2_172974566_C_G_PRS313_Unknown_combined,0.31701210856211404
chr2_88358825_G_C_PRS313_Unknown_combined,0.38250891862133907
chr2_202204741_T_C_PRS313_Unknown_combined,0.8424050239609524
chr2_174212910_A_G_PRS313_Unknown_combined,0.7336423071360723
chr2_121246568_T_C_PRS313_Unknown_combined,0.9995567094827981
chr2_29179452_G_C_PRS313_Unknown_combined,0.9295081300475437
chr2_29615233_T_C_PRS313_Unknown_combined,0.6591204904673158
chr2_10138983_T_C_PRS313_Unknown_combined,0.3855231827803567
chr2_39699510_C_CT_PRS313_Unknown_combined,0.4814117155534434
chr2_121058254_A_G_PRS313_Unknown_combined,0.954828854521337
chr2_241388857_C_A_PRS313_Unknown_combined,0.0
chr2_121159205_G_A_PRS313_Unknown_combined,0.6740540531910101
chr2_217955896_GA_G_PRS313_Unknown_combined,0.9182983548589091
chr2_70172587_G_A_PRS313_Unknown_combined,0.14079725509699292
chr2_19315675_T_A_PRS313_Unknown_combined,0.7087970358246249
chr2_218714845_G_A_PRS313_Unknown_combined,-0.01928044664661699
