SNP,IQS Score
chr2_218292158_C_G_PRS313_Unknown_combined,0.8889592502295539
chr2_172974566_C_G_PRS313_Unknown_combined,0.5555138155107784
chr2_88358825_G_C_PRS313_Unknown_combined,0.6023522620679702
chr2_202204741_T_C_PRS313_Unknown_combined,0.8814842350714741
chr2_174212910_A_G_PRS313_Unknown_combined,0.793855438211494
chr2_121246568_T_C_PRS313_Unknown_combined,1.0
chr2_29179452_G_C_PRS313_Unknown_combined,0.9638855293825538
chr2_29615233_T_C_PRS313_Unknown_combined,0.77319666880205
chr2_10138983_T_C_PRS313_Unknown_combined,0.5638016298669639
chr2_39699510_C_CT_PRS313_Unknown_combined,0.6844653506268573
chr2_121058254_A_G_PRS313_Unknown_combined,0.9780208531360132
chr2_241388857_C_A_PRS313_Unknown_combined,nan
chr2_121159205_G_A_PRS313_Unknown_combined,0.7865288696916277
chr2_217955896_GA_G_PRS313_Unknown_combined,0.9539183222958058
chr2_70172587_G_A_PRS313_Unknown_combined,0.3885516460199581
chr2_19315675_T_A_PRS313_Unknown_combined,0.8127432227425632
chr2_218714845_G_A_PRS313_Unknown_combined,0.333733897327437
