SNP,R2 Score
chr4_106069013_G_T_PRS313_Unknown_combined,0.9844170932964642
chr4_38784633_G_T_PRS313_Unknown_combined,0.9686699727206335
chr4_175847436_C_A_PRS313_Unknown_combined,0.7810370851234844
chr4_175842495_G_A_PRS313_Unknown_combined,0.9761483652799311
chr4_151218296_CATATTT_C_PRS313_Unknown_combined,0.8395673862186344
chr4_89240476_G_A_PRS313_Unknown_combined,0.9876928432317388
chr4_143467195_C_T_PRS313_Unknown_combined,-0.18907830459014274
"chr4_187503758_A_G,T_PRS313_Unknown_combined",0.795127663190268
"chr4_126752992_A_AAT,AATAT_PRS313_Unknown_combined",0.34573330653631196
chr4_92594859_TTCTTTC_T_PRS313_Unknown_combined,0.33192242984785636
