SNP,IQS Score
chr4_106069013_G_T_PRS313_Unknown_combined,0.9877110502432442
chr4_38784633_G_T_PRS313_Unknown_combined,0.982898397364783
chr4_175847436_C_A_PRS313_Unknown_combined,0.8746604717655467
chr4_175842495_G_A_PRS313_Unknown_combined,0.9878377394217464
chr4_151218296_CATATTT_C_PRS313_Unknown_combined,0.9134832992501704
chr4_89240476_G_A_PRS313_Unknown_combined,0.9920121173469388
chr4_143467195_C_T_PRS313_Unknown_combined,0.3146205893590014
"chr4_187503758_A_G,T_PRS313_Unknown_combined",0.8696263141459352
"chr4_126752992_A_AAT,AATAT_PRS313_Unknown_combined",0.6250590830313534
chr4_92594859_TTCTTTC_T_PRS313_Unknown_combined,0.6011420933135448
