SNP,R2 Score
chr10_38523626_C_A_PRS313_Unknown_combined,0.98755905520334
chr10_123340107_A_G_PRS313_Unknown_combined,0.9418190745573467
"chr10_22861490_A_C,T_PRS313_Unknown_combined",0.9516385027753915
chr10_123349324_A_T_PRS313_Unknown_combined,0.9062624276958673
chr10_123095209_G_A_PRS313_Unknown_combined,0.5415086939469211
chr10_13892298_G_A_PRS313_Unknown_combined,0.9284634488436605
chr10_5794652_A_G_PRS313_Unknown_combined,0.9824919851693352
chr10_115128491_T_C_PRS313_Known_combined,0.892697937111336
chr10_22032942_A_G_PRS313_Known_combined,0.6065280160951714
chr10_64299890_A_G_PRS313_Unknown_combined,0.9323155629958126
chr10_80886726_A_G_PRS313_Unknown_combined,0.9499550950173262
chr10_123340431_GC_G_PRS313_Unknown_combined,0.8183626602229551
chr10_80851257_G_T_PRS313_Known_combined,0.9974121736583222
chr10_22477776_ACC_A_PRS313_Unknown_combined,0.9710439218037583
chr10_95292187_CAA_C_PRS313_Unknown_combined,0.9809401439678807
chr10_71335574_C_T_PRS313_Unknown_combined,0.9908646439467222
chr10_64819996_G_T_PRS313_Known_combined,0.9963197908597986
chr10_114777670_C_T_PRS313_Unknown_combined,0.8043405546218487
