SNP,AUC Score
chr10_38523626_C_A_PRS313_Unknown_combined,0.9961897250681572
chr10_123340107_A_G_PRS313_Unknown_combined,0.977332248118607
"chr10_22861490_A_C,T_PRS313_Unknown_combined",0.98096732668161
chr10_123349324_A_T_PRS313_Unknown_combined,0.9369316737953935
chr10_123095209_G_A_PRS313_Unknown_combined,0.9631680667776806
chr10_13892298_G_A_PRS313_Unknown_combined,0.9594079519197397
chr10_5794652_A_G_PRS313_Unknown_combined,0.9959634836798661
chr10_115128491_T_C_PRS313_Known_combined,0.952728191711317
chr10_22032942_A_G_PRS313_Known_combined,0.8060516332673512
chr10_64299890_A_G_PRS313_Unknown_combined,0.9660442496096606
chr10_80886726_A_G_PRS313_Unknown_combined,0.9748936563330597
chr10_123340431_GC_G_PRS313_Unknown_combined,0.9330702682791655
chr10_80851257_G_T_PRS313_Known_combined,0.9985258339290959
chr10_22477776_ACC_A_PRS313_Unknown_combined,0.9820439580163983
chr10_95292187_CAA_C_PRS313_Unknown_combined,0.9910135207641438
chr10_71335574_C_T_PRS313_Unknown_combined,0.9982265180541042
chr10_64819996_G_T_PRS313_Known_combined,0.998843098883389
chr10_114777670_C_T_PRS313_Unknown_combined,0.9747478991596639
