SNP,R2 Score
chr10_38523626_C_A_PRS313_Unknown_combined,0.9845059533013762
chr10_123340107_A_G_PRS313_Unknown_combined,0.9379376982029598
"chr10_22861490_A_C,T_PRS313_Unknown_combined",0.942063701843653
chr10_123349324_A_T_PRS313_Unknown_combined,0.8890146946611859
chr10_123095209_G_A_PRS313_Unknown_combined,0.5415086939469211
chr10_13892298_G_A_PRS313_Unknown_combined,0.9145317529780006
chr10_5794652_A_G_PRS313_Unknown_combined,0.9815170073046557
chr10_115128491_T_C_PRS313_Known_combined,0.8602669256037848
chr10_22032942_A_G_PRS313_Known_combined,0.48579426172148354
chr10_64299890_A_G_PRS313_Unknown_combined,0.9026307885298327
chr10_80886726_A_G_PRS313_Unknown_combined,0.9405449453314134
chr10_123340431_GC_G_PRS313_Unknown_combined,0.7855935034027806
chr10_80851257_G_T_PRS313_Known_combined,0.9969425492182447
chr10_22477776_ACC_A_PRS313_Unknown_combined,0.9570869462087869
chr10_95292187_CAA_C_PRS313_Unknown_combined,0.9774834833935072
chr10_71335574_C_T_PRS313_Unknown_combined,0.9906801101272417
chr10_64819996_G_T_PRS313_Known_combined,0.9961953797785574
chr10_114777670_C_T_PRS313_Unknown_combined,0.7473949579831933
