SNP,R2 Score
chr10_38523626_C_A_PRS313_Unknown_combined,0.9876582581677643
chr10_123340107_A_G_PRS313_Unknown_combined,0.9421216421338695
"chr10_22861490_A_C,T_PRS313_Unknown_combined",0.9531311909862599
chr10_123349324_A_T_PRS313_Unknown_combined,0.9067786166533778
chr10_123095209_G_A_PRS313_Unknown_combined,0.6772575070648047
chr10_13892298_G_A_PRS313_Unknown_combined,0.9288076566068088
chr10_5794652_A_G_PRS313_Unknown_combined,0.9827066237280697
chr10_115128491_T_C_PRS313_Known_combined,0.893862974008816
chr10_22032942_A_G_PRS313_Known_combined,0.6209627311230338
chr10_64299890_A_G_PRS313_Unknown_combined,0.9323308337873021
chr10_80886726_A_G_PRS313_Unknown_combined,0.9500419331644171
chr10_123340431_GC_G_PRS313_Unknown_combined,0.8201699965178129
chr10_80851257_G_T_PRS313_Known_combined,0.9974262971994845
chr10_22477776_ACC_A_PRS313_Unknown_combined,0.971470219146746
chr10_95292187_CAA_C_PRS313_Unknown_combined,0.980986180332228
chr10_71335574_C_T_PRS313_Unknown_combined,0.9909840739868679
chr10_64819996_G_T_PRS313_Known_combined,0.9963378200882645
chr10_114777670_C_T_PRS313_Unknown_combined,0.8224656088267229
