SNP,Accuracy Score
chr10_38523626_C_A_PRS313_Unknown_combined,0.9960079840319361
chr10_123340107_A_G_PRS313_Unknown_combined,0.9700598802395209
"chr10_22861490_A_C,T_PRS313_Unknown_combined",0.9720558882235529
chr10_123349324_A_T_PRS313_Unknown_combined,0.9700598802395209
chr10_123095209_G_A_PRS313_Unknown_combined,0.9161676646706587
chr10_13892298_G_A_PRS313_Unknown_combined,0.9540918163672655
chr10_5794652_A_G_PRS313_Unknown_combined,0.9960079840319361
chr10_115128491_T_C_PRS313_Known_combined,0.9461077844311377
chr10_22032942_A_G_PRS313_Known_combined,0.8303393213572854
chr10_64299890_A_G_PRS313_Unknown_combined,0.9560878243512974
chr10_80886726_A_G_PRS313_Unknown_combined,0.9700598802395209
chr10_123340431_GC_G_PRS313_Unknown_combined,0.9241516966067864
chr10_80851257_G_T_PRS313_Known_combined,0.998003992015968
chr10_22477776_ACC_A_PRS313_Unknown_combined,0.9740518962075848
chr10_95292187_CAA_C_PRS313_Unknown_combined,0.9880239520958084
chr10_71335574_C_T_PRS313_Unknown_combined,0.998003992015968
chr10_64819996_G_T_PRS313_Known_combined,0.998003992015968
chr10_114777670_C_T_PRS313_Unknown_combined,0.9880239520958084
