SNP,IQS Score
chr10_38523626_C_A_PRS313_Unknown_combined,0.9894681521967627
chr10_123340107_A_G_PRS313_Unknown_combined,0.9515036138358287
"chr10_22861490_A_C,T_PRS313_Unknown_combined",0.9522402287893232
chr10_123349324_A_T_PRS313_Unknown_combined,0.9178580797481637
chr10_123095209_G_A_PRS313_Unknown_combined,0.760434455905458
chr10_13892298_G_A_PRS313_Unknown_combined,0.9272666447850126
chr10_5794652_A_G_PRS313_Unknown_combined,0.988516549005226
chr10_115128491_T_C_PRS313_Known_combined,0.899288984849049
chr10_22032942_A_G_PRS313_Known_combined,0.6801126760563381
chr10_64299890_A_G_PRS313_Unknown_combined,0.9251253345651671
chr10_80886726_A_G_PRS313_Unknown_combined,0.9517331740495963
chr10_123340431_GC_G_PRS313_Unknown_combined,0.859266541984225
chr10_80851257_G_T_PRS313_Known_combined,0.996956313068413
chr10_22477776_ACC_A_PRS313_Unknown_combined,0.9603928484553637
chr10_95292187_CAA_C_PRS313_Unknown_combined,0.9811255596089489
chr10_71335574_C_T_PRS313_Unknown_combined,0.9946689650769328
chr10_64819996_G_T_PRS313_Known_combined,0.9968654979541274
chr10_114777670_C_T_PRS313_Unknown_combined,0.8825964693016718
