SNP,R2 Score
chr22_46283297_G_A_PRS313_Unknown_combined,0.932576466176099
chr22_39343916_T_A_PRS313_Known_combined,1.0
"chr22_38583315_AAAAG_AAAAGAAAG,AAAAGAAAGAAAG,A_PRS313_Unknown_combined",1.0
chr22_40904707_CT_C_PRS313_Unknown_combined,1.0
chr22_19766137_C_T_PRS313_Unknown_combined,0.9811873493975903
chr22_43433100_C_T_PRS313_Unknown_combined,0.49400271709985344
chr22_45319953_G_A_PRS313_Unknown_combined,1.0
chr22_29203724_C_T_PRS313_Unknown_combined,0.9268618885114759
chr22_29135543_G_A_PRS313_Unknown_combined,0.9747410899156441
chr22_29121087_A_G_PRS313_Known_combined,0.9562823564593301
chr22_29551872_A_G_PRS313_Unknown_combined,0.7064413260052873
