SNP,R2 Score
chr22_46283297_G_A_PRS313_Unknown_combined,0.9326432748903722
chr22_39343916_T_A_PRS313_Known_combined,1.0
"chr22_38583315_AAAAG_AAAAGAAAG,AAAAGAAAGAAAG,A_PRS313_Unknown_combined",0.9999999999999987
chr22_40904707_CT_C_PRS313_Unknown_combined,0.9999999999999847
chr22_19766137_C_T_PRS313_Unknown_combined,0.9816666514357271
chr22_43433100_C_T_PRS313_Unknown_combined,0.5918740723528138
chr22_45319953_G_A_PRS313_Unknown_combined,0.9999999999999956
chr22_29203724_C_T_PRS313_Unknown_combined,0.9277055791227167
chr22_29135543_G_A_PRS313_Unknown_combined,0.9747782418467783
chr22_29121087_A_G_PRS313_Known_combined,0.9563538348564748
chr22_29551872_A_G_PRS313_Unknown_combined,0.7094992123387973
