SNP,R2 Score
chr22_46283297_G_A_PRS313_Unknown_combined,0.9090212860030318
chr22_39343916_T_A_PRS313_Known_combined,1.0
"chr22_38583315_AAAAG_AAAAGAAAG,AAAAGAAAGAAAG,A_PRS313_Unknown_combined",1.0
chr22_40904707_CT_C_PRS313_Unknown_combined,1.0
chr22_19766137_C_T_PRS313_Unknown_combined,1.0
chr22_43433100_C_T_PRS313_Unknown_combined,0.49400271709985344
chr22_45319953_G_A_PRS313_Unknown_combined,1.0
chr22_29203724_C_T_PRS313_Unknown_combined,0.9125265864575728
chr22_29135543_G_A_PRS313_Unknown_combined,0.9519746932515337
chr22_29121087_A_G_PRS313_Known_combined,0.9577970213626255
chr22_29551872_A_G_PRS313_Unknown_combined,0.6514540141922918
