SNP,R2 Score
chr18_29981526_G_A_PRS313_Unknown_combined,0.745103027219538
chr18_42888797_T_C_PRS313_Unknown_combined,0.6309981218467284
chr18_24337424_C_G_PRS313_Known_combined,0.4771228187359101
chr18_24125857_T_C_PRS313_Unknown_combined,0.564036423532337
chr18_24518050_AT_A_PRS313_Unknown_combined,0.6685873444163966
chr18_11696613_C_T_PRS313_Known_combined,0.7732436864545759
chr18_25407513_C_G_PRS313_Unknown_combined,0.6922559944499844
chr18_20634253_C_T_PRS313_Unknown_combined,0.6577639668358786
chr18_42411803_G_C_PRS313_Unknown_combined,0.7665252262637671
