SNP,IQS Score
chr18_29981526_G_A_PRS313_Unknown_combined,0.8617573510390619
chr18_42888797_T_C_PRS313_Unknown_combined,0.6582660204631126
chr18_24337424_C_G_PRS313_Known_combined,0.6297653512113363
chr18_24125857_T_C_PRS313_Unknown_combined,0.660371566527036
chr18_24518050_AT_A_PRS313_Unknown_combined,0.737793876623466
chr18_11696613_C_T_PRS313_Known_combined,0.7497792318716795
chr18_25407513_C_G_PRS313_Unknown_combined,0.735498537276166
chr18_20634253_C_T_PRS313_Unknown_combined,0.6884062389483053
chr18_42411803_G_C_PRS313_Unknown_combined,0.8283086080173152
