SNP,IQS Score
chr16_6963972_C_G_PRS313_Unknown_combined,0.6344891141573552
chr16_23007047_G_T_PRS313_Unknown_combined,0.9401469446269638
chr16_53861139_C_T_PRS313_Unknown_combined,0.9776767811789862
chr16_53861592_G_A_PRS313_Unknown_combined,0.8682493007243779
chr16_87086492_T_C_PRS313_Unknown_combined,0.8550766560601677
chr16_4008542_CAAAAA_C_PRS313_Unknown_combined,0.2173621959384029
chr16_80648296_A_G_PRS313_Unknown_combined,0.06130718954248358
chr16_52538825_C_A_PRS313_Unknown_combined,0.8619311722759998
chr16_10706580_G_A_PRS313_Unknown_combined,0.9749908482811408
chr16_4106788_C_A_PRS313_Unknown_combined,0.8340807174887893
chr16_85145977_T_C_PRS313_Unknown_combined,0.851923266386117
