SNP,R2 Score
chr16_6963972_C_G_PRS313_Unknown_combined,0.37763813542673696
chr16_23007047_G_T_PRS313_Unknown_combined,0.8931055605889795
chr16_53861139_C_T_PRS313_Unknown_combined,0.9826466516078826
chr16_53861592_G_A_PRS313_Unknown_combined,0.788951692493571
chr16_87086492_T_C_PRS313_Unknown_combined,0.7793211200993493
chr16_4008542_CAAAAA_C_PRS313_Unknown_combined,0.031531516029559614
chr16_80648296_A_G_PRS313_Unknown_combined,-0.20438094568863474
chr16_52538825_C_A_PRS313_Unknown_combined,0.7796519111616119
chr16_10706580_G_A_PRS313_Unknown_combined,0.9634110925975394
chr16_4106788_C_A_PRS313_Unknown_combined,0.7458512849798344
chr16_85145977_T_C_PRS313_Unknown_combined,0.7591760615167273
