SNP,R2 Score
chr16_6963972_C_G_PRS313_Unknown_combined,0.520838490447152
chr16_23007047_G_T_PRS313_Unknown_combined,-0.06905475347317847
chr16_53861139_C_T_PRS313_Unknown_combined,0.8594604703352193
chr16_53861592_G_A_PRS313_Unknown_combined,0.6435163223942402
chr16_87086492_T_C_PRS313_Unknown_combined,0.7000000000000015
chr16_4008542_CAAAAA_C_PRS313_Unknown_combined,-0.11956358446630055
chr16_54682064_G_A_PRS313_Known_combined,-0.25015349737872805
chr16_52599188_C_T_PRS313_Known_combined,0.6763424141555706
chr16_80648296_A_G_PRS313_Unknown_combined,0.7945626768360207
chr16_52538825_C_A_PRS313_Unknown_combined,0.6589184983466261
chr16_10706580_G_A_PRS313_Unknown_combined,0.7438650306748442
chr16_4106788_C_A_PRS313_Unknown_combined,0.4176602924634457
chr16_85145977_T_C_PRS313_Unknown_combined,0.22786130591038278
chr16_53809123_C_T_PRS313_Known_combined,0.3970888808236728
