SNP,IQS Score
chr16_6963972_C_G_PRS313_Unknown_combined,0.5660974600303509
chr16_23007047_G_T_PRS313_Unknown_combined,0.39958515787047705
chr16_53861139_C_T_PRS313_Unknown_combined,0.9259452310564805
chr16_53861592_G_A_PRS313_Unknown_combined,0.4554809022386585
chr16_87086492_T_C_PRS313_Unknown_combined,0.45006288028030794
chr16_4008542_CAAAAA_C_PRS313_Unknown_combined,0.2549562237169955
chr16_54682064_G_A_PRS313_Known_combined,0.048040124078475584
chr16_52599188_C_T_PRS313_Known_combined,0.47558053053466653
chr16_80648296_A_G_PRS313_Unknown_combined,0.6452562727406567
chr16_52538825_C_A_PRS313_Unknown_combined,0.44741113793390497
chr16_10706580_G_A_PRS313_Unknown_combined,0.5644892701165676
chr16_4106788_C_A_PRS313_Unknown_combined,0.24111285807416505
chr16_85145977_T_C_PRS313_Unknown_combined,0.11654972714110699
chr16_53809123_C_T_PRS313_Known_combined,0.1349983627541452
