SNP,R2 Score
chr16_6963972_C_G_PRS313_Unknown_combined,0.3460854693161133
chr16_23007047_G_T_PRS313_Unknown_combined,-1.1153636611277786
chr16_53861139_C_T_PRS313_Unknown_combined,0.888739539015382
chr16_53861592_G_A_PRS313_Unknown_combined,0.16820475225322717
chr16_87086492_T_C_PRS313_Unknown_combined,-0.053488372093018155
chr16_4008542_CAAAAA_C_PRS313_Unknown_combined,-0.5052955757530091
chr16_54682064_G_A_PRS313_Known_combined,-0.3171964294148113
chr16_52599188_C_T_PRS313_Known_combined,0.16617028731604633
chr16_80648296_A_G_PRS313_Unknown_combined,0.4812707590109522
chr16_52538825_C_A_PRS313_Unknown_combined,0.03157216494845627
chr16_10706580_G_A_PRS313_Unknown_combined,0.1496319018404827
chr16_4106788_C_A_PRS313_Unknown_combined,-0.577952755905502
chr16_85145977_T_C_PRS313_Unknown_combined,-0.011535407104301898
chr16_53809123_C_T_PRS313_Known_combined,-0.4307176558231893
