SNP,IQS Score
chr16_6963972_C_G_PRS313_Unknown_combined,0.5722240784051678
chr16_23007047_G_T_PRS313_Unknown_combined,0.851994091580502
chr16_53861139_C_T_PRS313_Unknown_combined,0.9776767811789862
chr16_53861592_G_A_PRS313_Unknown_combined,0.8602710908178146
chr16_87086492_T_C_PRS313_Unknown_combined,0.8408896245753497
chr16_4008542_CAAAAA_C_PRS313_Unknown_combined,0.24737105658488093
chr16_54682064_G_A_PRS313_Known_combined,0.06247013855709521
chr16_52599188_C_T_PRS313_Known_combined,0.8401693410013883
chr16_80648296_A_G_PRS313_Unknown_combined,0.9708974731338947
chr16_52538825_C_A_PRS313_Unknown_combined,0.7886132880881204
chr16_10706580_G_A_PRS313_Unknown_combined,0.8315494536284672
chr16_4106788_C_A_PRS313_Unknown_combined,0.7142704378976633
chr16_85145977_T_C_PRS313_Unknown_combined,0.48152483713355054
chr16_53809123_C_T_PRS313_Known_combined,0.6859838731535438
