SNP,R2 Score
chr16_6963972_C_G_PRS313_Unknown_combined,0.31226230393591226
chr16_23007047_G_T_PRS313_Unknown_combined,0.4995913919912782
chr16_53861592_G_A_PRS313_Unknown_combined,0.6543188580792632
chr16_87086492_T_C_PRS313_Unknown_combined,0.6093023255813972
chr16_4008542_CAAAAA_C_PRS313_Unknown_combined,-0.3359498234807956
chr16_54682064_G_A_PRS313_Known_combined,0.2743588532565111
chr16_52599188_C_T_PRS313_Known_combined,0.5995423090399433
chr16_80648296_A_G_PRS313_Unknown_combined,0.830514208389717
chr16_52538825_C_A_PRS313_Unknown_combined,0.5553758996304233
chr16_10706580_G_A_PRS313_Unknown_combined,0.6209202453987694
chr16_4106788_C_A_PRS313_Unknown_combined,0.27990251218598117
chr16_85145977_T_C_PRS313_Unknown_combined,0.2312330906007305
chr16_53809123_C_T_PRS313_Known_combined,0.9234398578823712
chr16_53861139_C_T_PRS313_Unknown_combined,0.8418930291271218
