SNP,R2 Score
chr16_6963972_C_G_PRS313_Unknown_combined,0.20955487039232368
chr16_23007047_G_T_PRS313_Unknown_combined,0.7640187654666823
chr16_53861139_C_T_PRS313_Unknown_combined,0.9864150577067249
chr16_53861592_G_A_PRS313_Unknown_combined,0.7708736502099003
chr16_87086492_T_C_PRS313_Unknown_combined,0.747643766120121
chr16_4008542_CAAAAA_C_PRS313_Unknown_combined,0.11372227579479532
chr16_54682064_G_A_PRS313_Known_combined,-0.2658648843274971
chr16_52599188_C_T_PRS313_Known_combined,0.7403970836323749
chr16_80648296_A_G_PRS313_Unknown_combined,0.9453969400932843
chr16_52538825_C_A_PRS313_Unknown_combined,0.6919027987869395
chr16_10706580_G_A_PRS313_Unknown_combined,0.6975542210838465
chr16_4106788_C_A_PRS313_Unknown_combined,0.5181593452866438
chr16_85145977_T_C_PRS313_Unknown_combined,0.26975558601599847
chr16_53809123_C_T_PRS313_Known_combined,0.5372711185008026
