SNP,IQS Score
chr16_6963972_C_G_PRS313_Unknown_combined,0.5745551395375766
chr16_23007047_G_T_PRS313_Unknown_combined,0.6430821147356582
chr16_53861592_G_A_PRS313_Unknown_combined,0.7704631684444124
chr16_87086492_T_C_PRS313_Unknown_combined,0.7509800243833819
chr16_4008542_CAAAAA_C_PRS313_Unknown_combined,0.2523074803691968
chr16_54682064_G_A_PRS313_Known_combined,0.44943597076580877
chr16_52599188_C_T_PRS313_Known_combined,0.7151929573804573
chr16_80648296_A_G_PRS313_Unknown_combined,0.8725249814951888
chr16_52538825_C_A_PRS313_Unknown_combined,0.688809284754012
chr16_10706580_G_A_PRS313_Unknown_combined,0.8059670525747955
chr16_4106788_C_A_PRS313_Unknown_combined,0.5663759201371382
chr16_85145977_T_C_PRS313_Unknown_combined,0.40614157478176044
chr16_53809123_C_T_PRS313_Known_combined,0.9390520217149984
chr16_53861139_C_T_PRS313_Unknown_combined,0.8967388815096414
