SNP,IQS Score
chr16_6963972_C_G_PRS313_Unknown_combined,0.16966067864271456
chr16_23007047_G_T_PRS313_Unknown_combined,0.07784431137724551
chr16_53861139_C_T_PRS313_Unknown_combined,0.04790419161676647
chr16_53861592_G_A_PRS313_Unknown_combined,0.1317365269461078
chr16_87086492_T_C_PRS313_Unknown_combined,0.08183632734530938
chr16_4008542_CAAAAA_C_PRS313_Unknown_combined,0.2215568862275449
chr16_54682064_G_A_PRS313_Known_combined,0.5249500998003992
chr16_52599188_C_T_PRS313_Known_combined,0.11776447105788423
chr16_80648296_A_G_PRS313_Unknown_combined,0.07984031936127745
chr16_52538825_C_A_PRS313_Unknown_combined,0.11177644710578842
chr16_10706580_G_A_PRS313_Unknown_combined,0.0499001996007984
chr16_4106788_C_A_PRS313_Unknown_combined,0.17764471057884232
chr16_85145977_T_C_PRS313_Unknown_combined,0.42115768463073855
chr16_53809123_C_T_PRS313_Known_combined,0.23552894211576847
