SNP,R2 Score
chr16_6963972_C_G_PRS313_Unknown_combined,0.3978846418934041
chr16_23007047_G_T_PRS313_Unknown_combined,0.7976581632391315
chr16_53861139_C_T_PRS313_Unknown_combined,0.987288292168769
chr16_53861592_G_A_PRS313_Unknown_combined,0.7872590383811094
chr16_87086492_T_C_PRS313_Unknown_combined,0.7915866137921121
chr16_4008542_CAAAAA_C_PRS313_Unknown_combined,0.07876015884233756
chr16_80648296_A_G_PRS313_Unknown_combined,-0.16372907351080035
chr16_52538825_C_A_PRS313_Unknown_combined,0.812425538092999
chr16_10706580_G_A_PRS313_Unknown_combined,0.9653132987358796
chr16_4106788_C_A_PRS313_Unknown_combined,0.7692624680357841
chr16_85145977_T_C_PRS313_Unknown_combined,0.7738622261889649
