SNP,IQS Score
chr14_105213978_T_G_PRS313_Unknown_combined,0.995438529403731
chr14_37228504_C_T_PRS313_Unknown_combined,0.9282379826942984
chr14_93070286_C_T_PRS313_Known_combined,0.9909680908599243
chr14_37128564_C_A_PRS313_Unknown_combined,0.9590480750143044
chr14_91841069_A_G_PRS313_Known_combined,0.9618687605444421
chr14_68660428_T_C_PRS313_Known_combined,0.9878391417006996
chr14_68979835_T_C_PRS313_Known_combined,0.9484116768779283
chr14_91751788_TC_T_PRS313_Unknown_combined,0.9455834034811417
