SNP,R2 Score
chr14_105213978_T_G_PRS313_Unknown_combined,0.993227899432279
chr14_37228504_C_T_PRS313_Unknown_combined,0.9134796533534288
chr14_93070286_C_T_PRS313_Known_combined,0.9868968222832484
chr14_37128564_C_A_PRS313_Unknown_combined,0.9415577922943608
chr14_91841069_A_G_PRS313_Known_combined,0.9525822633056756
chr14_68660428_T_C_PRS313_Known_combined,0.9875365383419367
chr14_68979835_T_C_PRS313_Known_combined,0.9233798508889314
chr14_91751788_TC_T_PRS313_Unknown_combined,0.9308321540744832
