SNP,Accuracy Score
chr14_105213978_T_G_PRS313_Unknown_combined,0.998003992015968
chr14_37228504_C_T_PRS313_Unknown_combined,0.9560878243512974
chr14_93070286_C_T_PRS313_Known_combined,0.9960079840319361
chr14_37128564_C_A_PRS313_Unknown_combined,0.9860279441117764
chr14_91841069_A_G_PRS313_Known_combined,0.9760479041916168
chr14_68660428_T_C_PRS313_Known_combined,0.9920159680638723
chr14_68979835_T_C_PRS313_Known_combined,0.9840319361277445
chr14_91751788_TC_T_PRS313_Unknown_combined,0.9680638722554891
