SNP,AUC Score
chr14_105213978_T_G_PRS313_Unknown_combined,0.9976262626262625
chr14_37228504_C_T_PRS313_Unknown_combined,0.9590743099711455
chr14_93070286_C_T_PRS313_Known_combined,0.9966973416829338
chr14_37128564_C_A_PRS313_Unknown_combined,0.9701064973163822
chr14_91841069_A_G_PRS313_Known_combined,0.9820409479901454
chr14_68660428_T_C_PRS313_Known_combined,0.9936665075662633
chr14_68979835_T_C_PRS313_Known_combined,0.9814763830931413
chr14_91751788_TC_T_PRS313_Unknown_combined,0.9784115873779061
