SNP,R2 Score
chr14_105213978_T_G_PRS313_Unknown_combined,0.9925973760418859
chr14_37228504_C_T_PRS313_Unknown_combined,0.9393282631486907
chr14_93070286_C_T_PRS313_Known_combined,0.9895993092035045
chr14_37128564_C_A_PRS313_Unknown_combined,0.9506893328648239
chr14_91841069_A_G_PRS313_Known_combined,0.9521520098663999
chr14_68660428_T_C_PRS313_Known_combined,0.9922171403867626
chr14_68979835_T_C_PRS313_Known_combined,0.9520399596737266
chr14_91751788_TC_T_PRS313_Unknown_combined,0.9412424698783752
