SNP,R2 Score
chr19_18569492_C_T_PRS313_Unknown_combined,0.9407295432139338
chr19_46166073_T_C_PRS313_Unknown_combined,0.5842038740330127
chr19_44283031_T_C_PRS313_Unknown_combined,0.9575575594420077
chr19_13249921_G_T_PRS313_Unknown_combined,0.7630832282471596
chr19_19517054_C_CGGGCG_PRS313_Unknown_combined,0.7746562334899275
chr19_17393925_C_A_PRS313_Unknown_combined,0.9001224617662974
chr19_55816678_C_T_PRS313_Unknown_combined,0.6960334720121031
