SNP,IQS Score
chr19_18569492_C_T_PRS313_Unknown_combined,0.9455145246266132
chr19_46166073_T_C_PRS313_Unknown_combined,0.6694869659898802
chr19_44283031_T_C_PRS313_Unknown_combined,0.9680844286836684
chr19_13249921_G_T_PRS313_Unknown_combined,0.8935024445546652
chr19_19517054_C_CGGGCG_PRS313_Unknown_combined,0.8053793077933369
chr19_17393925_C_A_PRS313_Unknown_combined,0.9330169128952471
chr19_55816678_C_T_PRS313_Unknown_combined,0.7788079470198676
