SNP,R2 Score
chr2_218292158_C_G_PRS313_Unknown_combined,0.7155994550408699
chr2_217920769_G_T_PRS313_Known_combined,0.7762289508419659
chr2_172974566_C_G_PRS313_Unknown_combined,0.7214308409235366
chr2_88358825_G_C_PRS313_Unknown_combined,0.14539101056606585
chr2_202204741_T_C_PRS313_Unknown_combined,0.7981841844323269
chr2_174212910_A_G_PRS313_Unknown_combined,0.733900835462663
chr2_121246568_T_C_PRS313_Unknown_combined,0.875332684193443
chr2_29615233_T_C_PRS313_Unknown_combined,0.4354169575363497
chr2_10138983_T_C_PRS313_Unknown_combined,0.6729968297382951
chr2_39699510_C_CT_PRS313_Unknown_combined,0.3501623123484989
chr2_25129473_A_G_PRS313_Known_combined,0.8368733893091695
chr2_121058254_A_G_PRS313_Unknown_combined,0.6989368258859793
chr2_241388857_C_A_PRS313_Unknown_combined,-0.14325557809331424
chr2_121159205_G_A_PRS313_Unknown_combined,0.5324088363684462
chr2_217955896_GA_G_PRS313_Unknown_combined,0.6520324608860955
chr2_192381934_C_T_PRS313_Known_combined,-0.11208927277119862
chr2_121089731_T_C_PRS313_Known_combined,-0.27274010302730556
chr2_70172587_G_A_PRS313_Unknown_combined,-0.2531118710307767
chr2_19315675_T_A_PRS313_Unknown_combined,0.7758426407715506
chr2_29179452_G_C_PRS313_Unknown_combined,0.8228737242345414
chr2_218714845_G_A_PRS313_Unknown_combined,0.1525042961477835
