SNP,IQS Score
chr2_218292158_C_G_PRS313_Unknown_combined,0.7716803068568064
chr2_217920769_G_T_PRS313_Known_combined,0.7989903707962058
chr2_172974566_C_G_PRS313_Unknown_combined,0.7901549753674931
chr2_88358825_G_C_PRS313_Unknown_combined,0.3968686318423017
chr2_202204741_T_C_PRS313_Unknown_combined,0.8589252063162
chr2_174212910_A_G_PRS313_Unknown_combined,0.8260922591963675
chr2_121246568_T_C_PRS313_Unknown_combined,0.9133211472931195
chr2_29615233_T_C_PRS313_Unknown_combined,0.6160664942414394
chr2_10138983_T_C_PRS313_Unknown_combined,0.835411354285625
chr2_39699510_C_CT_PRS313_Unknown_combined,0.46557262443575265
chr2_25129473_A_G_PRS313_Known_combined,0.8563532878241613
chr2_121058254_A_G_PRS313_Unknown_combined,0.7435725815977007
chr2_241388857_C_A_PRS313_Unknown_combined,-0.0035610950367269
chr2_121159205_G_A_PRS313_Unknown_combined,0.6395859243543784
chr2_217955896_GA_G_PRS313_Unknown_combined,0.7620190504762618
chr2_192381934_C_T_PRS313_Known_combined,0.30498181145570014
chr2_121089731_T_C_PRS313_Known_combined,0.260698475159862
chr2_70172587_G_A_PRS313_Unknown_combined,0.29836946425254013
chr2_19315675_T_A_PRS313_Unknown_combined,0.828602924406376
chr2_29179452_G_C_PRS313_Unknown_combined,0.8308424432382845
chr2_218714845_G_A_PRS313_Unknown_combined,0.3775819844777485
