SNP,R2 Score
chr8_143669254_A_G_PRS313_Unknown_maternal,0.6730593
chr8_143669254_A_G_PRS313_Unknown_paternal,0.7621906
chr8_124571581_G_A_PRS313_Unknown_maternal,0.7769916
chr8_124571581_G_A_PRS313_Unknown_paternal,0.7757015
chr8_76230943_A_G_PRS313_Unknown_maternal,0.9242096
chr8_76230943_A_G_PRS313_Unknown_paternal,0.92102337
chr8_128213561_C_CA_PRS313_Unknown_maternal,0.8176943
chr8_128213561_C_CA_PRS313_Unknown_paternal,0.80626273
chr8_124739913_T_G_PRS313_Unknown_maternal,0.6944486
chr8_124739913_T_G_PRS313_Unknown_paternal,0.6113496
chr8_23447496_A_G_PRS313_Unknown_maternal,0.9933973
chr8_23447496_A_G_PRS313_Unknown_paternal,0.9954335
chr8_102483100_T_C_PRS313_Unknown_maternal,0.9488647
chr8_102483100_T_C_PRS313_Unknown_paternal,0.9145994
chr8_120862186_A_G_PRS313_Unknown_maternal,0.04882461
chr8_120862186_A_G_PRS313_Unknown_paternal,0.115890026
chr8_124563705_T_C_PRS313_Unknown_maternal,0.9860759
chr8_124563705_T_C_PRS313_Unknown_paternal,0.97268206
chr8_128370949_C_G_PRS313_Unknown_maternal,0.9916942
chr8_128370949_C_G_PRS313_Unknown_paternal,0.97848517
chr8_17787610_CT_C_PRS313_Unknown_maternal,0.951891
chr8_17787610_CT_C_PRS313_Unknown_paternal,0.95316046
chr8_23663653_C_A_PRS313_Unknown_maternal,0.886204
chr8_23663653_C_A_PRS313_Unknown_paternal,0.88130116
chr8_129199566_G_A_PRS313_Unknown_maternal,0.33527297
chr8_129199566_G_A_PRS313_Unknown_paternal,0.35681194
