SNP,IQS Score
chr8_106358620_A_T_PRS313_Unknown_maternal,0.7505699237481329
chr8_106358620_A_T_PRS313_Unknown_paternal,0.777666833083708
chr8_143669254_A_G_PRS313_Unknown_maternal,0.8148117725334931
chr8_143669254_A_G_PRS313_Unknown_paternal,0.796155849228566
chr8_124563705_T_C_PRS313_Unknown_maternal,0.6835345311622685
chr8_124563705_T_C_PRS313_Unknown_paternal,0.5812937271663602
chr8_124571581_G_A_PRS313_Unknown_maternal,0.7965187119234116
chr8_124571581_G_A_PRS313_Unknown_paternal,0.8328301119023397
chr8_76230943_A_G_PRS313_Unknown_maternal,0.9889892529834506
chr8_76230943_A_G_PRS313_Unknown_paternal,1.0
chr8_128213561_C_CA_PRS313_Unknown_maternal,0.29674340258281867
chr8_128213561_C_CA_PRS313_Unknown_paternal,0.32130361476312536
chr8_124739913_T_G_PRS313_Unknown_maternal,1.0
chr8_124739913_T_G_PRS313_Unknown_paternal,0.9860612636674734
chr8_23447496_A_G_PRS313_Unknown_maternal,0.9269253208868146
chr8_23447496_A_G_PRS313_Unknown_paternal,0.9105798607830168
chr8_102483100_T_C_PRS313_Unknown_maternal,0.3645357686453579
chr8_102483100_T_C_PRS313_Unknown_paternal,0.4791244870041039
chr8_120862186_A_G_PRS313_Unknown_maternal,0.9745620715917745
chr8_120862186_A_G_PRS313_Unknown_paternal,0.9644420260711156
chr8_128370949_C_G_PRS313_Unknown_maternal,0.9879864757931083
chr8_128370949_C_G_PRS313_Unknown_paternal,0.9757974911837168
chr8_17787610_CT_C_PRS313_Unknown_maternal,0.6888758150708437
chr8_17787610_CT_C_PRS313_Unknown_paternal,0.6966249163399942
chr8_23663653_C_A_PRS313_Unknown_maternal,0.8974629761524671
chr8_23663653_C_A_PRS313_Unknown_paternal,0.9383020122657078
chr8_129199566_G_A_PRS313_Unknown_maternal,0.9831929954040726
chr8_129199566_G_A_PRS313_Unknown_paternal,0.9713926797236336
