SNP,R2 Score
chr8_106358620_A_T_PRS313_Unknown_maternal,0.6100340204397936
chr8_106358620_A_T_PRS313_Unknown_paternal,0.6970010959466698
chr8_143669254_A_G_PRS313_Unknown_maternal,0.7010674144430324
chr8_143669254_A_G_PRS313_Unknown_paternal,0.687601744384924
chr8_124563705_T_C_PRS313_Unknown_maternal,0.4496396236384659
chr8_124563705_T_C_PRS313_Unknown_paternal,0.279841919567145
chr8_124571581_G_A_PRS313_Unknown_maternal,0.7011335506670323
chr8_124571581_G_A_PRS313_Unknown_paternal,0.7406239374489874
chr8_76230943_A_G_PRS313_Unknown_maternal,0.9217147641779561
chr8_76230943_A_G_PRS313_Unknown_paternal,0.974583552207752
chr8_128213561_C_CA_PRS313_Unknown_maternal,-0.21587073554367575
chr8_128213561_C_CA_PRS313_Unknown_paternal,-0.19324968517080188
chr8_124739913_T_G_PRS313_Unknown_maternal,0.9851047497758144
chr8_124739913_T_G_PRS313_Unknown_paternal,0.977533013742651
chr8_128370949_C_G_PRS313_Unknown_maternal,0.975296238092409
chr8_128370949_C_G_PRS313_Unknown_paternal,0.947386765369091
chr8_23447496_A_G_PRS313_Unknown_maternal,0.8808586210226242
chr8_23447496_A_G_PRS313_Unknown_paternal,0.8595255909812379
chr8_102483100_T_C_PRS313_Unknown_maternal,0.16256970486910094
chr8_102483100_T_C_PRS313_Unknown_paternal,0.1577315237589174
chr8_120862186_A_G_PRS313_Unknown_maternal,0.9373149902225152
chr8_120862186_A_G_PRS313_Unknown_paternal,0.9430592648435046
chr8_17787610_CT_C_PRS313_Unknown_maternal,0.4803312370369497
chr8_17787610_CT_C_PRS313_Unknown_paternal,0.5221291719965612
chr8_23663653_C_A_PRS313_Unknown_maternal,0.8667322339087096
chr8_23663653_C_A_PRS313_Unknown_paternal,0.8786163039856271
chr8_129199566_G_A_PRS313_Unknown_maternal,0.9580923166550233
chr8_129199566_G_A_PRS313_Unknown_paternal,0.9302519192329085
