SNP,R2 Score
chr8_106358620_A_T_PRS313_Unknown_maternal,0.6426715001674128
chr8_106358620_A_T_PRS313_Unknown_paternal,0.7140919870272111
chr8_143669254_A_G_PRS313_Unknown_maternal,0.6981287194502348
chr8_143669254_A_G_PRS313_Unknown_paternal,0.6752250684867722
chr8_124563705_T_C_PRS313_Unknown_maternal,0.49732819008652296
chr8_124563705_T_C_PRS313_Unknown_paternal,0.35530028744762576
chr8_124571581_G_A_PRS313_Unknown_maternal,0.7043321915102874
chr8_124571581_G_A_PRS313_Unknown_paternal,0.734863438217757
chr8_76230943_A_G_PRS313_Unknown_maternal,0.9771034174708597
chr8_76230943_A_G_PRS313_Unknown_paternal,0.9987761464532932
chr8_128213561_C_CA_PRS313_Unknown_maternal,-0.0689740472860676
chr8_128213561_C_CA_PRS313_Unknown_paternal,-0.06386320679970203
chr8_124739913_T_G_PRS313_Unknown_maternal,0.994971754169706
chr8_124739913_T_G_PRS313_Unknown_paternal,0.9739392732385802
chr8_23447496_A_G_PRS313_Unknown_maternal,0.8739045399677778
chr8_23447496_A_G_PRS313_Unknown_paternal,0.8587799108109995
chr8_102483100_T_C_PRS313_Unknown_maternal,0.14237462094709386
chr8_102483100_T_C_PRS313_Unknown_paternal,0.1455833501412348
chr8_120862186_A_G_PRS313_Unknown_maternal,0.9434625531496205
chr8_120862186_A_G_PRS313_Unknown_paternal,0.9530945182948757
chr8_128370949_C_G_PRS313_Unknown_maternal,0.976498599465136
chr8_128370949_C_G_PRS313_Unknown_paternal,0.9623973880156829
chr8_17787610_CT_C_PRS313_Unknown_maternal,0.4766175667580068
chr8_17787610_CT_C_PRS313_Unknown_paternal,0.5317149458637629
chr8_23663653_C_A_PRS313_Unknown_maternal,0.8438115500077121
chr8_23663653_C_A_PRS313_Unknown_paternal,0.8968795691142875
chr8_129199566_G_A_PRS313_Unknown_maternal,0.9717259465922758
chr8_129199566_G_A_PRS313_Unknown_paternal,0.9439808427805734
