SNP,R2 Score
chr16_6963972_C_G_PRS313_Unknown_combined,0.6714487
chr16_23007047_G_T_PRS313_Unknown_combined,0.89941967
chr16_53861592_G_A_PRS313_Unknown_combined,0.7868084
chr16_87086492_T_C_PRS313_Unknown_combined,0.7447303
chr16_4008542_CAAAAA_C_PRS313_Unknown_combined,0.16619009
chr16_54682064_G_A_PRS313_Known_combined,0.5607415
chr16_52599188_C_T_PRS313_Known_combined,0.78713655
chr16_80648296_A_G_PRS313_Unknown_combined,0.95151776
chr16_52538825_C_A_PRS313_Unknown_combined,0.74707806
chr16_10706580_G_A_PRS313_Unknown_combined,0.7492823
chr16_4106788_C_A_PRS313_Unknown_combined,0.5564421
chr16_85145977_T_C_PRS313_Unknown_combined,0.41735485
chr16_53809123_C_T_PRS313_Known_combined,0.9865206
chr16_53861139_C_T_PRS313_Unknown_combined,0.9712337
