SNP,Accuracy Score
chr16_6963972_C_G_PRS313_Unknown_combined,0.8642714570858283
chr16_23007047_G_T_PRS313_Unknown_combined,0.9920159680638723
chr16_53861592_G_A_PRS313_Unknown_combined,0.9261477045908184
chr16_87086492_T_C_PRS313_Unknown_combined,0.9560878243512974
chr16_4008542_CAAAAA_C_PRS313_Unknown_combined,0.7644710578842315
chr16_54682064_G_A_PRS313_Known_combined,0.7325349301397206
chr16_52599188_C_T_PRS313_Known_combined,0.9261477045908184
chr16_80648296_A_G_PRS313_Unknown_combined,0.9880239520958084
chr16_52538825_C_A_PRS313_Unknown_combined,0.9021956087824351
chr16_10706580_G_A_PRS313_Unknown_combined,0.9700598802395209
chr16_4106788_C_A_PRS313_Unknown_combined,0.8023952095808383
chr16_85145977_T_C_PRS313_Unknown_combined,0.6147704590818364
chr16_53809123_C_T_PRS313_Known_combined,0.9960079840319361
chr16_53861139_C_T_PRS313_Unknown_combined,0.9960079840319361
