SNP,R2 Score
chr16_6963972_C_G_PRS313_Unknown_combined,0.6954732
chr16_23007047_G_T_PRS313_Unknown_combined,0.8895125
chr16_53861139_C_T_PRS313_Unknown_combined,0.9756152
chr16_53861592_G_A_PRS313_Unknown_combined,0.79905427
chr16_87086492_T_C_PRS313_Unknown_combined,0.763831
chr16_4008542_CAAAAA_C_PRS313_Unknown_combined,0.17817885
chr16_54682064_G_A_PRS313_Known_combined,-0.008522868
chr16_52599188_C_T_PRS313_Known_combined,0.8016671
chr16_80648296_A_G_PRS313_Unknown_combined,0.9606199
chr16_52538825_C_A_PRS313_Unknown_combined,0.76012623
chr16_10706580_G_A_PRS313_Unknown_combined,0.76838857
chr16_4106788_C_A_PRS313_Unknown_combined,0.6029155
chr16_85145977_T_C_PRS313_Unknown_combined,0.47366434
chr16_53809123_C_T_PRS313_Known_combined,0.5568618
