SNP,IQS Score
chr16_6963972_C_G_PRS313_Unknown_combined,0.7316899630471206
chr16_23007047_G_T_PRS313_Unknown_combined,0.9275613776351173
chr16_53861139_C_T_PRS313_Unknown_combined,0.9961870985418124
chr16_53861592_G_A_PRS313_Unknown_combined,0.8699808244063496
chr16_87086492_T_C_PRS313_Unknown_combined,0.9119898666765288
chr16_4008542_CAAAAA_C_PRS313_Unknown_combined,0.3092830882352942
chr16_54682064_G_A_PRS313_Known_combined,0.20218623481781378
chr16_52599188_C_T_PRS313_Known_combined,0.8601853033105824
chr16_80648296_A_G_PRS313_Unknown_combined,0.9770315186246421
chr16_52538825_C_A_PRS313_Unknown_combined,0.8198504816697885
chr16_10706580_G_A_PRS313_Unknown_combined,0.9050249827355081
chr16_4106788_C_A_PRS313_Unknown_combined,0.7024786986831913
chr16_85145977_T_C_PRS313_Unknown_combined,0.38245781738370305
chr16_53809123_C_T_PRS313_Known_combined,0.6800076952674105
