SNP,Accuracy Score
chr16_6963972_C_G_PRS313_Unknown_combined,0.8622754491017964
chr16_23007047_G_T_PRS313_Unknown_combined,0.9920159680638723
chr16_53861592_G_A_PRS313_Unknown_combined,0.9221556886227545
chr16_87086492_T_C_PRS313_Unknown_combined,0.9421157684630739
chr16_4008542_CAAAAA_C_PRS313_Unknown_combined,0.7624750499001997
chr16_54682064_G_A_PRS313_Known_combined,0.7145708582834331
chr16_52599188_C_T_PRS313_Known_combined,0.9261477045908184
chr16_80648296_A_G_PRS313_Unknown_combined,0.9880239520958084
chr16_52538825_C_A_PRS313_Unknown_combined,0.8942115768463074
chr16_10706580_G_A_PRS313_Unknown_combined,0.9540918163672655
chr16_4106788_C_A_PRS313_Unknown_combined,0.8003992015968064
chr16_85145977_T_C_PRS313_Unknown_combined,0.6027944111776448
chr16_53809123_C_T_PRS313_Known_combined,0.9960079840319361
chr16_53861139_C_T_PRS313_Unknown_combined,0.9960079840319361
