SNP,IQS Score
chr16_6963972_C_G_PRS313_Unknown_combined,0.7393200651929389
chr16_23007047_G_T_PRS313_Unknown_combined,0.9420943134535368
chr16_53861592_G_A_PRS313_Unknown_combined,0.8660776210842677
chr16_87086492_T_C_PRS313_Unknown_combined,0.8963308533752198
chr16_4008542_CAAAAA_C_PRS313_Unknown_combined,0.3291117693119531
chr16_54682064_G_A_PRS313_Known_combined,0.5623227522541023
chr16_52599188_C_T_PRS313_Known_combined,0.8546083437257348
chr16_80648296_A_G_PRS313_Unknown_combined,0.9770315186246421
chr16_52538825_C_A_PRS313_Unknown_combined,0.796409023055233
chr16_10706580_G_A_PRS313_Unknown_combined,0.8987060250707641
chr16_4106788_C_A_PRS313_Unknown_combined,0.60729216152019
chr16_85145977_T_C_PRS313_Unknown_combined,0.39626493837335636
chr16_53809123_C_T_PRS313_Known_combined,0.9924714863179405
chr16_53861139_C_T_PRS313_Unknown_combined,0.9923838190358918
