SNP,R2 Score
chr16_6963972_C_G_PRS313_Unknown_combined,0.6767879
chr16_23007047_G_T_PRS313_Unknown_combined,0.91317195
chr16_53861592_G_A_PRS313_Unknown_combined,0.8061012
chr16_87086492_T_C_PRS313_Unknown_combined,0.8002934
chr16_4008542_CAAAAA_C_PRS313_Unknown_combined,0.11977404
chr16_54682064_G_A_PRS313_Known_combined,0.5723846
chr16_52599188_C_T_PRS313_Known_combined,0.78330994
chr16_80648296_A_G_PRS313_Unknown_combined,0.95103824
chr16_52538825_C_A_PRS313_Unknown_combined,0.7676971
chr16_10706580_G_A_PRS313_Unknown_combined,0.8155771
chr16_4106788_C_A_PRS313_Unknown_combined,0.4859411
chr16_85145977_T_C_PRS313_Unknown_combined,0.41959494
chr16_53809123_C_T_PRS313_Known_combined,0.98690784
chr16_53861139_C_T_PRS313_Unknown_combined,0.9722792
