SNP,R2 Score
chr16_6963972_C_G_PRS313_Unknown_combined,0.6954737085325828
chr16_23007047_G_T_PRS313_Unknown_combined,0.8895118636002007
chr16_53861139_C_T_PRS313_Unknown_combined,0.9756152546961881
chr16_53861592_G_A_PRS313_Unknown_combined,0.7990547857187036
chr16_87086492_T_C_PRS313_Unknown_combined,0.7638302951965169
chr16_4008542_CAAAAA_C_PRS313_Unknown_combined,0.1781807300559628
chr16_54682064_G_A_PRS313_Known_combined,-0.008522460659971864
chr16_52599188_C_T_PRS313_Known_combined,0.8016668722609205
chr16_80648296_A_G_PRS313_Unknown_combined,0.9606199850296451
chr16_52538825_C_A_PRS313_Unknown_combined,0.7601264789746072
chr16_10706580_G_A_PRS313_Unknown_combined,0.7683878446453541
chr16_4106788_C_A_PRS313_Unknown_combined,0.6029161309089561
chr16_85145977_T_C_PRS313_Unknown_combined,0.47366530886550196
chr16_53809123_C_T_PRS313_Known_combined,0.5568631371770649
