fold,epoch,validation_loss,test_loss
1,15,0.13869163673371077,0.1391029069200158
