SNP,R2 Score
chr11_111696440_T_C_PRS313_Unknown_combined,0.903464
chr11_122966626_A_G_PRS313_Unknown_combined,0.96838474
chr11_69331418_C_T_PRS313_Known_combined,-0.44950616
chr11_1895708_C_A_PRS313_Unknown_combined,0.89745235
chr11_803017_A_G_PRS313_Known_combined,0.9263841
chr11_433617_T_C_PRS313_Unknown_combined,0.5811316
chr11_46318032_C_G_PRS313_Unknown_combined,0.4510036
chr11_42844441_C_T_PRS313_Unknown_combined,0.8293878
chr11_69330983_G_A_PRS313_Known_combined,-0.30572402
chr11_65553492_C_A_PRS313_Unknown_combined,0.7135332
chr11_65572431_G_A_PRS313_Unknown_combined,0.9831599
chr11_108267402_C_CA_PRS313_Unknown_combined,0.9161227
chr11_116727936_A_T_PRS313_Unknown_combined,0.967596
chr11_129243417_T_G_PRS313_Unknown_combined,0.3449548
chr11_129461016_A_G_PRS313_Unknown_combined,0.95267576
chr11_103614438_T_G_PRS313_Unknown_combined,0.9241356
chr11_18664241_T_G_PRS313_Unknown_combined,0.9207803
chr11_69328130_A_T_PRS313_Unknown_combined,0.35584444
chr11_44368892_G_A_PRS313_Unknown_combined,0.90102494
