SNP,R2 Score
chr11_111696440_T_C_PRS313_Unknown_combined,0.83226466
chr11_122966626_A_G_PRS313_Unknown_combined,0.93912727
chr11_69331418_C_T_PRS313_Known_combined,0.40622938
chr11_1895708_C_A_PRS313_Unknown_combined,0.8848279
chr11_803017_A_G_PRS313_Known_combined,0.8638728
chr11_433617_T_C_PRS313_Unknown_combined,0.5045437
chr11_46318032_C_G_PRS313_Unknown_combined,0.6779752
chr11_42844441_C_T_PRS313_Unknown_combined,0.7632552
chr11_69330983_G_A_PRS313_Known_combined,0.06612581
chr11_65572431_G_A_PRS313_Unknown_combined,0.96070635
chr11_108267402_C_CA_PRS313_Unknown_combined,0.9393671
chr11_116727936_A_T_PRS313_Unknown_combined,0.9512012
chr11_129243417_T_G_PRS313_Unknown_combined,0.43777126
chr11_129461016_A_G_PRS313_Unknown_combined,0.94133496
chr11_103614438_T_G_PRS313_Unknown_combined,0.89311177
chr11_18664241_T_G_PRS313_Unknown_combined,0.90972865
chr11_69328130_A_T_PRS313_Unknown_combined,0.3792662
chr11_65553492_C_A_PRS313_Unknown_combined,0.7122548
chr11_44368892_G_A_PRS313_Unknown_combined,0.91194904
