SNP,R2 Score
chr11_111696440_T_C_PRS313_Unknown_combined,0.82089585
chr11_122966626_A_G_PRS313_Unknown_combined,0.9311397
chr11_69331418_C_T_PRS313_Known_combined,0.333822
chr11_1895708_C_A_PRS313_Unknown_combined,0.8658869
chr11_803017_A_G_PRS313_Known_combined,0.8010602
chr11_433617_T_C_PRS313_Unknown_combined,0.4462427
chr11_46318032_C_G_PRS313_Unknown_combined,0.6244161
chr11_42844441_C_T_PRS313_Unknown_combined,0.73892236
chr11_69330983_G_A_PRS313_Known_combined,-0.1434884
chr11_65572431_G_A_PRS313_Unknown_combined,0.95130086
chr11_108267402_C_CA_PRS313_Unknown_combined,0.93102914
chr11_116727936_A_T_PRS313_Unknown_combined,0.94328433
chr11_129243417_T_G_PRS313_Unknown_combined,0.36554164
chr11_129461016_A_G_PRS313_Unknown_combined,0.9211201
chr11_103614438_T_G_PRS313_Unknown_combined,0.8827888
chr11_18664241_T_G_PRS313_Unknown_combined,0.8884936
chr11_69328130_A_T_PRS313_Unknown_combined,0.2465756
chr11_65553492_C_A_PRS313_Unknown_combined,0.6746525
chr11_44368892_G_A_PRS313_Unknown_combined,0.8788648
