SNP,IQS Score
chr11_111696440_T_C_PRS313_Unknown_combined,0.8772785727408192
chr11_122966626_A_G_PRS313_Unknown_combined,0.9754722869889295
chr11_69331418_C_T_PRS313_Known_combined,0.7373755023589029
chr11_1895708_C_A_PRS313_Unknown_combined,0.9106067224926013
chr11_803017_A_G_PRS313_Known_combined,0.8964627609930402
chr11_433617_T_C_PRS313_Unknown_combined,0.7193277310924372
chr11_46318032_C_G_PRS313_Unknown_combined,0.8646540370783105
chr11_42844441_C_T_PRS313_Unknown_combined,0.8070655478535814
chr11_69330983_G_A_PRS313_Known_combined,0.42346018046292694
chr11_65572431_G_A_PRS313_Unknown_combined,0.969865467255679
chr11_108267402_C_CA_PRS313_Unknown_combined,0.9719763828464885
chr11_116727936_A_T_PRS313_Unknown_combined,0.967694926620412
chr11_129243417_T_G_PRS313_Unknown_combined,0.6189240093690387
chr11_129461016_A_G_PRS313_Unknown_combined,0.9737684317998861
chr11_103614438_T_G_PRS313_Unknown_combined,0.9163000501197305
chr11_18664241_T_G_PRS313_Unknown_combined,0.9330441755357923
chr11_69328130_A_T_PRS313_Unknown_combined,0.5342745449565499
chr11_65553492_C_A_PRS313_Unknown_combined,0.817602085755558
chr11_44368892_G_A_PRS313_Unknown_combined,0.9445742812495679
