SNP,AUC Score
chr11_111696440_T_C_PRS313_Unknown_combined,0.9380399783452352
chr11_122966626_A_G_PRS313_Unknown_combined,0.9877590338389078
chr11_69331418_C_T_PRS313_Known_combined,0.8781362175941467
chr11_1895708_C_A_PRS313_Unknown_combined,0.9606824517250061
chr11_803017_A_G_PRS313_Known_combined,0.9385039210319519
chr11_433617_T_C_PRS313_Unknown_combined,0.8662729859352112
chr11_46318032_C_G_PRS313_Unknown_combined,0.7802608013153076
chr11_42844441_C_T_PRS313_Unknown_combined,0.8962637583414713
chr11_69330983_G_A_PRS313_Known_combined,0.6491525967915853
chr11_65572431_G_A_PRS313_Unknown_combined,0.9839012424151102
chr11_108267402_C_CA_PRS313_Unknown_combined,0.9876613020896912
chr11_116727936_A_T_PRS313_Unknown_combined,0.9804845650990804
chr11_129243417_T_G_PRS313_Unknown_combined,0.7961828907330831
chr11_129461016_A_G_PRS313_Unknown_combined,0.9876228968302408
chr11_103614438_T_G_PRS313_Unknown_combined,0.9526684482892355
chr11_18664241_T_G_PRS313_Unknown_combined,0.9670862555503845
chr11_69328130_A_T_PRS313_Unknown_combined,0.7502546509106954
chr11_65553492_C_A_PRS313_Unknown_combined,0.922584056854248
chr11_44368892_G_A_PRS313_Unknown_combined,0.9728872974713644
