SNP,R2 Score
chr11_111696440_T_C_PRS313_Unknown_combined,0.9034642482911397
chr11_122966626_A_G_PRS313_Unknown_combined,0.968384759571469
chr11_69331418_C_T_PRS313_Known_combined,-0.44950472480584636
chr11_1895708_C_A_PRS313_Unknown_combined,0.8974522495055561
chr11_803017_A_G_PRS313_Known_combined,0.9263839795730986
chr11_433617_T_C_PRS313_Unknown_combined,0.5811335773906122
chr11_46318032_C_G_PRS313_Unknown_combined,0.4510023366140613
chr11_42844441_C_T_PRS313_Unknown_combined,0.8293870571961838
chr11_69330983_G_A_PRS313_Known_combined,-0.30571963938684865
chr11_65553492_C_A_PRS313_Unknown_combined,0.713533413377542
chr11_65572431_G_A_PRS313_Unknown_combined,0.9831599579050738
chr11_108267402_C_CA_PRS313_Unknown_combined,0.9161227373246221
chr11_116727936_A_T_PRS313_Unknown_combined,0.9675960092619139
chr11_129243417_T_G_PRS313_Unknown_combined,0.34495573252692024
chr11_129461016_A_G_PRS313_Unknown_combined,0.9526757064505096
chr11_103614438_T_G_PRS313_Unknown_combined,0.9241356368862753
chr11_18664241_T_G_PRS313_Unknown_combined,0.9207802932394187
chr11_69328130_A_T_PRS313_Unknown_combined,0.35584338446595964
chr11_44368892_G_A_PRS313_Unknown_combined,0.9010252946767207
