SNP,IQS Score
chr11_111696440_T_C_PRS313_Unknown_combined,0.9522457566535265
chr11_122966626_A_G_PRS313_Unknown_combined,0.984664266823391
chr11_69331418_C_T_PRS313_Known_combined,0.19968051118210908
chr11_1895708_C_A_PRS313_Unknown_combined,0.9164097018384058
chr11_803017_A_G_PRS313_Known_combined,0.9540156034878385
chr11_433617_T_C_PRS313_Unknown_combined,0.7804826752195174
chr11_46318032_C_G_PRS313_Unknown_combined,0.6024639799540612
chr11_42844441_C_T_PRS313_Unknown_combined,0.8685534760437551
chr11_69330983_G_A_PRS313_Known_combined,0.2800892960240174
chr11_65553492_C_A_PRS313_Unknown_combined,0.8554513035349514
chr11_65572431_G_A_PRS313_Unknown_combined,0.9933218253677328
chr11_108267402_C_CA_PRS313_Unknown_combined,0.9532974545092971
chr11_116727936_A_T_PRS313_Unknown_combined,0.9870770540326169
chr11_129243417_T_G_PRS313_Unknown_combined,0.6188020459060745
chr11_129461016_A_G_PRS313_Unknown_combined,0.9705430813152066
chr11_103614438_T_G_PRS313_Unknown_combined,0.9411459202789682
chr11_18664241_T_G_PRS313_Unknown_combined,0.9574522292993632
chr11_69328130_A_T_PRS313_Unknown_combined,0.5586375537222744
chr11_44368892_G_A_PRS313_Unknown_combined,0.9619253568418287
