SNP,R2 Score
chr11_111696440_T_C_PRS313_Unknown_combined,0.8238785
chr11_122966626_A_G_PRS313_Unknown_combined,0.93339294
chr11_69331418_C_T_PRS313_Known_combined,0.46001622
chr11_1895708_C_A_PRS313_Unknown_combined,0.87628055
chr11_803017_A_G_PRS313_Known_combined,0.9087193
chr11_433617_T_C_PRS313_Unknown_combined,0.5642848
chr11_46318032_C_G_PRS313_Unknown_combined,0.63901573
chr11_42844441_C_T_PRS313_Unknown_combined,0.7478169
chr11_69330983_G_A_PRS313_Known_combined,0.17119806
chr11_65572431_G_A_PRS313_Unknown_combined,0.9527111
chr11_108267402_C_CA_PRS313_Unknown_combined,0.9320462
chr11_116727936_A_T_PRS313_Unknown_combined,0.9444536
chr11_129243417_T_G_PRS313_Unknown_combined,0.4404608
chr11_129461016_A_G_PRS313_Unknown_combined,0.923927
chr11_103614438_T_G_PRS313_Unknown_combined,0.88734365
chr11_18664241_T_G_PRS313_Unknown_combined,0.9026346
chr11_69328130_A_T_PRS313_Unknown_combined,0.37448853
chr11_65553492_C_A_PRS313_Unknown_combined,0.70130396
chr11_44368892_G_A_PRS313_Unknown_combined,0.8808166
