SNP,Accuracy Score
chr11_111696440_T_C_PRS313_Unknown_combined,0.9281437125748503
chr11_122966626_A_G_PRS313_Unknown_combined,0.9840319361277445
chr11_69331418_C_T_PRS313_Known_combined,0.9640718562874252
chr11_1895708_C_A_PRS313_Unknown_combined,0.93812375249501
chr11_803017_A_G_PRS313_Known_combined,0.9261477045908184
chr11_433617_T_C_PRS313_Unknown_combined,0.9261477045908184
chr11_46318032_C_G_PRS313_Unknown_combined,0.9840319361277445
chr11_42844441_C_T_PRS313_Unknown_combined,0.8762475049900199
chr11_69330983_G_A_PRS313_Known_combined,0.7944111776447106
chr11_65572431_G_A_PRS313_Unknown_combined,0.9820359281437125
chr11_108267402_C_CA_PRS313_Unknown_combined,0.9800399201596807
chr11_116727936_A_T_PRS313_Unknown_combined,0.9780439121756487
chr11_129243417_T_G_PRS313_Unknown_combined,0.8662674650698603
chr11_129461016_A_G_PRS313_Unknown_combined,0.9820359281437125
chr11_103614438_T_G_PRS313_Unknown_combined,0.9461077844311377
chr11_18664241_T_G_PRS313_Unknown_combined,0.9540918163672655
chr11_69328130_A_T_PRS313_Unknown_combined,0.7305389221556886
chr11_65553492_C_A_PRS313_Unknown_combined,0.9341317365269461
chr11_44368892_G_A_PRS313_Unknown_combined,0.9520958083832335
