SNP,R2 Score
chr13_73806982_T_C_PRS313_Unknown_combined,0.2378296146044625
chr13_32839990_G_A_PRS313_Unknown_combined,1.0
chr13_73960952_A_G_PRS313_Unknown_combined,0.9374868024494654
chr13_32972626_A_T_PRS313_Known_combined,0.794377180381695
chr13_43501356_A_G_PRS313_Unknown_combined,0.9939278615406991
