SNP,Accuracy Score
chr13_73806982_T_C_PRS313_Unknown_combined,0.9880239520958084
chr13_32839990_G_A_PRS313_Unknown_combined,1.0
chr13_73960952_A_G_PRS313_Unknown_combined,0.9740518962075848
chr13_32972626_A_T_PRS313_Known_combined,0.9441117764471058
chr13_43501356_A_G_PRS313_Unknown_combined,0.998003992015968
