SNP,IQS Score
chr13_73806982_T_C_PRS313_Unknown_combined,0.565481352992196
chr13_32839990_G_A_PRS313_Unknown_combined,1.0
chr13_73960952_A_G_PRS313_Unknown_combined,0.9547604659401112
chr13_32972626_A_T_PRS313_Known_combined,0.8680897080257651
chr13_43501356_A_G_PRS313_Unknown_combined,0.995675554366309
