SNP,R2 Score
chr13_73806982_T_C_PRS313_Unknown_combined,0.36609799958436245
chr13_32839990_G_A_PRS313_Unknown_combined,1.0
chr13_73960952_A_G_PRS313_Unknown_combined,0.9458579285487385
chr13_32972626_A_T_PRS313_Known_combined,0.8181276028368266
chr13_43501356_A_G_PRS313_Unknown_combined,0.9953648608371148
