SNP,R2 Score
chr13_73806982_T_C_PRS313_Unknown_combined,0.33057304766734286
chr13_32839990_G_A_PRS313_Unknown_combined,1.0
chr13_73960952_A_G_PRS313_Unknown_combined,0.945777014186167
chr13_32972626_A_T_PRS313_Known_combined,0.8154425038843774
chr13_43501356_A_G_PRS313_Unknown_combined,0.9953542068647888
