SNP,AUC Score
chr13_73806982_T_C_PRS313_Unknown_combined,0.747971602434077
chr13_32839990_G_A_PRS313_Unknown_combined,1.0
chr13_73960952_A_G_PRS313_Unknown_combined,0.9738767098678064
chr13_32972626_A_T_PRS313_Known_combined,0.9310686646595071
chr13_43501356_A_G_PRS313_Unknown_combined,0.9977482583004639
