SNP,R2 Score
chr14_105213978_T_G_PRS313_Unknown_maternal,0.8288489
chr14_105213978_T_G_PRS313_Unknown_paternal,0.8706157
chr14_37228504_C_T_PRS313_Unknown_maternal,0.74535763
chr14_37228504_C_T_PRS313_Unknown_paternal,0.73208845
chr14_37128564_C_A_PRS313_Unknown_maternal,0.61542475
chr14_37128564_C_A_PRS313_Unknown_paternal,0.6336396
chr14_91751788_TC_T_PRS313_Unknown_maternal,0.97120005
chr14_91751788_TC_T_PRS313_Unknown_paternal,0.9994757
