SNP,IQS Score
chr14_105213978_T_G_PRS313_Unknown_maternal,0.8743488829725662
chr14_105213978_T_G_PRS313_Unknown_paternal,0.9314693732388586
chr14_37228504_C_T_PRS313_Unknown_maternal,0.873093415838897
chr14_37228504_C_T_PRS313_Unknown_paternal,0.8060695207865602
chr14_37128564_C_A_PRS313_Unknown_maternal,0.9775735239260507
chr14_37128564_C_A_PRS313_Unknown_paternal,1.0
chr14_91751788_TC_T_PRS313_Unknown_maternal,0.8541461126655776
chr14_91751788_TC_T_PRS313_Unknown_paternal,0.941939008642098
