SNP,IQS Score
chr14_105213978_T_G_PRS313_Unknown_maternal,0.8872251093690361
chr14_105213978_T_G_PRS313_Unknown_paternal,0.9267811472415054
chr14_37228504_C_T_PRS313_Unknown_maternal,0.830393414581997
chr14_37228504_C_T_PRS313_Unknown_paternal,0.8146886531960464
chr14_93070286_C_T_PRS313_Known_maternal,0.7599111266010279
chr14_93070286_C_T_PRS313_Known_paternal,0.7603689784762556
chr14_37128564_C_A_PRS313_Unknown_maternal,0.9849721039054533
chr14_37128564_C_A_PRS313_Unknown_paternal,1.0
chr14_91841069_A_G_PRS313_Known_maternal,0.979749557400506
chr14_91841069_A_G_PRS313_Known_paternal,0.9713248460764834
chr14_68660428_T_C_PRS313_Known_maternal,0.9519700891573194
chr14_68660428_T_C_PRS313_Known_paternal,0.985273368606702
chr14_68979835_T_C_PRS313_Known_maternal,0.8264128234586137
chr14_68979835_T_C_PRS313_Known_paternal,0.8691108595314815
chr14_91751788_TC_T_PRS313_Unknown_maternal,0.8744594343359228
chr14_91751788_TC_T_PRS313_Unknown_paternal,0.9006198859409867
