SNP,R2 Score
chr14_105213978_T_G_PRS313_Unknown_maternal,0.7636574800710081
chr14_105213978_T_G_PRS313_Unknown_paternal,0.8791251626868126
chr14_37228504_C_T_PRS313_Unknown_maternal,0.7886351634267108
chr14_37228504_C_T_PRS313_Unknown_paternal,0.7440314320461827
chr14_37128564_C_A_PRS313_Unknown_maternal,0.9657765847445895
chr14_37128564_C_A_PRS313_Unknown_paternal,0.9998464708378988
chr14_91751788_TC_T_PRS313_Unknown_maternal,0.7784364181705077
chr14_91751788_TC_T_PRS313_Unknown_paternal,0.8858560072694417
