SNP,R2 Score
chr14_105213978_T_G_PRS313_Unknown_maternal,0.7857562759341381
chr14_105213978_T_G_PRS313_Unknown_paternal,0.8200701267550815
chr14_37228504_C_T_PRS313_Unknown_maternal,0.7549625190288307
chr14_37228504_C_T_PRS313_Unknown_paternal,0.7203451786925645
chr14_37128564_C_A_PRS313_Unknown_maternal,0.9657180462675996
chr14_37128564_C_A_PRS313_Unknown_paternal,0.9998915133119458
chr14_91751788_TC_T_PRS313_Unknown_maternal,0.8193623951643145
chr14_91751788_TC_T_PRS313_Unknown_paternal,0.858569034466328
