SNP,R2 Score
chr14_105213978_T_G_PRS313_Unknown_maternal,0.8297910133989983
chr14_105213978_T_G_PRS313_Unknown_paternal,0.8708474831865685
chr14_37228504_C_T_PRS313_Unknown_maternal,0.7514932361530595
chr14_37228504_C_T_PRS313_Unknown_paternal,0.7379840384584728
chr14_93070286_C_T_PRS313_Known_maternal,0.6260378182675711
chr14_93070286_C_T_PRS313_Known_paternal,0.6382903814617273
chr14_37128564_C_A_PRS313_Unknown_maternal,0.9712719708326714
chr14_37128564_C_A_PRS313_Unknown_paternal,0.9995921762757418
chr14_91841069_A_G_PRS313_Known_maternal,0.9638326039136856
chr14_91841069_A_G_PRS313_Known_paternal,0.9498555086497599
chr14_68660428_T_C_PRS313_Known_maternal,0.9502417118108376
chr14_68660428_T_C_PRS313_Known_paternal,0.9665540594491442
chr14_68979835_T_C_PRS313_Known_maternal,0.7582238546661254
chr14_68979835_T_C_PRS313_Known_paternal,0.8353223920793913
chr14_91751788_TC_T_PRS313_Unknown_maternal,0.8092656127449162
chr14_91751788_TC_T_PRS313_Unknown_paternal,0.8497810119286784
