SNP,IQS Score
chr14_105213978_T_G_PRS313_Unknown_maternal,0.8872251093690361
chr14_105213978_T_G_PRS313_Unknown_paternal,0.9267811472415054
chr14_37228504_C_T_PRS313_Unknown_maternal,0.830393414581997
chr14_37228504_C_T_PRS313_Unknown_paternal,0.8146886531960464
chr14_37128564_C_A_PRS313_Unknown_maternal,0.7599111266010279
chr14_37128564_C_A_PRS313_Unknown_paternal,0.7603689784762556
chr14_91751788_TC_T_PRS313_Unknown_maternal,0.9849721039054533
chr14_91751788_TC_T_PRS313_Unknown_paternal,1.0
