SNP,Accuracy Score
chr18_29981526_G_A_PRS313_Unknown_combined,0.9700598802395209
chr18_42888797_T_C_PRS313_Unknown_combined,0.7604790419161677
chr18_24337424_C_G_PRS313_Known_combined,0.8662674650698603
chr18_24125857_T_C_PRS313_Unknown_combined,0.872255489021956
chr18_24518050_AT_A_PRS313_Unknown_combined,0.8902195608782435
chr18_11696613_C_T_PRS313_Known_combined,0.9321357285429142
chr18_25407513_C_G_PRS313_Unknown_combined,0.846307385229541
chr18_20634253_C_T_PRS313_Unknown_combined,0.8542914171656687
chr18_42411803_G_C_PRS313_Unknown_combined,0.9640718562874252
