SNP,R2 Score
chr18_29981526_G_A_PRS313_Unknown_combined,0.7904934
chr18_42888797_T_C_PRS313_Unknown_combined,0.72993994
chr18_24337424_C_G_PRS313_Known_combined,0.710894
chr18_24125857_T_C_PRS313_Unknown_combined,0.752434
chr18_24518050_AT_A_PRS313_Unknown_combined,0.75860673
chr18_11696613_C_T_PRS313_Known_combined,0.88932335
chr18_25407513_C_G_PRS313_Unknown_combined,0.7768233
chr18_20634253_C_T_PRS313_Unknown_combined,0.8227157
chr18_42411803_G_C_PRS313_Unknown_combined,0.8997766
