SNP,AUC Score
chr18_29981526_G_A_PRS313_Unknown_combined,0.97326374
chr18_42888797_T_C_PRS313_Unknown_combined,0.82848614
chr18_24337424_C_G_PRS313_Known_combined,0.8843007
chr18_24125857_T_C_PRS313_Unknown_combined,0.8940204
chr18_24518050_AT_A_PRS313_Unknown_combined,0.9077334
chr18_11696613_C_T_PRS313_Known_combined,0.95338964
chr18_25407513_C_G_PRS313_Unknown_combined,0.8781123
chr18_20634253_C_T_PRS313_Unknown_combined,0.90104836
chr18_42411803_G_C_PRS313_Unknown_combined,0.9488031
