SNP,IQS Score
chr18_29981526_G_A_PRS313_Unknown_combined,0.899636072251344
chr18_42888797_T_C_PRS313_Unknown_combined,0.730184185645727
chr18_42411803_G_C_PRS313_Unknown_combined,0.9337558619230634
chr18_24337424_C_G_PRS313_Known_combined,0.20232653807477827
chr18_24125857_T_C_PRS313_Unknown_combined,0.8236671850102709
chr18_24518050_AT_A_PRS313_Unknown_combined,0.8497894435586083
chr18_11696613_C_T_PRS313_Known_combined,0.44752253930407565
chr18_25407513_C_G_PRS313_Unknown_combined,0.7693628457317756
chr18_20634253_C_T_PRS313_Unknown_combined,0.8681667696789077
