SNP,R2 Score
chr18_29981526_G_A_PRS313_Unknown_combined,0.8255942414938421
chr18_42888797_T_C_PRS313_Unknown_combined,0.7610682829379267
chr18_42411803_G_C_PRS313_Unknown_combined,0.91691432824857
chr18_24337424_C_G_PRS313_Known_combined,0.031801891791827575
chr18_24125857_T_C_PRS313_Unknown_combined,0.7799541374787351
chr18_24518050_AT_A_PRS313_Unknown_combined,0.809234339510434
chr18_11696613_C_T_PRS313_Known_combined,0.600173807249555
chr18_25407513_C_G_PRS313_Unknown_combined,0.7952060856428051
chr18_20634253_C_T_PRS313_Unknown_combined,0.8325365187629803
