SNP,Accuracy Score
chr18_29981526_G_A_PRS313_Unknown_combined,0.9700598802395209
chr18_42888797_T_C_PRS313_Unknown_combined,0.7904191616766467
chr18_24337424_C_G_PRS313_Known_combined,0.8702594810379242
chr18_24125857_T_C_PRS313_Unknown_combined,0.874251497005988
chr18_24518050_AT_A_PRS313_Unknown_combined,0.9021956087824351
chr18_11696613_C_T_PRS313_Known_combined,0.9341317365269461
chr18_25407513_C_G_PRS313_Unknown_combined,0.8522954091816367
chr18_20634253_C_T_PRS313_Unknown_combined,0.8982035928143712
chr18_42411803_G_C_PRS313_Unknown_combined,0.9640718562874252
