SNP,R2 Score
chr18_29981526_G_A_PRS313_Unknown_combined,0.81361353
chr18_42888797_T_C_PRS313_Unknown_combined,0.76072013
chr18_24337424_C_G_PRS313_Known_combined,0.7162343
chr18_24125857_T_C_PRS313_Unknown_combined,0.76054704
chr18_24518050_AT_A_PRS313_Unknown_combined,0.7888892
chr18_11696613_C_T_PRS313_Known_combined,0.90342873
chr18_25407513_C_G_PRS313_Unknown_combined,0.7849002
chr18_20634253_C_T_PRS313_Unknown_combined,0.85010487
chr18_42411803_G_C_PRS313_Unknown_combined,0.9092987
