SNP,R2 Score
chr18_29981526_G_A_PRS313_Unknown_combined,0.78766584
chr18_42888797_T_C_PRS313_Unknown_combined,0.72357875
chr18_24337424_C_G_PRS313_Known_combined,0.69453555
chr18_24125857_T_C_PRS313_Unknown_combined,0.7500569
chr18_24518050_AT_A_PRS313_Unknown_combined,0.7514725
chr18_11696613_C_T_PRS313_Known_combined,0.88866603
chr18_25407513_C_G_PRS313_Unknown_combined,0.76561296
chr18_20634253_C_T_PRS313_Unknown_combined,0.79481846
chr18_42411803_G_C_PRS313_Unknown_combined,0.8996117
