SNP,IQS Score
chr18_29981526_G_A_PRS313_Unknown_combined,0.8762066352584588
chr18_42888797_T_C_PRS313_Unknown_combined,0.6849132096266037
chr18_24337424_C_G_PRS313_Known_combined,0.7623235581765369
chr18_24125857_T_C_PRS313_Unknown_combined,0.7980368694850941
chr18_24518050_AT_A_PRS313_Unknown_combined,0.8320471245022781
chr18_11696613_C_T_PRS313_Known_combined,0.8843894661762444
chr18_25407513_C_G_PRS313_Unknown_combined,0.7691474258387506
chr18_20634253_C_T_PRS313_Unknown_combined,0.8436157320700671
chr18_42411803_G_C_PRS313_Unknown_combined,0.920283577603734
