SNP,R2 Score
chr18_29981526_G_A_PRS313_Unknown_combined,0.8255938
chr18_42888797_T_C_PRS313_Unknown_combined,0.7610676
chr18_42411803_G_C_PRS313_Unknown_combined,0.91691434
chr18_24337424_C_G_PRS313_Known_combined,0.03180009
chr18_24125857_T_C_PRS313_Unknown_combined,0.77995414
chr18_24518050_AT_A_PRS313_Unknown_combined,0.80923414
chr18_11696613_C_T_PRS313_Known_combined,0.60017365
chr18_25407513_C_G_PRS313_Unknown_combined,0.79520583
chr18_20634253_C_T_PRS313_Unknown_combined,0.8325362
