SNP,R2 Score
chr17_43212339_C_CT_PRS313_Unknown_combined,0.6507919
chr17_53209774_A_C_PRS313_Known_combined,0.93514
chr17_44283858_G_A_PRS313_Unknown_combined,0.80762726
chr17_40485239_G_T_PRS313_Unknown_combined,0.4321416
chr17_77781725_A_G_PRS313_Known_combined,0.8301108
chr17_40127060_T_C_PRS313_Unknown_combined,0.23749262
chr17_29168077_G_T_PRS313_Unknown_combined,0.8937365
chr17_39251123_T_C_PRS313_Unknown_combined,0.38947785
chr17_40744470_G_A_PRS313_Unknown_combined,0.3428033
