SNP,IQS Score
chr17_43212339_C_CT_PRS313_Unknown_combined,0.7331288343558283
chr17_53209774_A_C_PRS313_Known_combined,0.05673940949935824
chr17_44283858_G_A_PRS313_Unknown_combined,0.9129590144515517
chr17_40485239_G_T_PRS313_Unknown_combined,0.6550774526678147
chr17_77781725_A_G_PRS313_Known_combined,0.20349198722478173
chr17_40127060_T_C_PRS313_Unknown_combined,0.16052278820375482
chr17_29168077_G_T_PRS313_Unknown_combined,0.9128704565682192
chr17_39251123_T_C_PRS313_Unknown_combined,0.5811844897434243
chr17_40744470_G_A_PRS313_Unknown_combined,0.6657771847898514
