SNP,R2 Score
chr17_43212339_C_CT_PRS313_Unknown_combined,0.6715704
chr17_53209774_A_C_PRS313_Known_combined,-0.017098427
chr17_44283858_G_A_PRS313_Unknown_combined,0.81068224
chr17_40485239_G_T_PRS313_Unknown_combined,0.3473541
chr17_77781725_A_G_PRS313_Known_combined,0.15709454
chr17_40127060_T_C_PRS313_Unknown_combined,0.21948576
chr17_29168077_G_T_PRS313_Unknown_combined,0.8878956
chr17_39251123_T_C_PRS313_Unknown_combined,0.42786574
chr17_40744470_G_A_PRS313_Unknown_combined,0.2368719
