SNP,R2 Score
chr17_43212339_C_CT_PRS313_Unknown_combined,0.62716615
chr17_53209774_A_C_PRS313_Known_combined,0.9286097
chr17_44283858_G_A_PRS313_Unknown_combined,0.80335635
chr17_40485239_G_T_PRS313_Unknown_combined,0.31664735
chr17_77781725_A_G_PRS313_Known_combined,0.8209666
chr17_40127060_T_C_PRS313_Unknown_combined,0.15730536
chr17_29168077_G_T_PRS313_Unknown_combined,0.8816111
chr17_39251123_T_C_PRS313_Unknown_combined,0.35623264
chr17_40744470_G_A_PRS313_Unknown_combined,0.30636376
