SNP,R2 Score
chr17_43212339_C_CT_PRS313_Unknown_combined,0.6715707017099344
chr17_53209774_A_C_PRS313_Known_combined,-0.01709456054855374
chr17_44283858_G_A_PRS313_Unknown_combined,0.8106830158877942
chr17_40485239_G_T_PRS313_Unknown_combined,0.34735638653492507
chr17_77781725_A_G_PRS313_Known_combined,0.15709195179063007
chr17_40127060_T_C_PRS313_Unknown_combined,0.2194849926013961
chr17_29168077_G_T_PRS313_Unknown_combined,0.8878958439873686
chr17_39251123_T_C_PRS313_Unknown_combined,0.42786532148077516
chr17_40744470_G_A_PRS313_Unknown_combined,0.23686834548498026
