SNP,AUC Score
chr17_43212339_C_CT_PRS313_Unknown_combined,0.8299266894658407
chr17_53209774_A_C_PRS313_Known_combined,0.9627964496612549
chr17_44283858_G_A_PRS313_Unknown_combined,0.9775563776493073
chr17_40485239_G_T_PRS313_Unknown_combined,0.8768017292022705
chr17_77781725_A_G_PRS313_Known_combined,0.9267445604006449
chr17_40127060_T_C_PRS313_Unknown_combined,0.5454545319080353
chr17_29168077_G_T_PRS313_Unknown_combined,0.9810882608095804
chr17_39251123_T_C_PRS313_Unknown_combined,0.6686350305875143
chr17_40744470_G_A_PRS313_Unknown_combined,0.9990000128746033
