SNP,IQS Score
chr17_43212339_C_CT_PRS313_Unknown_combined,0.7178182743145768
chr17_53209774_A_C_PRS313_Known_combined,0.9288236726741355
chr17_44283858_G_A_PRS313_Unknown_combined,0.9044986656500192
chr17_40485239_G_T_PRS313_Unknown_combined,0.672441974501472
chr17_77781725_A_G_PRS313_Known_combined,0.8382090346111469
chr17_40127060_T_C_PRS313_Unknown_combined,0.16052278820375482
chr17_29168077_G_T_PRS313_Unknown_combined,0.917914268744752
chr17_39251123_T_C_PRS313_Unknown_combined,0.5811844897434243
chr17_40744470_G_A_PRS313_Unknown_combined,0.6657771847898514
