SNP,Accuracy Score
chr17_43212339_C_CT_PRS313_Unknown_combined,0.8762475049900199
chr17_53209774_A_C_PRS313_Known_combined,0.9580838323353293
chr17_44283858_G_A_PRS313_Unknown_combined,0.9760479041916168
chr17_40485239_G_T_PRS313_Unknown_combined,0.9760479041916168
chr17_77781725_A_G_PRS313_Known_combined,0.8982035928143712
chr17_40127060_T_C_PRS313_Unknown_combined,0.9600798403193613
chr17_29168077_G_T_PRS313_Unknown_combined,0.9680638722554891
chr17_39251123_T_C_PRS313_Unknown_combined,0.9740518962075848
chr17_40744470_G_A_PRS313_Unknown_combined,0.998003992015968
