Fold,Train Loss,Val Loss,Val Accuracy,Val Precision,Val Recall,Val F1,Val ROC AUC,Val R2
1,0.5440361220389605,0.4228651225566864,0.8810527324676514,0.8087633087633087,0.7653061224489796,0.7864348287762144,0.9316985474435809,0.39011181372849646
2,0.47471898421645164,0.4355804920196533,0.8766910433769226,0.8081512267059927,0.7598638598260431,0.7832640332640333,0.9304938693681333,0.3867063917355076
3,0.4448053818196058,0.43266165256500244,0.8779478073120117,0.8018321433382729,0.7647436721058718,0.7828488754439037,0.9308912254343304,0.3866679228456004
4,0.42243479937314987,0.41874873638153076,0.8807939887046814,0.8048579662412515,0.764866979655712,0.7843530591775326,0.9329877251172821,0.38914285751725486
5,0.40278905257582664,0.4407004714012146,0.8761110901832581,0.8107367844426184,0.750983128250666,0.7797168258149489,0.9289134805666099,0.37933634066520017
,,,,,,,,
Average,0.06853505893764668,0.4301112949848175,0.878519332408905,0.806868285898289,0.7611527524574546,0.7833235244953266,0.9309969695859873,0.3863930652984119
Std Dev,0.07993703457686502,0.008126030396713724,0.002052368848906367,0.0031498078281309385,0.005459362061830496,0.002189852154360709,0.0013461454025718784,0.0037778705591767566
