Fold,Train Loss,Val Loss,Val Accuracy,Val Precision,Val Recall,Val F1,Val ROC AUC,Val R2
1,0.5371393449604511,0.2671549320220947,0.9226840734481812,0.9162870159453302,0.8982554082344731,0.9071816195644512,0.9713459508677422,0.566391401838333
2,0.46923316083848476,0.2460625022649765,0.9280263185501099,0.9198527329368451,0.907769703745109,0.9137712758475173,0.9745424998282567,0.6006673666725846
3,0.43896687403321266,0.25506097078323364,0.9252671003341675,0.9153857204424651,0.9030612244897959,0.9091817079260897,0.9730188799144968,0.5916229255750709
4,0.4125323239713907,0.2540140450000763,0.9248561859130859,0.9118391451068616,0.908517792098627,0.9101754385964912,0.9730875382487254,0.5719975889751132
5,0.39114261604845524,0.24336478114128113,0.9287058711051941,0.9175420923873938,0.9089094796863864,0.913205385276425,0.9747237606231156,0.5987970148775343
,,,,,,,,
Average,0.049954866953085,0.25313144624233247,0.9259079098701477,0.9161813413637792,0.9053027216508782,0.910703085442195,0.9733437258964672,0.5858952595877271
Std Dev,0.07799293739743397,0.00832487735750379,0.0022011871263943133,0.0026393032236654997,0.004101714716460153,0.002476651751543007,0.0012250564782530214,0.014078510649301306
