Fold,Train Loss,Val Loss,Val Accuracy,Val Precision,Val Recall,Val F1,Val ROC AUC,Val R2
1,0.593579949811101,0.05576108396053314,0.9825349450111389,0.9540636042402827,0.9246575342465754,0.9391304347826087,0.9951610709256177,0.7575560963135578
2,0.44790941290557384,0.06628156453371048,0.9777944087982178,0.9484536082474226,0.9034369885433715,0.9253981559094719,0.9908198578990705,0.7440728010567695
3,0.39160730317234993,0.06449265778064728,0.9767963886260986,0.941696113074205,0.8988195615514334,0.9197584124245038,0.9939222604371647,0.7690262602214095
4,0.36855183355510235,0.057744111865758896,0.9802893996238708,0.9575971731448764,0.9078726968174204,0.9320722269991402,0.9953913022554381,0.8080016125841913
5,0.3554998189210892,0.054678842425346375,0.9837499856948853,0.9620253164556962,0.9236111111111112,0.9424269264836138,0.994694821683541,0.8082887524759386
,,,,,,,,
Average,0.09567634250299306,0.059791652113199235,0.9802330255508422,0.9527671630324965,0.9116795784539825,0.9317572313198677,0.9939978626401663,0.7773891045303734
Std Dev,0.07628073721290744,0.004707380186763355,0.0026618919929734686,0.007097859738840475,0.010569782202730301,0.008398990908758555,0.0016664878764887404,0.026325559251474416
