Fold,Train Loss,Val Loss,Val Accuracy,Val Precision,Val Recall,Val F1,Val ROC AUC,Val R2
1,0.5829555820673704,0.14853693544864655,0.9408682584762573,0.9313842482100239,0.9275103980986333,0.929443286692468,0.9860246998766923,0.48525935583247515
2,0.450449388474226,0.1639835685491562,0.9293912053108215,0.9146198830409357,0.9194591416813639,0.9170331281149222,0.9832312617555599,0.5066586655346565
3,0.4099838566035032,0.16327297687530518,0.9428642988204956,0.9332949971247844,0.9349078341013825,0.9341007194244605,0.9830913403809955,0.5093108379469525
4,0.39121616445481777,0.16424931585788727,0.9338822364807129,0.9259681093394078,0.9233390119250426,0.9246516917827693,0.9833961213222147,0.56744792863283
5,0.37921481393277645,0.1592642366886139,0.940750002861023,0.935966487133453,0.9232585596221959,0.9295690936106983,0.9839136854630035,0.5036198085568501
,,,,,,,,
Average,0.1588679104486946,0.15986140668392182,0.9375512003898621,0.9282467449697209,0.9256949890857238,0.9269595839250636,0.9839314217596933,0.5144593193007527
Std Dev,0.06411489782828644,0.005941128466794356,0.005089421232089768,0.007560512440839264,0.005263930716291007,0.0057937039542616175,0.0010830175588525553,0.027803894108891912
