Fold,Train Loss,Val Loss,Val Accuracy,Val Precision,Val Recall,Val F1,Val ROC AUC,Val R2
1,0.47964879125356674,0.07835333794355392,0.978487491607666,0.944104134762634,0.9106351550960118,0.9270676691729323,0.9897999008582011,0.5411349539806912
2,0.3169677462428808,0.07161895185709,0.9792637228965759,0.9550898203592815,0.909479686386315,0.9317269076305221,0.99138287760633,0.5829491718063705
3,0.28523146733641624,0.06660598516464233,0.98259037733078,0.9636627906976745,0.9253314724354501,0.9441082235671058,0.9910643780812112,0.5829416622805538
4,0.2696757707744837,0.07801631838083267,0.9787092208862305,0.9465944272445821,0.9086181277860327,0.9272175890826384,0.9889856323219303,0.5311049519131545
5,0.2580249346792698,0.08102735131978989,0.9786666631698608,0.9509293680297398,0.9103202846975089,0.9301818181818182,0.9888455366074796,0.5428546833776531
,,,,,,,,
Average,0.04579960169568949,0.07512438893318177,0.9795434951782227,0.9520761082187823,0.9128769452802636,0.9320604415270033,0.9900156650950305,0.5561970846716846
Std Dev,0.054336497131323526,0.005262805799909202,0.0015454290593453796,0.006902896086166525,0.0062666781897042926,0.0062796579237480625,0.0010436274599080978,0.022205626211183008
