Fold,Train Loss,Val Loss,Val Accuracy,Val Precision,Val Recall,Val F1,Val ROC AUC,Val R2
1,0.5318939108401537,0.10962211340665817,0.9478542804718018,0.9568798449612403,0.9427207637231504,0.949747535465256,0.9921821178296468,0.6519427386508199
2,0.3553912006318569,0.11695928126573563,0.9505987763404846,0.966456003889159,0.9390647142182333,0.9525634882606613,0.9910510143391102,0.5949626903399972
3,0.2953585237264633,0.11388841271400452,0.9510977864265442,0.9653512993262753,0.9417840375586854,0.9534220532319393,0.9910040648577298,0.6203109181908185
4,0.27215277776122093,0.1276765763759613,0.9403692483901978,0.9604298974108452,0.9256120527306968,0.9426995924238792,0.9895469730228987,0.547743036698689
5,0.2606786387041211,0.11062402278184891,0.9497500061988831,0.9688261081344374,0.9355597365945437,0.9519023689877961,0.9917236511714996,0.5358729005525158
,,,,,,,,
Average,0.12231218472926411,0.11575408130884171,0.9479340195655823,0.9635886307443915,0.9369482609650619,0.9500670076739064,0.991101564244177,0.590166456886568
Std Dev,0.04796085088754723,0.006496116466183941,0.003940565394235739,0.004330020823247929,0.006190694868733988,0.0038791279207439386,0.0008925697154567463,0.043578752233435346
