Fold,Train Loss,Val Loss,Val Accuracy,Val Precision,Val Recall,Val F1,Val ROC AUC,Val R2
1,0.5824439227581024,0.2976989150047302,0.8944333791732788,0.8832775057974749,0.8729309905780493,0.8780737704918032,0.960155948595756,0.5934473920011061
2,0.5291655659675598,0.2736120820045471,0.9031935930252075,0.8961384820239681,0.8744802494802495,0.885176903853742,0.9639301181854373,0.6279375228183486
3,0.499069519340992,0.2997928261756897,0.8966511487960815,0.8895228215767634,0.8714430894308943,0.8803901437371663,0.9598488997913887,0.5997020992490687
4,0.47849998995661736,0.28239697217941284,0.9014194011688232,0.8947099412215691,0.8800904977375565,0.887340007603599,0.9635835637673874,0.614557753446022
5,0.46040947921574116,0.29961565136909485,0.898888885974884,0.8863576852579209,0.8767158767158767,0.8815104166666666,0.961470548938928,0.6186601320252688
,,,,,,,,
Average,0.10905448617652291,0.29062328934669496,0.898917281627655,0.8900012871755394,0.8751321407885253,0.8824982484705955,0.9617978158557795,0.6108609799079627
Std Dev,0.09193107186727204,0.010696363197153533,0.003155597785235812,0.0048693035193149254,0.003032248260539127,0.003335078673388689,0.0016933230282092735,0.012600435607232698
