Fold,Train Loss,Val Loss,Val Accuracy,Val Precision,Val Recall,Val F1,Val ROC AUC,Val R2
1,0.6116755977272987,0.14752638339996338,0.9478542804718018,0.9373961218836565,0.9463087248322147,0.9418313387141665,0.9865202450772921,0.8175301758633884
2,0.5564572587609291,0.17925438284873962,0.9396207332611084,0.9355381165919282,0.9292873051224945,0.9324022346368716,0.9815941191395787,0.78083973303822
3,0.5279952920973301,0.17463842034339905,0.9371257424354553,0.9306549257017062,0.9306549257017062,0.9306549257017062,0.9827556670393491,0.7869456238754184
4,0.5072072725743055,0.17111356556415558,0.9378742575645447,0.9228985507246377,0.9320843091334895,0.9274686862802214,0.9834122034416047,0.7883066971001861
5,0.48976792953908443,0.16434802114963531,0.9419999718666077,0.9348552338530067,0.9358974358974359,0.9353760445682452,0.9839547762209278,0.8042686546272214
,,,,,,,,
Average,0.10467487359599909,0.16737615466117858,0.9408949971199035,0.932268589750987,0.9348465401374682,0.9335466459802421,0.9836474021837505,0.7955781769008868
Std Dev,0.09786758934813582,0.01105426668448807,0.0038628613923421457,0.005178294357507261,0.006141509676357104,0.004870239224032714,0.001637936895320072,0.013431543316269296
