Fold,Train Loss,Val Loss,Val Accuracy,Val Precision,Val Recall,Val F1,Val ROC AUC,Val R2
1,0.5267884116619825,0.32121148705482483,0.887134850025177,0.8041466123657904,0.7523380671977832,0.7773801002147459,0.9398188560763137,0.4680958757658875
2,0.4707888029515743,0.31364738941192627,0.8882235288619995,0.8074511250461085,0.7550879613659883,0.7803921568627452,0.9415616068860553,0.47957120118028357
3,0.4480037484318018,0.31778812408447266,0.8879513740539551,0.8181478715459298,0.7454916638312351,0.7801317429232686,0.9425635789487067,0.46945765400709777
4,0.432969244197011,0.29975298047065735,0.8902195692062378,0.8048515568428675,0.7681409813407049,0.786067892503536,0.9452500064619169,0.4738785870441866
5,0.4200829956680536,0.3148363530635834,0.8862727284431458,0.8015322874863189,0.7565426997245179,0.7783879539415413,0.9417053467889459,0.4716992492442403
,,,,,,,,
Average,0.12953420567221474,0.3134472668170929,0.887960410118103,0.807225890657403,0.755520274692046,0.7804719692891674,0.9421798790323876,0.4725405134483392
Std Dev,0.0780644731151266,0.007329791892094792,0.0013193128372274317,0.005777143411566362,0.007364970663954212,0.0030112872651767804,0.0017750931668752447,0.00402957970155291
