Fold,Train Loss,Val Loss,Val Accuracy,Val Precision,Val Recall,Val F1,Val ROC AUC,Val R2
1,0.48362820595502853,0.17123563587665558,0.9313191771507263,0.8987809383080901,0.8343621399176955,0.8653743553263383,0.9774070808021426,0.47632453146567094
2,0.3560772407799959,0.1665489673614502,0.9284158945083618,0.8851326790258088,0.8373452544704264,0.8605760735112211,0.9784178025041372,0.4685559566937682
3,0.33726280368864536,0.16681408882141113,0.9328615665435791,0.8941578148710166,0.8364088005677786,0.8643197653098643,0.9778463239902015,0.48555978695347785
4,0.3266520220786333,0.1753113716840744,0.9295953512191772,0.8815597667638484,0.8428571428571429,0.8617741360883505,0.976667725241321,0.43967281616481574
5,0.3178365807980299,0.1635151505470276,0.9318181872367859,0.9039722329348245,0.8239015817223199,0.8620816476645826,0.978927739028209,0.4693212783608935
,,,,,,,,
Average,0.1161663257239852,0.16868504285812377,0.9308020353317261,0.8927206863807177,0.8349749839070727,0.8628251955800714,0.9778533343132023,0.4678868739277252
Std Dev,0.05475194397018012,0.00412807055412379,0.001593199532018233,0.008337065117803182,0.006209641796026476,0.0017577311357289316,0.0007845801478873865,0.015375722180229262
