Fold,Train Loss,Val Loss,Val Accuracy,Val Precision,Val Recall,Val F1,Val ROC AUC,Val R2
1,0.5125689171254635,0.2374354600906372,0.9230629801750183,0.8995,0.8897131552917903,0.894579811039284,0.9733694444231822,0.5748291413180855
2,0.44359410740435123,0.23906497657299042,0.9259662628173828,0.8981435022579026,0.8972431077694235,0.8976930792377131,0.9728374013817251,0.5664052333835637
3,0.42067496851086617,0.22614812850952148,0.9276900887489319,0.9053360697793741,0.8918372504422543,0.8985359643539148,0.9746336636177906,0.5851872978317771
4,0.4037467837333679,0.22917133569717407,0.9298675656318665,0.9124587668104542,0.8936381709741551,0.9029504080351539,0.9750106463249653,0.5771561154548146
5,0.3876342363655567,0.24869544804096222,0.9204545617103577,0.8949886678418535,0.8858424725822532,0.8903920831767507,0.9711923366991183,0.5730661774969233
,,,,,,,,
Average,0.08340733672014904,0.2361030697822571,0.9254082918167115,0.9020854013379168,0.8916548314119753,0.8968302691685632,0.9734086984893564,0.5753287930970328
Std Dev,0.07683974053617872,0.007953187274936805,0.00332995436903466,0.006176731357156208,0.003814429616335183,0.00418628087170277,0.0013643282072887096,0.006091440253636863
