Fold,Train Loss,Val Loss,Val Accuracy,Val Precision,Val Recall,Val F1,Val ROC AUC,Val R2
1,0.5620614513754845,0.37150248885154724,0.8822909593582153,0.8504973221117061,0.8290572792362768,0.8396404562278118,0.9479714209322956,0.5086917541629087
2,0.500854380428791,0.3811638355255127,0.8769128322601318,0.8329601433049709,0.8352043107319264,0.8340807174887892,0.9462942190802324,0.516743102606832
3,0.476232148706913,0.35943493247032166,0.8826236128807068,0.8468104222821204,0.8379019113942806,0.8423326133909288,0.9497124900147306,0.5198114723167593
4,0.4544958807528019,0.3577190041542053,0.8832889795303345,0.8468124140039749,0.833935561577838,0.840324660547675,0.9498973875799648,0.5117086289816853
5,0.4365991782397032,0.3612128496170044,0.8812777996063232,0.8523335883703137,0.8261643429249481,0.8390449649770279,0.9487521026611406,0.518068310712087
,,,,,,,,
Average,0.09987393834866816,0.36620662212371824,0.8812788367271424,0.8458827780146173,0.8324526811730539,0.8390846825264464,0.9485255240536729,0.5150046537560545
Std Dev,0.08388986821212827,0.008883666366460123,0.0022775199359973165,0.006806264853322048,0.004255266425570637,0.002736301459362403,0.0013136200170872933,0.004152834781518473
