Fold,Train Loss,Val Loss,Val Accuracy,Val Precision,Val Recall,Val F1,Val ROC AUC,Val R2
1,0.516666816547513,0.23375548422336578,0.9322892427444458,0.8755555555555555,0.8491379310344828,0.862144420131291,0.9669546632280972,0.5131557444890794
2,0.4336454626172781,0.217502161860466,0.9329034090042114,0.8799508750383789,0.8557778441325768,0.867696033908568,0.9697615173755171,0.5193451395981422
3,0.40758129209280014,0.22250233590602875,0.9360509514808655,0.8927215189873418,0.8509803921568627,0.8713513513513513,0.968624888229097,0.5100607646278452
4,0.3869702238589525,0.20863181352615356,0.9368186593055725,0.88109468386285,0.8629081947011706,0.8719066147859922,0.9718717830471229,0.5299304852393868
5,0.3699000384658575,0.23130479454994202,0.9336923360824585,0.8842975206611571,0.848170731707317,0.8658574540927483,0.9659707637006925,0.5127886741858817
,,,,,,,,
Average,0.06481395466564573,0.22273931801319122,0.9343509197235107,0.8827240308210567,0.8533950187464822,0.8677911748539902,0.9686367231161054,0.5170561616280671
Std Dev,0.07397259375931661,0.009178550585040654,0.0017753522626027442,0.00572988380421851,0.005430004898488073,0.003612364023920033,0.0020817098750453037,0.007118256959600507
