Fold,Train Loss,Val Loss,Val Accuracy,Val Precision,Val Recall,Val F1,Val ROC AUC,Val R2
1,0.6140050962567329,0.37507161498069763,0.8240519165992737,0.7471377167157344,0.6976175931582163,0.7215289843626599,0.9144616072403637,0.4451990511231477
2,0.5579678453505039,0.3644019067287445,0.8254491090774536,0.7369255150554676,0.716707768187423,0.7266760431317394,0.9152290233026698,0.46124336652558195
3,0.5308231674134731,0.3639506995677948,0.8281437158584595,0.7481166066164429,0.7055915971578622,0.7262321144674085,0.9160568833812893,0.450488325435847
4,0.5107912849634886,0.36426639556884766,0.826347291469574,0.7531998687233344,0.6990557416996649,0.7251184834123223,0.9162985618990441,0.4570005211779803
5,0.49434231221675873,0.37251001596450806,0.8206999897956848,0.7384416424183641,0.6988984088127295,0.7181260808049049,0.9136681906544746,0.4387050072378923
,,,,,,,,
Average,0.22247961778566241,0.36804012656211854,0.8249384045600892,0.7447642699058687,0.7035742218031791,0.723536341235807,0.9151428532955682,0.45052725430008983
Std Dev,0.06838777122634021,0.004767029325641686,0.002500792776981973,0.006155524909217585,0.007131916409076482,0.0032535671108678615,0.0009815563902949625,0.008060955718184052
