Fold,Train Loss,Val Loss,Val Accuracy,Val Precision,Val Recall,Val F1,Val ROC AUC,Val R2
1,0.532030027359724,0.2719748020172119,0.9151696562767029,0.8926294820717131,0.8731488698363211,0.8827817178881008,0.9680606340628979,0.5616417040112388
2,0.4688712917268276,0.26419106125831604,0.9112489223480225,0.8809099901088032,0.8738226059654631,0.8773519850261059,0.9689979816981048,0.5632332374376551
3,0.4402245432138443,0.2685595154762268,0.9130311012268066,0.8869514106583072,0.8756286266924564,0.8812536499902667,0.9698051199387893,0.5654001894668357
4,0.42123017087578773,0.26599207520484924,0.9141003489494324,0.8856799037304453,0.8742823203326074,0.8799442064361861,0.9688249477695777,0.5621371678000989
5,0.403804037719965,0.29938337206840515,0.9053571224212646,0.8750250350490687,0.8617357001972387,0.8683295239988076,0.9633901084702186,0.51942877807378
,,,,,,,,
Average,0.07930821154714794,0.27402016520500183,0.9117814302444458,0.8842391643236676,0.8717236246048173,0.8779322166678935,0.9678157583879177,0.5543682153579217
Std Dev,0.08003875292245236,0.012948791309395873,0.0034633634760704982,0.005929806428090443,0.005059479139706886,0.005121446270000786,0.0022812284336961378,0.017517520407781043
