Fold,Train Loss,Val Loss,Val Accuracy,Val Precision,Val Recall,Val F1,Val ROC AUC,Val R2
1,0.5644332133233547,0.13910506665706635,0.9534929990768433,0.9338624338624338,0.913915857605178,0.923781485116127,0.9855895991818321,0.6040333415164889
2,0.4661611896008253,0.14726907014846802,0.9510977864265442,0.9352901934623082,0.9045161290322581,0.9196457855034438,0.9844296102927464,0.6091609190749392
3,0.43504583463072777,0.13774073123931885,0.957485020160675,0.9416609471516816,0.9146666666666666,0.9279675346635103,0.984360873694207,0.6464245601500613
4,0.4142159428447485,0.12218858301639557,0.9590818285942078,0.9360699865410498,0.9267155229846769,0.9313692668228992,0.9881672881136144,0.5132377734559584
5,0.397738978266716,0.13948175311088562,0.9553999900817871,0.9392905866302865,0.9113170086035738,0.9250923748740343,0.9848847061929912,0.6338848538070951
,,,,,,,,
Average,0.09442111705360003,0.13715704083442687,0.9553115248680115,0.9372348295295521,0.9142262369784706,0.9255712893960029,0.9854864154950782,0.6013482896009086
Std Dev,0.07670890916993908,0.00819570195359691,0.002828770961929998,0.0028400061837831224,0.007197532697735155,0.003947224049511222,0.0014102099514208032,0.04673801004617353
