Fold,Train Loss,Val Loss,Val Accuracy,Val Precision,Val Recall,Val F1,Val ROC AUC,Val R2
1,0.5801378041505814,0.9563539028167725,0.9040419459342957,0.8599215150998123,0.8205796157603387,0.8397900524868782,0.9491354042962404,0.4593336477191784
2,0.48943245969712734,0.9311741590499878,0.9006986021995544,0.8578992314261316,0.812651674486329,0.8346626786307744,0.9489666882042953,0.424763242794241
3,0.46282316744327545,0.9511964321136475,0.9009481072425842,0.8542012620391897,0.8229083346664534,0.8382628534180723,0.9517596772593838,0.46976574946958854
4,0.4460751432925463,0.9440259337425232,0.9059381484985352,0.8686885801423246,0.822029822029822,0.8447153801795865,0.9514737085072037,0.4809146365054784
5,0.4302742835134268,0.9153581857681274,0.90420001745224,0.8544801641586868,0.8243154074562851,0.8391267842149455,0.9500787978472227,0.4667784920250611
,,,,,,,,
Average,0.028967743347239207,0.9396217226982116,0.9031653642654419,0.8590381505732289,0.8204969708798456,0.8393115497860514,0.9502828552228693,0.4603111537027095
Std Dev,0.08431382486324371,0.014787950368072848,0.0020262467193076688,0.005279753619713689,0.004106099646283177,0.0032303638545413886,0.001156694733687681,0.019080507527836316
