Fold,Train Loss,Val Loss,Val Accuracy,Val Precision,Val Recall,Val F1,Val ROC AUC,Val R2
1,0.494261059910059,0.25230541825294495,0.9256940484046936,0.8831959871013974,0.8333333333333334,0.857540441815968,0.9631143884756966,0.5624260094844291
2,0.42687371000647545,0.2362007349729538,0.9242424368858337,0.8741435268662099,0.8329896907216495,0.8530705613232447,0.9656836505418981,0.5679369140595596
3,0.3942962922155857,0.24200673401355743,0.9228814840316772,0.8657357679914071,0.8358105772554442,0.8505100246218784,0.9654679297026768,0.5250392538804566
4,0.3753979168832302,0.23037706315517426,0.9275993704795837,0.8779443254817987,0.8436213991769548,0.8604407135362016,0.9674707502139857,0.5552030817229571
5,0.358707157894969,0.2435295581817627,0.9241818189620972,0.8739794107206248,0.8371302278136689,0.8551580409864536,0.9649871174923431,0.5579094019604326
,,,,,,,,
Average,0.07750283807970118,0.24088390171527863,0.9249198317527771,0.8749998036322875,0.8365770456602102,0.8553439564567492,0.96534476728532,0.553702932221567
Std Dev,0.07137887021100063,0.007362567456986805,0.0016085849265514527,0.005717419003910021,0.0038446634675620137,0.003445903876765131,0.0013965899372721591,0.014968297218663986
