Fold,Train Loss,Val Loss,Val Accuracy,Val Precision,Val Recall,Val F1,Val ROC AUC,Val R2
1,0.5571364760398865,0.35482561588287354,0.8880809545516968,0.8556957186544343,0.8459939531368103,0.8508171797795515,0.9503845176145347,0.47616847102421633
2,0.5023406203836203,0.3506949543952942,0.8925719857215881,0.8616758502755083,0.8534060971019948,0.8575210362106458,0.9515646675015154,0.505518326811613
3,0.472542941570282,0.35077011585235596,0.8927858471870422,0.8688867745004757,0.8485411633525367,0.8585934561865363,0.9520975259849626,0.5063171757701651
4,0.4527989085763693,0.32742491364479065,0.8969204425811768,0.86875,0.8589887640449438,0.8638418079096046,0.9559148375476787,0.5258863663464161
5,0.4351086989045143,0.37113991379737854,0.8867142796516418,0.8616518616518617,0.8422316645113616,0.8518310911808671,0.9485387078551862,0.47730135389620415
,,,,,,,,
Average,0.08721625557768857,0.3509711027145386,0.8914147019386292,0.863332041016456,0.8498323284295294,0.856520914253441,0.9517000513007755,0.49823833876972295
Std Dev,0.0872017511874426,0.013972672511595369,0.0036535015091123633,0.0049817413282943,0.0058443555648893565,0.0047627342004201816,0.0024357938855888686,0.019016391140011118
