Fold,Train Loss,Val Loss,Val Accuracy,Val Precision,Val Recall,Val F1,Val ROC AUC,Val R2
1,0.5781130567193031,0.17969593405723572,0.9369039535522461,0.9174082313681868,0.9238308597031644,0.9206083437979629,0.9823292729403277,0.772078538566085
2,0.5003742333501577,0.18079383671283722,0.9339099526405334,0.91973056413135,0.9135768051296348,0.9166433566433566,0.9818256478351698,0.7693490300704302
3,0.4704804942011833,0.19797083735466003,0.9344643950462341,0.9141385231825987,0.9164992826398852,0.9153173807135693,0.9792820746059705,0.7530833349533723
4,0.4486909434199333,0.18017703294754028,0.9391217827796936,0.9263188918361333,0.9131319000581057,0.9196781272860278,0.9815537682455814,0.7718867954928074
5,0.43142642825841904,0.19569140672683716,0.9334444403648376,0.9200919804541535,0.9088586030664395,0.9144407941722611,0.9797575776234876,0.7533318905520962
,,,,,,,,
Average,0.08304129777735215,0.18686580955982207,0.935568904876709,0.9195376381944845,0.915179490119446,0.9173376005226354,0.9809496682501073,0.7639459179269583
Std Dev,0.08703762490774575,0.008175922079186732,0.002139659333132165,0.00400036830938849,0.0049659417101658625,0.0024137347317252636,0.0012031238309746966,0.008820929222967965
