Fold,Train Loss,Val Loss,Val Accuracy,Val Precision,Val Recall,Val F1,Val ROC AUC,Val R2
1,0.5485725775361061,0.39805856347084045,0.8849360346794128,0.8809156378600823,0.8688483003551497,0.8748403575989784,0.949085655945638,0.46197785811189207
2,0.4829370714724064,0.3942495882511139,0.8867558836936951,0.8774804762514403,0.8757986199846665,0.8766387414465691,0.9506193419404632,0.44633127968343356
3,0.4558110944926739,0.4002576470375061,0.8844663500785828,0.8829884159833399,0.8638736788488476,0.8733264675592173,0.9502148126935367,0.44381093549560335
4,0.4350574314594269,0.3841961920261383,0.8875190615653992,0.883545918367347,0.8735182849936949,0.8785034876347495,0.9514227771781649,0.46310692248157265
5,0.41633957996964455,0.3878334164619446,0.8853529691696167,0.8838168923275306,0.8673753480131612,0.8755189372165804,0.9510284856829644,0.453097128026651
,,,,,,,,
Average,0.07798484418747831,0.39291908144950866,0.8858060598373413,0.8817494681579481,0.869882846439104,0.8757655982912189,0.9504742146881535,0.4536648247598306
Std Dev,0.083637172837446,0.006066166119455226,0.0011483551231869357,0.002364573222775473,0.004282072377022637,0.0017392347615700179,0.000802923885400817,0.0078671726751035
