Fold,Train Loss,Val Loss,Val Accuracy,Val Precision,Val Recall,Val F1,Val ROC AUC,Val R2
1,0.5772212743759155,0.13166360557079315,0.9568006992340088,0.9458333333333333,0.929185427752763,0.9374354738798266,0.9877788954605611,0.8024720363521487
2,0.4939067531377077,0.11930984258651733,0.9576561450958252,0.9430405134376254,0.9381484437350359,0.9405881176235247,0.9900485949957901,0.7799497565361851
3,0.4636540338397026,0.11889390647411346,0.9573709964752197,0.9413173652694611,0.9394422310756972,0.9403788634097706,0.9903166198438926,0.7783231518993593
4,0.4413694180548191,0.11384502053260803,0.9612204432487488,0.9483707151925519,0.9372647427854455,0.9427850231384097,0.9909070290538109,0.782244664809589
5,0.4227639101445675,0.11305846273899078,0.9588571190834045,0.9393449251920744,0.9439252336448598,0.9416295095257396,0.991269129998812,0.7910170123124759
,,,,,,,,
Average,0.08852557643334148,0.11935416758060455,0.9583810806274414,0.9435813704850092,0.9375932157987602,0.9405633975154544,0.9900640538705734,0.7868013243819516
Std Dev,0.08337628779361107,0.006659169156504667,0.0015704776072972407,0.0032054601566596595,0.004787909353899267,0.0017827386469849436,0.001220556687822661,0.00897696803412574
