SNP,Accuracy Score
chr22_46283297_G_A_PRS313_Unknown_combined,0.7704590818363274
chr22_39343916_T_A_PRS313_Known_combined,0.8163672654690619
"chr22_38583315_AAAAG_AAAAGAAAG,AAAAGAAAGAAAG,A_PRS313_Unknown_combined",0.8942115768463074
chr22_40904707_CT_C_PRS313_Unknown_combined,0.9560878243512974
chr22_19766137_C_T_PRS313_Unknown_combined,0.812375249500998
chr22_43433100_C_T_PRS313_Unknown_combined,0.9560878243512974
chr22_45319953_G_A_PRS313_Unknown_combined,0.8243512974051896
chr22_29203724_C_T_PRS313_Unknown_combined,1.0
chr22_29135543_G_A_PRS313_Unknown_combined,1.0
chr22_29121087_A_G_PRS313_Known_combined,0.998003992015968
chr22_29551872_A_G_PRS313_Unknown_combined,0.9940119760479041
