SNP,IQS Score
chr22_46283297_G_A_PRS313_Unknown_combined,0.4653148345784417
chr22_39343916_T_A_PRS313_Known_combined,0.11374184015372764
"chr22_38583315_AAAAG_AAAAGAAAG,AAAAGAAAGAAAG,A_PRS313_Unknown_combined",0.8321080023799915
chr22_40904707_CT_C_PRS313_Unknown_combined,0.8919526773060571
chr22_19766137_C_T_PRS313_Unknown_combined,0.7165415080753009
chr22_43433100_C_T_PRS313_Unknown_combined,0.6776476643932573
chr22_45319953_G_A_PRS313_Unknown_combined,0.7327126861441404
chr22_29203724_C_T_PRS313_Unknown_combined,1.0
chr22_29551872_A_G_PRS313_Unknown_combined,0.7990373044524621
chr22_29135543_G_A_PRS313_Unknown_combined,1.0
chr22_29121087_A_G_PRS313_Known_combined,0.0
