SNP,AUC Score
chr22_46283297_G_A_PRS313_Unknown_combined,0.6797405878702799
chr22_39343916_T_A_PRS313_Known_combined,0.8444162011146545
"chr22_38583315_AAAAG_AAAAGAAAG,AAAAGAAAGAAAG,A_PRS313_Unknown_combined",0.9212732116381327
chr22_40904707_CT_C_PRS313_Unknown_combined,0.9543332457542419
chr22_19766137_C_T_PRS313_Unknown_combined,0.8515817125638326
chr22_43433100_C_T_PRS313_Unknown_combined,0.839116116364797
chr22_45319953_G_A_PRS313_Unknown_combined,0.8588191072146097
chr22_29203724_C_T_PRS313_Unknown_combined,1.0
chr22_29135543_G_A_PRS313_Unknown_combined,1.0
chr22_29121087_A_G_PRS313_Known_combined,0.5
chr22_29551872_A_G_PRS313_Unknown_combined,0.7489960193634033
