SNP,R2 Score
chr22_46283297_G_A_PRS313_Unknown_combined,0.3489478864600871
chr22_39343916_T_A_PRS313_Known_combined,0.05442902910284597
"chr22_38583315_AAAAG_AAAAGAAAG,AAAAGAAAGAAAG,A_PRS313_Unknown_combined",0.7689631115801314
chr22_40904707_CT_C_PRS313_Unknown_combined,0.8319477244865296
chr22_19766137_C_T_PRS313_Unknown_combined,0.6950529318325255
chr22_43433100_C_T_PRS313_Unknown_combined,0.5883194152920591
chr22_45319953_G_A_PRS313_Unknown_combined,0.7003488630479975
chr22_29203724_C_T_PRS313_Unknown_combined,0.9440781839922999
chr22_29551872_A_G_PRS313_Unknown_combined,-0.15434090991891458
chr22_29135543_G_A_PRS313_Unknown_combined,0.9953107649429633
chr22_29121087_A_G_PRS313_Known_combined,-0.22299433918466516
