SNP,IQS Score
chr22_46283297_G_A_PRS313_Unknown_combined,0.43803142745545776
chr22_39343916_T_A_PRS313_Known_combined,0.7035104236718225
"chr22_38583315_AAAAG_AAAAGAAAG,AAAAGAAAGAAAG,A_PRS313_Unknown_combined",0.8280216192931326
chr22_40904707_CT_C_PRS313_Unknown_combined,0.8871009044629046
chr22_19766137_C_T_PRS313_Unknown_combined,0.7062530201990915
chr22_43433100_C_T_PRS313_Unknown_combined,0.6354435403849965
chr22_45319953_G_A_PRS313_Unknown_combined,0.7233811848915024
chr22_29203724_C_T_PRS313_Unknown_combined,1.0
chr22_29135543_G_A_PRS313_Unknown_combined,1.0
chr22_29121087_A_G_PRS313_Known_combined,0.0
chr22_29551872_A_G_PRS313_Unknown_combined,0.4974924774322927
