SNP,R2 Score
chr12_115796577_A_G_PRS313_Unknown_maternal,0.8850416025799541
chr12_115796577_A_G_PRS313_Unknown_paternal,0.8717301286058843
chr12_103097887_C_T_PRS313_Unknown_maternal,0.9751937022667133
chr12_103097887_C_T_PRS313_Unknown_paternal,0.9526572653326405
chr12_85004551_C_T_PRS313_Unknown_maternal,0.982500248923278
chr12_85004551_C_T_PRS313_Unknown_paternal,0.9762540098831856
chr12_111600134_G_T_PRS313_Unknown_maternal,0.6777200203386644
chr12_111600134_G_T_PRS313_Unknown_paternal,0.5631709374169556
chr12_28149568_C_T_PRS313_Unknown_maternal,0.9869911802688447
chr12_28149568_C_T_PRS313_Unknown_paternal,0.9734933056621138
chr12_29140260_G_A_PRS313_Unknown_maternal,0.9021421899322849
chr12_29140260_G_A_PRS313_Unknown_paternal,0.8455354842338304
chr12_293626_A_G_PRS313_Unknown_maternal,0.3986922418154032
chr12_293626_A_G_PRS313_Unknown_paternal,0.3807582804320654
chr12_70798355_A_T_PRS313_Unknown_maternal,0.8811036431217555
chr12_70798355_A_T_PRS313_Unknown_paternal,0.8511368656350392
chr12_83064195_G_GA_PRS313_Unknown_maternal,-0.2768707140216735
chr12_83064195_G_GA_PRS313_Unknown_paternal,-0.18948861401454087
chr12_115108136_T_C_PRS313_Unknown_maternal,0.6883197747285279
chr12_115108136_T_C_PRS313_Unknown_paternal,0.5843768342576923
chr12_28347382_C_T_PRS313_Unknown_maternal,0.635061525999495
chr12_28347382_C_T_PRS313_Unknown_paternal,0.5577271613045086
