SNP,IQS Score
chr12_115796577_A_G_PRS313_Unknown_maternal,0.936730175033887
chr12_115796577_A_G_PRS313_Unknown_paternal,0.9250098228151253
chr12_103097887_C_T_PRS313_Unknown_maternal,0.9771048181942813
chr12_103097887_C_T_PRS313_Unknown_paternal,0.9675612677652239
chr12_85004551_C_T_PRS313_Unknown_maternal,0.9904476815131178
chr12_85004551_C_T_PRS313_Unknown_paternal,0.990172231158539
chr12_111600134_G_T_PRS313_Unknown_maternal,0.7779845785695296
chr12_111600134_G_T_PRS313_Unknown_paternal,0.7640536027743287
chr12_28149568_C_T_PRS313_Unknown_maternal,0.9900256823747235
chr12_28149568_C_T_PRS313_Unknown_paternal,0.9874130090696678
chr12_29140260_G_A_PRS313_Unknown_maternal,0.9252573474563629
chr12_29140260_G_A_PRS313_Unknown_paternal,0.9111465815376432
chr12_293626_A_G_PRS313_Unknown_maternal,0.5909795231510023
chr12_293626_A_G_PRS313_Unknown_paternal,0.6085590701495783
chr12_70798355_A_T_PRS313_Unknown_maternal,0.9244685662596112
chr12_70798355_A_T_PRS313_Unknown_paternal,0.8977472765772893
chr12_83064195_G_GA_PRS313_Unknown_maternal,0.7965619924201411
chr12_83064195_G_GA_PRS313_Unknown_paternal,0.8927516376246951
chr12_115108136_T_C_PRS313_Unknown_maternal,0.8208833949059078
chr12_115108136_T_C_PRS313_Unknown_paternal,0.757405419061454
chr12_28347382_C_T_PRS313_Unknown_maternal,0.7141449245292802
chr12_28347382_C_T_PRS313_Unknown_paternal,0.6995802518488909
