SNP,R2 Score
chr12_14413931_G_C_PRS313_Known_maternal,0.1706979942691178
chr12_14413931_G_C_PRS313_Known_paternal,0.3092132574561926
chr12_115796577_A_G_PRS313_Unknown_maternal,0.7890694546808468
chr12_115796577_A_G_PRS313_Unknown_paternal,0.8060594495869626
chr12_115835836_T_C_PRS313_Known_maternal,0.9070141300005531
chr12_115835836_T_C_PRS313_Known_paternal,0.8868534189731946
chr12_120832146_C_T_PRS313_Known_maternal,0.22662948880305084
chr12_120832146_C_T_PRS313_Known_paternal,0.1649706179766688
chr12_103097887_C_T_PRS313_Unknown_maternal,0.9098775738497228
chr12_103097887_C_T_PRS313_Unknown_paternal,0.9079879067267251
chr12_96027759_A_G_PRS313_Known_maternal,0.7262773293893839
chr12_96027759_A_G_PRS313_Known_paternal,0.7792505652748463
chr12_85004551_C_T_PRS313_Unknown_maternal,0.9299167056260877
chr12_85004551_C_T_PRS313_Unknown_paternal,0.9239295635102159
chr12_111600134_G_T_PRS313_Unknown_maternal,0.6593652285945065
chr12_111600134_G_T_PRS313_Unknown_paternal,0.6537295009486183
chr12_28149568_C_T_PRS313_Unknown_maternal,0.979920334900808
chr12_28149568_C_T_PRS313_Unknown_paternal,0.9593300896989555
chr12_29140260_G_A_PRS313_Unknown_maternal,0.8003827418375019
chr12_29140260_G_A_PRS313_Unknown_paternal,0.7889430844899018
chr12_57146069_T_G_PRS313_Known_maternal,0.3826098527882532
chr12_57146069_T_G_PRS313_Known_paternal,0.308654750952574
chr12_293626_A_G_PRS313_Unknown_maternal,0.3904346754017485
chr12_293626_A_G_PRS313_Unknown_paternal,0.4236886520317237
chr12_70798355_A_T_PRS313_Unknown_maternal,0.8720746032962401
chr12_70798355_A_T_PRS313_Unknown_paternal,0.8078330754421308
chr12_28174817_C_T_PRS313_Known_maternal,0.90413698387434
chr12_28174817_C_T_PRS313_Known_paternal,0.7879344288029192
chr12_83064195_G_GA_PRS313_Unknown_maternal,0.7002027394111323
chr12_83064195_G_GA_PRS313_Unknown_paternal,0.7819266873356665
chr12_115108136_T_C_PRS313_Unknown_maternal,0.6519985528909581
chr12_115108136_T_C_PRS313_Unknown_paternal,0.6378946577139365
chr12_28347382_C_T_PRS313_Unknown_maternal,0.6641087921391592
chr12_28347382_C_T_PRS313_Unknown_paternal,0.6219535867629309
