SNP,R2 Score
chr12_115796577_A_G_PRS313_Unknown_maternal,0.06906265
chr12_115796577_A_G_PRS313_Unknown_paternal,0.26814294
chr12_103097887_C_T_PRS313_Unknown_maternal,0.7859029
chr12_103097887_C_T_PRS313_Unknown_paternal,0.80535865
chr12_85004551_C_T_PRS313_Unknown_maternal,0.9050687
chr12_85004551_C_T_PRS313_Unknown_paternal,0.8847738
chr12_111600134_G_T_PRS313_Unknown_maternal,0.17498106
chr12_111600134_G_T_PRS313_Unknown_paternal,-0.0014952421
chr12_28149568_C_T_PRS313_Unknown_maternal,0.9001192
chr12_28149568_C_T_PRS313_Unknown_paternal,0.8993641
chr12_29140260_G_A_PRS313_Unknown_maternal,0.7210381
chr12_29140260_G_A_PRS313_Unknown_paternal,0.7784387
chr12_293626_A_G_PRS313_Unknown_maternal,0.9244449
chr12_293626_A_G_PRS313_Unknown_paternal,0.9191414
chr12_70798355_A_T_PRS313_Unknown_maternal,0.65515316
chr12_70798355_A_T_PRS313_Unknown_paternal,0.63527095
chr12_83064195_G_GA_PRS313_Unknown_maternal,0.9795024
chr12_83064195_G_GA_PRS313_Unknown_paternal,0.9584966
chr12_115108136_T_C_PRS313_Unknown_maternal,0.79340637
chr12_115108136_T_C_PRS313_Unknown_paternal,0.78723824
chr12_28347382_C_T_PRS313_Unknown_maternal,0.3696887
chr12_28347382_C_T_PRS313_Unknown_paternal,0.28263187
