SNP,R2 Score
chr12_115796577_A_G_PRS313_Unknown_maternal,0.9044630330921539
chr12_115796577_A_G_PRS313_Unknown_paternal,0.8685255117253977
chr12_103097887_C_T_PRS313_Unknown_maternal,0.9582614289550452
chr12_103097887_C_T_PRS313_Unknown_paternal,0.9494904793400832
chr12_85004551_C_T_PRS313_Unknown_maternal,0.9825100590216473
chr12_85004551_C_T_PRS313_Unknown_paternal,0.9790171009462011
chr12_111600134_G_T_PRS313_Unknown_maternal,0.655803722010627
chr12_111600134_G_T_PRS313_Unknown_paternal,0.5832611241300221
chr12_28149568_C_T_PRS313_Unknown_maternal,0.988171032838411
chr12_28149568_C_T_PRS313_Unknown_paternal,0.971684326440729
chr12_29140260_G_A_PRS313_Unknown_maternal,0.9044992555044827
chr12_29140260_G_A_PRS313_Unknown_paternal,0.8387769801393252
chr12_293626_A_G_PRS313_Unknown_maternal,0.35416096589125556
chr12_293626_A_G_PRS313_Unknown_paternal,0.38187988457746724
chr12_70798355_A_T_PRS313_Unknown_maternal,0.8871388491738945
chr12_70798355_A_T_PRS313_Unknown_paternal,0.8442526896389331
chr12_83064195_G_GA_PRS313_Unknown_maternal,0.7143326162374393
chr12_83064195_G_GA_PRS313_Unknown_paternal,0.8083782988223569
chr12_115108136_T_C_PRS313_Unknown_maternal,0.7131125564822467
chr12_115108136_T_C_PRS313_Unknown_paternal,0.6151217120266907
chr12_28347382_C_T_PRS313_Unknown_maternal,0.583475388223119
chr12_28347382_C_T_PRS313_Unknown_paternal,0.546422523555762
