SNP,IQS Score
chr12_14413931_G_C_PRS313_Known_maternal,0.36053284435335986
chr12_14413931_G_C_PRS313_Known_paternal,0.4971203040491156
chr12_115796577_A_G_PRS313_Unknown_maternal,0.859469429734715
chr12_115796577_A_G_PRS313_Unknown_paternal,0.8911887742093882
chr12_115835836_T_C_PRS313_Known_maternal,0.9386525604290648
chr12_115835836_T_C_PRS313_Known_paternal,0.9221699848738809
chr12_120832146_C_T_PRS313_Known_maternal,0.39293751081876427
chr12_120832146_C_T_PRS313_Known_paternal,0.36585489342311805
chr12_103097887_C_T_PRS313_Unknown_maternal,0.9379739391500821
chr12_103097887_C_T_PRS313_Unknown_paternal,0.9415529223538822
chr12_96027759_A_G_PRS313_Known_maternal,0.7927475255017101
chr12_96027759_A_G_PRS313_Known_paternal,0.8560256173409692
chr12_85004551_C_T_PRS313_Unknown_maternal,0.951487334417848
chr12_85004551_C_T_PRS313_Unknown_paternal,0.9448916532504025
chr12_111600134_G_T_PRS313_Unknown_maternal,0.7779845785695296
chr12_111600134_G_T_PRS313_Unknown_paternal,0.7926581964160082
chr12_28149568_C_T_PRS313_Unknown_maternal,0.9900256823747235
chr12_28149568_C_T_PRS313_Unknown_paternal,0.9614387972393973
chr12_29140260_G_A_PRS313_Unknown_maternal,0.8586379376683339
chr12_29140260_G_A_PRS313_Unknown_paternal,0.8516975203224262
chr12_57146069_T_G_PRS313_Known_maternal,0.5702079472925675
chr12_57146069_T_G_PRS313_Known_paternal,0.4337819788348916
chr12_293626_A_G_PRS313_Unknown_maternal,0.5708887545344618
chr12_293626_A_G_PRS313_Unknown_paternal,0.5973943747717033
chr12_70798355_A_T_PRS313_Unknown_maternal,0.9238890998860616
chr12_70798355_A_T_PRS313_Unknown_paternal,0.8840754833401894
chr12_28174817_C_T_PRS313_Known_maternal,0.9282804752671099
chr12_28174817_C_T_PRS313_Known_paternal,0.8287179487179488
chr12_83064195_G_GA_PRS313_Unknown_maternal,0.7833291603122938
chr12_83064195_G_GA_PRS313_Unknown_paternal,0.856986012604027
chr12_115108136_T_C_PRS313_Unknown_maternal,0.7738597205861305
chr12_115108136_T_C_PRS313_Unknown_paternal,0.7448945321387169
chr12_28347382_C_T_PRS313_Unknown_maternal,0.7904951664083831
chr12_28347382_C_T_PRS313_Unknown_paternal,0.7120592312113323
