SNP,R2 Score
chr8_106358620_A_T_PRS313_Known_combined,0.40623257110987776
chr8_143669254_A_G_PRS313_Unknown_combined,0.47752110744439347
chr8_76333056_C_T_PRS313_Known_combined,0.465776378592467
chr8_124571581_G_A_PRS313_Unknown_combined,0.48041821589896283
chr8_170692_T_C_PRS313_Known_combined,0.09566787003610844
chr8_76230943_A_G_PRS313_Unknown_combined,0.8066715259614958
chr8_117209548_A_G_PRS313_Known_combined,0.713657724277106
chr8_128213561_C_CA_PRS313_Unknown_combined,-0.30165523496400315
chr8_124739913_T_G_PRS313_Unknown_combined,0.8124744793793401
chr8_29509616_A_C_PRS313_Known_combined,0.7461164243462897
chr8_128372172_A_G_PRS313_Known_combined,0.8065535215964337
chr8_23447496_A_G_PRS313_Unknown_combined,0.7488770218426475
chr8_102483100_T_C_PRS313_Unknown_combined,-0.16151468315301432
chr8_120862186_A_G_PRS313_Unknown_combined,0.7869092627599228
chr8_124563705_T_C_PRS313_Unknown_combined,0.23672458307165511
chr8_76378165_G_T_PRS313_Known_combined,0.4540253371475327
chr8_128370949_C_G_PRS313_Unknown_combined,0.8062957115700622
chr8_36858483_A_G_PRS313_Known_combined,0.755728912725502
chr8_17787610_CT_C_PRS313_Unknown_combined,0.11949258717894495
chr8_23663653_C_A_PRS313_Unknown_combined,0.6390606786685644
chr8_129199566_G_A_PRS313_Unknown_combined,0.7658230039470952
