SNP,IQS Score
chr8_106358620_A_T_PRS313_Known_combined,0.5947373429767796
chr8_143669254_A_G_PRS313_Unknown_combined,0.5738129389192109
chr8_76333056_C_T_PRS313_Known_combined,0.6827488466061574
chr8_124571581_G_A_PRS313_Unknown_combined,0.6168943719412724
chr8_170692_T_C_PRS313_Known_combined,0.3882873870958252
chr8_76230943_A_G_PRS313_Unknown_combined,0.8671028781113225
chr8_117209548_A_G_PRS313_Known_combined,0.7607023219676226
chr8_128213561_C_CA_PRS313_Unknown_combined,0.24108807956956993
chr8_124739913_T_G_PRS313_Unknown_combined,0.8517831208649348
chr8_29509616_A_C_PRS313_Known_combined,0.809842242557244
chr8_128372172_A_G_PRS313_Known_combined,0.8488998560559325
chr8_23447496_A_G_PRS313_Unknown_combined,0.8194169615206373
chr8_102483100_T_C_PRS313_Unknown_combined,0.35062393575113704
chr8_120862186_A_G_PRS313_Unknown_combined,0.8726415094339625
chr8_124563705_T_C_PRS313_Unknown_combined,0.5458133769765819
chr8_76378165_G_T_PRS313_Known_combined,0.5758577726662834
chr8_128370949_C_G_PRS313_Unknown_combined,0.8429405540969476
chr8_36858483_A_G_PRS313_Known_combined,0.8174505297382141
chr8_17787610_CT_C_PRS313_Unknown_combined,0.37862628835210327
chr8_23663653_C_A_PRS313_Unknown_combined,0.711435412891535
chr8_129199566_G_A_PRS313_Unknown_combined,0.8497584272782808
