SNP,Accuracy Score
chr15_66630569_G_A_PRS313_Unknown_combined,0.9920159680638723
chr15_100905819_A_C_PRS313_Unknown_combined,0.9281437125748503
chr15_67457698_A_G_PRS313_Known_combined,0.9780439121756487
chr15_46680811_C_A_PRS313_Unknown_combined,0.9860279441117764
chr15_91512267_G_T_PRS313_Unknown_combined,0.9481037924151696
chr15_50694306_A_G_PRS313_Known_combined,0.9960079840319361
chr15_75750383_T_C_PRS313_Unknown_combined,0.9760479041916168
