SNP,R2 Score
chr15_66630569_G_A_PRS313_Unknown_combined,0.6759806583494866
chr15_100905819_A_C_PRS313_Unknown_combined,0.8896161914056312
chr15_67457698_A_G_PRS313_Known_combined,0.9657759624675857
chr15_46680811_C_A_PRS313_Unknown_combined,0.6553611181597105
chr15_91512267_G_T_PRS313_Unknown_combined,0.9231487475239746
chr15_50694306_A_G_PRS313_Known_combined,0.9936792850472002
chr15_75750383_T_C_PRS313_Unknown_combined,0.9437082260678092
