SNP,IQS Score
chr15_66630569_G_A_PRS313_Unknown_combined,0.773763829306842
chr15_100905819_A_C_PRS313_Unknown_combined,0.8845961890380456
chr15_67457698_A_G_PRS313_Known_combined,0.9644440143230426
chr15_46680811_C_A_PRS313_Unknown_combined,0.7671778530173265
chr15_91512267_G_T_PRS313_Unknown_combined,0.9199999999999999
chr15_50694306_A_G_PRS313_Known_combined,0.9927593831745984
chr15_75750383_T_C_PRS313_Unknown_combined,0.9477916529169634
