SNP,R2 Score
chr15_66630569_G_A_PRS313_Unknown_combined,0.619918331643002
chr15_100905819_A_C_PRS313_Unknown_combined,0.8895276386390301
chr15_67457698_A_G_PRS313_Known_combined,0.9652536891904807
chr15_46680811_C_A_PRS313_Unknown_combined,0.6530168737060043
chr15_91512267_G_T_PRS313_Unknown_combined,0.9209103082935302
chr15_50694306_A_G_PRS313_Known_combined,0.993639058415531
chr15_75750383_T_C_PRS313_Unknown_combined,0.9436682800220779
