SNP,AUC Score
chr15_66630569_G_A_PRS313_Unknown_combined,0.9344574036511156
chr15_100905819_A_C_PRS313_Unknown_combined,0.9394865162897901
chr15_67457698_A_G_PRS313_Known_combined,0.9846070049896646
chr15_46680811_C_A_PRS313_Unknown_combined,0.8322981366459627
chr15_91512267_G_T_PRS313_Unknown_combined,0.9639154045690441
chr15_50694306_A_G_PRS313_Known_combined,0.9978961599973619
chr15_75750383_T_C_PRS313_Unknown_combined,0.9637394646619644
