SNP,R2 Score
chr15_66630569_G_A_PRS313_Unknown_combined,0.49188640973630837
chr15_100905819_A_C_PRS313_Unknown_combined,0.858928431755964
chr15_67457698_A_G_PRS313_Known_combined,0.9561072350186371
chr15_46680811_C_A_PRS313_Unknown_combined,0.5966183574879229
chr15_91512267_G_T_PRS313_Unknown_combined,0.9057316543638732
chr15_50694306_A_G_PRS313_Known_combined,0.9912690390714858
chr15_75750383_T_C_PRS313_Unknown_combined,0.9209924566982942
