SNP,R2 Score
chr1_88156923_G_A_PRS313_Known_combined,-2.2455971975622684
chr1_120257110_T_C_PRS313_Known_combined,-0.5000528373665858
chr1_114445880_G_A_PRS313_Unknown_combined,0.509916717521625
chr1_88428199_C_A_PRS313_Unknown_combined,-0.1435548792460204
chr1_202184600_C_T_PRS313_Unknown_combined,0.33159434691398837
chr1_121280613_A_G_PRS313_Known_combined,-0.13658582220455528
chr1_118141492_A_C_PRS313_Unknown_combined,0.3528261704430382
chr1_168171052_CA_C_PRS313_Unknown_combined,-0.39612237637849823
chr1_110198129_CAAA_C_PRS313_Unknown_combined,0.23090121004154673
chr1_220671050_C_T_PRS313_Unknown_combined,0.07715923045436346
chr1_46670206_TC_T_PRS313_Unknown_combined,-0.029223423156660377
chr1_41389220_T_C_PRS313_Unknown_combined,-10.110887096773961
chr1_208076291_G_A_PRS313_Unknown_combined,0.18964549246069629
chr1_51467096_CT_C_PRS313_Unknown_combined,-0.02671550445103188
chr1_100880328_A_T_PRS313_Unknown_combined,-0.028583706014361887
chr1_149906413_T_C_PRS313_Known_combined,-0.8384184052115036
chr1_18807339_T_C_PRS313_Known_combined,-0.31870550161811906
chr1_7917076_G_A_PRS313_Unknown_combined,0.2734757595448293
chr1_217053815_T_G_PRS313_Unknown_combined,0.3898789427992678
chr1_145604302_C_CT_PRS313_Unknown_combined,0.16436784328569642
chr1_203770448_T_A_PRS313_Unknown_combined,0.13306800484512127
chr1_10566215_A_G_PRS313_Known_combined,-0.7901138572618871
chr1_242034263_A_G_PRS313_Known_combined,-6.602784730913725
chr1_41380440_C_T_PRS313_Known_combined,-0.5908689976361003
chr1_217220574_G_A_PRS313_Known_combined,-1.1757904345661219
chr1_155556971_G_A_PRS313_Unknown_combined,0.5331283198210781
chr1_201437832_C_T_PRS313_Known_combined,-2.9453321159553076
chr1_204502514_T_TTCTGAAACAGGG_PRS313_Unknown_combined,0.23309666492964354
chr1_172328767_T_TA_PRS313_Unknown_combined,0.09391551479137816
chr1_121287994_A_G_PRS313_Unknown_combined,-0.48952698814593476
