SNP,IQS Score
chr1_114445880_G_A_PRS313_Unknown_combined,0.08693687587546847
chr1_88428199_C_A_PRS313_Unknown_combined,0.041990999169451176
chr1_202184600_C_T_PRS313_Unknown_combined,0.9741125406913657
chr1_118141492_A_C_PRS313_Unknown_combined,0.6437886437886439
chr1_168171052_CA_C_PRS313_Unknown_combined,0.9321251822985153
chr1_110198129_CAAA_C_PRS313_Unknown_combined,0.7788852314312511
chr1_220671050_C_T_PRS313_Unknown_combined,0.9023788260128277
chr1_46670206_TC_T_PRS313_Unknown_combined,0.6727711206571709
chr1_41389220_T_C_PRS313_Unknown_combined,0.38790470372632885
chr1_208076291_G_A_PRS313_Unknown_combined,0.6490462334303265
chr1_51467096_CT_C_PRS313_Unknown_combined,0.9233006736068586
chr1_100880328_A_T_PRS313_Unknown_combined,0.49622926093514397
chr1_7917076_G_A_PRS313_Unknown_combined,0.9775643178612212
chr1_217053815_T_G_PRS313_Unknown_combined,0.6155682496376501
chr1_145604302_C_CT_PRS313_Unknown_combined,0.5488786952089704
chr1_203770448_T_A_PRS313_Unknown_combined,0.3322743694414875
chr1_155556971_G_A_PRS313_Unknown_combined,0.0976040781648261
chr1_204502514_T_TTCTGAAACAGGG_PRS313_Unknown_combined,0.8232379119557374
chr1_172328767_T_TA_PRS313_Unknown_combined,0.7882645298711838
chr1_121287994_A_G_PRS313_Unknown_combined,0.9147132424288853
