SNP,IQS Score
chr1_114445880_G_A_PRS313_Unknown_combined,0.03678877630553398
chr1_88428199_C_A_PRS313_Unknown_combined,0.09047847588840406
chr1_202184600_C_T_PRS313_Unknown_combined,0.9741743702532734
chr1_118141492_A_C_PRS313_Unknown_combined,0.6730120744044381
chr1_168171052_CA_C_PRS313_Unknown_combined,0.9281342641292915
chr1_110198129_CAAA_C_PRS313_Unknown_combined,0.8157376928593759
chr1_220671050_C_T_PRS313_Unknown_combined,0.8901056941612303
chr1_46670206_TC_T_PRS313_Unknown_combined,0.7293981481481482
chr1_41389220_T_C_PRS313_Unknown_combined,0.3635424068212648
chr1_208076291_G_A_PRS313_Unknown_combined,0.6523120753889985
chr1_51467096_CT_C_PRS313_Unknown_combined,0.9227030779912059
chr1_100880328_A_T_PRS313_Unknown_combined,0.0
chr1_7917076_G_A_PRS313_Unknown_combined,0.9720389779995311
chr1_217053815_T_G_PRS313_Unknown_combined,0.6409805399670548
chr1_145604302_C_CT_PRS313_Unknown_combined,0.5715092112690513
chr1_203770448_T_A_PRS313_Unknown_combined,0.3196128299464184
chr1_155556971_G_A_PRS313_Unknown_combined,0.07974068071312829
chr1_204502514_T_TTCTGAAACAGGG_PRS313_Unknown_combined,0.843260414410512
chr1_172328767_T_TA_PRS313_Unknown_combined,0.7758200008442737
chr1_121287994_A_G_PRS313_Unknown_combined,0.9147132424288853
