SNP,IQS Score
chr1_88156923_G_A_PRS313_Known_combined,0.035026394635468645
chr1_120257110_T_C_PRS313_Known_combined,0.007851369791119917
chr1_114445880_G_A_PRS313_Unknown_combined,0.6204138522568886
chr1_88428199_C_A_PRS313_Unknown_combined,0.36996617617299304
chr1_202184600_C_T_PRS313_Unknown_combined,0.5245694580885742
chr1_121280613_A_G_PRS313_Known_combined,0.3425102031986847
chr1_118141492_A_C_PRS313_Unknown_combined,0.48730146657170703
chr1_168171052_CA_C_PRS313_Unknown_combined,0.41362359550561795
chr1_110198129_CAAA_C_PRS313_Unknown_combined,0.3734168031342634
chr1_220671050_C_T_PRS313_Unknown_combined,0.4165895315159296
chr1_46670206_TC_T_PRS313_Unknown_combined,0.5068313357334912
chr1_41389220_T_C_PRS313_Unknown_combined,0.09296138924810629
chr1_208076291_G_A_PRS313_Unknown_combined,0.5023028989433757
chr1_51467096_CT_C_PRS313_Unknown_combined,0.23666459572202014
chr1_100880328_A_T_PRS313_Unknown_combined,0.21259644300507566
chr1_149906413_T_C_PRS313_Known_combined,0.12175728712966068
chr1_18807339_T_C_PRS313_Known_combined,0.020063719954831402
chr1_7917076_G_A_PRS313_Unknown_combined,0.41201861871419476
chr1_217053815_T_G_PRS313_Unknown_combined,0.4222868819157327
chr1_145604302_C_CT_PRS313_Unknown_combined,0.4869636580193475
chr1_203770448_T_A_PRS313_Unknown_combined,0.38668081286215633
chr1_10566215_A_G_PRS313_Known_combined,0.020948469006721454
chr1_242034263_A_G_PRS313_Known_combined,-0.006396363059681538
chr1_41380440_C_T_PRS313_Known_combined,-0.032921429987444586
chr1_217220574_G_A_PRS313_Known_combined,0.04168978776464133
chr1_155556971_G_A_PRS313_Unknown_combined,0.594315559334386
chr1_201437832_C_T_PRS313_Known_combined,0.08366961823196344
chr1_204502514_T_TTCTGAAACAGGG_PRS313_Unknown_combined,0.571506560151402
chr1_172328767_T_TA_PRS313_Unknown_combined,0.2999700585995979
chr1_121287994_A_G_PRS313_Unknown_combined,0.4514254896673451
