SNP,R2 Score
chr1_88156923_G_A_PRS313_Known_combined,-0.1900523057728316
chr1_120257110_T_C_PRS313_Known_combined,-0.3897548346190427
chr1_114445880_G_A_PRS313_Unknown_combined,0.7437179165021341
chr1_88428199_C_A_PRS313_Unknown_combined,0.4528151384252914
chr1_202184600_C_T_PRS313_Unknown_combined,0.6681020205366011
chr1_121280613_A_G_PRS313_Known_combined,0.4785766073391473
chr1_118141492_A_C_PRS313_Unknown_combined,0.6108211430366919
chr1_168171052_CA_C_PRS313_Unknown_combined,0.38610221747895823
chr1_110198129_CAAA_C_PRS313_Unknown_combined,0.4653323920074923
chr1_220671050_C_T_PRS313_Unknown_combined,0.39556627959584034
chr1_46670206_TC_T_PRS313_Unknown_combined,0.7311037903464581
chr1_41389220_T_C_PRS313_Unknown_combined,-0.010080645161269164
chr1_208076291_G_A_PRS313_Unknown_combined,0.7655999358357386
chr1_51467096_CT_C_PRS313_Unknown_combined,0.22415615727003468
chr1_100880328_A_T_PRS313_Unknown_combined,0.2465026339662233
chr1_149906413_T_C_PRS313_Known_combined,-0.12060897171600082
chr1_18807339_T_C_PRS313_Known_combined,-0.4628263214670938
chr1_7917076_G_A_PRS313_Unknown_combined,0.48785996164635503
chr1_217053815_T_G_PRS313_Unknown_combined,0.5499602102826282
chr1_145604302_C_CT_PRS313_Unknown_combined,0.7036765401722327
chr1_203770448_T_A_PRS313_Unknown_combined,0.46057564745918655
chr1_10566215_A_G_PRS313_Known_combined,-0.45620660927521395
chr1_242034263_A_G_PRS313_Known_combined,-0.018929912390499126
chr1_41380440_C_T_PRS313_Known_combined,-0.3522386479906854
chr1_217220574_G_A_PRS313_Known_combined,-0.2888440153799321
chr1_155556971_G_A_PRS313_Unknown_combined,0.6926428105488764
chr1_201437832_C_T_PRS313_Known_combined,-0.02921707372747151
chr1_204502514_T_TTCTGAAACAGGG_PRS313_Unknown_combined,0.46153595622719656
chr1_172328767_T_TA_PRS313_Unknown_combined,0.48686031705021926
chr1_121287994_A_G_PRS313_Unknown_combined,0.7405340085165146
