SNP,R2 Score
chr1_114445880_G_A_PRS313_Unknown_combined,-0.2597270102387914
chr1_88428199_C_A_PRS313_Unknown_combined,-0.30888873735155054
chr1_202184600_C_T_PRS313_Unknown_combined,0.9616360020745356
chr1_118141492_A_C_PRS313_Unknown_combined,0.5381825559204829
chr1_168171052_CA_C_PRS313_Unknown_combined,0.8823701925696418
chr1_110198129_CAAA_C_PRS313_Unknown_combined,0.7026522528119665
chr1_220671050_C_T_PRS313_Unknown_combined,0.8425461281430563
chr1_46670206_TC_T_PRS313_Unknown_combined,0.6081754348352634
chr1_41389220_T_C_PRS313_Unknown_combined,0.13172615116515496
chr1_208076291_G_A_PRS313_Unknown_combined,0.5161221596047673
chr1_51467096_CT_C_PRS313_Unknown_combined,0.8845710573140235
chr1_100880328_A_T_PRS313_Unknown_combined,0.3391289550062464
chr1_7917076_G_A_PRS313_Unknown_combined,0.9563000788311663
chr1_217053815_T_G_PRS313_Unknown_combined,0.4625138369797621
chr1_145604302_C_CT_PRS313_Unknown_combined,0.3652305481600322
chr1_203770448_T_A_PRS313_Unknown_combined,0.0414092565605938
chr1_155556971_G_A_PRS313_Unknown_combined,-0.16584631191512078
chr1_204502514_T_TTCTGAAACAGGG_PRS313_Unknown_combined,0.7350210370026311
chr1_172328767_T_TA_PRS313_Unknown_combined,0.6592409458319621
chr1_121287994_A_G_PRS313_Unknown_combined,0.8307741484234233
