SNP,R2 Score
chr1_88156923_G_A_PRS313_Known_combined,-0.686375180337716
chr1_120257110_T_C_PRS313_Known_combined,-0.8463197363101833
chr1_114445880_G_A_PRS313_Unknown_combined,0.9607838198091978
chr1_88428199_C_A_PRS313_Unknown_combined,0.3576945230283235
chr1_202184600_C_T_PRS313_Unknown_combined,0.8564970800977416
chr1_121280613_A_G_PRS313_Known_combined,0.6252521537215059
chr1_118141492_A_C_PRS313_Unknown_combined,0.832203968687794
chr1_168171052_CA_C_PRS313_Unknown_combined,0.4871101205115771
chr1_110198129_CAAA_C_PRS313_Unknown_combined,-0.04349504085433842
chr1_220671050_C_T_PRS313_Unknown_combined,0.40605188672235826
chr1_46670206_TC_T_PRS313_Unknown_combined,0.8664505786781411
chr1_41389220_T_C_PRS313_Unknown_combined,0.49179489051283676
chr1_208076291_G_A_PRS313_Unknown_combined,0.948891159325575
chr1_51467096_CT_C_PRS313_Unknown_combined,0.28954901236793773
chr1_100880328_A_T_PRS313_Unknown_combined,0.1776324676336577
chr1_149906413_T_C_PRS313_Known_combined,-0.17058759811751978
chr1_18807339_T_C_PRS313_Known_combined,-0.48087297372315496
chr1_7917076_G_A_PRS313_Unknown_combined,0.661327147969133
chr1_217053815_T_G_PRS313_Unknown_combined,0.5672747900738608
chr1_145604302_C_CT_PRS313_Unknown_combined,0.8158987307796906
chr1_203770448_T_A_PRS313_Unknown_combined,0.4889538492643296
chr1_10566215_A_G_PRS313_Known_combined,-0.2712049876350502
chr1_242034263_A_G_PRS313_Known_combined,-0.8783265547989265
chr1_41380440_C_T_PRS313_Known_combined,-0.7235905682992998
chr1_217220574_G_A_PRS313_Known_combined,-0.2970174511248551
chr1_155556971_G_A_PRS313_Unknown_combined,0.9133364325665937
chr1_201437832_C_T_PRS313_Known_combined,-0.36119052079600333
chr1_204502514_T_TTCTGAAACAGGG_PRS313_Unknown_combined,0.7071358260506536
chr1_172328767_T_TA_PRS313_Unknown_combined,0.40939748204300774
chr1_121287994_A_G_PRS313_Unknown_combined,0.8865437769934198
