SNP,IQS Score
chr1_88156923_G_A_PRS313_Known_combined,0.07988980716253469
chr1_120257110_T_C_PRS313_Known_combined,0.005489099476982422
chr1_114445880_G_A_PRS313_Unknown_combined,0.9741125406913657
chr1_88428199_C_A_PRS313_Unknown_combined,0.6132509915617429
chr1_202184600_C_T_PRS313_Unknown_combined,0.9041698546289211
chr1_121280613_A_G_PRS313_Known_combined,0.7781304203417353
chr1_118141492_A_C_PRS313_Unknown_combined,0.8818136708613635
chr1_168171052_CA_C_PRS313_Unknown_combined,0.6727126003919609
chr1_110198129_CAAA_C_PRS313_Unknown_combined,0.36287447620238916
chr1_220671050_C_T_PRS313_Unknown_combined,0.6340394448502555
chr1_46670206_TC_T_PRS313_Unknown_combined,0.9105174525413351
chr1_41389220_T_C_PRS313_Unknown_combined,0.5689704617149394
chr1_208076291_G_A_PRS313_Unknown_combined,0.9663464767918318
chr1_51467096_CT_C_PRS313_Unknown_combined,0.561753999830695
chr1_100880328_A_T_PRS313_Unknown_combined,0.4844583159703027
chr1_149906413_T_C_PRS313_Known_combined,0.2944363443568163
chr1_18807339_T_C_PRS313_Known_combined,0.0705806659160367
chr1_7917076_G_A_PRS313_Unknown_combined,0.7943598039452399
chr1_217053815_T_G_PRS313_Unknown_combined,0.7429407036207223
chr1_145604302_C_CT_PRS313_Unknown_combined,0.9063710499490315
chr1_203770448_T_A_PRS313_Unknown_combined,0.6882538770821367
chr1_10566215_A_G_PRS313_Known_combined,0.18738055854438004
chr1_242034263_A_G_PRS313_Known_combined,-0.020366598778003387
chr1_41380440_C_T_PRS313_Known_combined,0.05319381726312424
chr1_217220574_G_A_PRS313_Known_combined,0.18785342682650982
chr1_155556971_G_A_PRS313_Unknown_combined,0.9454755506441972
chr1_201437832_C_T_PRS313_Known_combined,0.062276671771311014
chr1_204502514_T_TTCTGAAACAGGG_PRS313_Unknown_combined,0.748114630467572
chr1_172328767_T_TA_PRS313_Unknown_combined,0.6460500963391137
chr1_121287994_A_G_PRS313_Unknown_combined,0.9344154994109176
