SNP,R2 Score
chr1_114445880_G_A_PRS313_Unknown_combined,-0.44186013199656693
chr1_88428199_C_A_PRS313_Unknown_combined,-0.57140943431309
chr1_202184600_C_T_PRS313_Unknown_combined,0.9638746016987393
chr1_118141492_A_C_PRS313_Unknown_combined,0.4584162389843218
chr1_168171052_CA_C_PRS313_Unknown_combined,0.8877628802054642
chr1_110198129_CAAA_C_PRS313_Unknown_combined,0.6722380409191597
chr1_220671050_C_T_PRS313_Unknown_combined,0.8742423272475055
chr1_46670206_TC_T_PRS313_Unknown_combined,0.5200395412623493
chr1_41389220_T_C_PRS313_Unknown_combined,0.0750921029815469
chr1_208076291_G_A_PRS313_Unknown_combined,0.4680279204148263
chr1_51467096_CT_C_PRS313_Unknown_combined,0.8857577445330395
chr1_100880328_A_T_PRS313_Unknown_combined,0.603878978883964
chr1_7917076_G_A_PRS313_Unknown_combined,0.9602029097760352
chr1_217053815_T_G_PRS313_Unknown_combined,0.39341666307574585
chr1_145604302_C_CT_PRS313_Unknown_combined,0.2915161932308903
chr1_203770448_T_A_PRS313_Unknown_combined,-0.04656751015805183
chr1_155556971_G_A_PRS313_Unknown_combined,-0.28980217187025215
chr1_204502514_T_TTCTGAAACAGGG_PRS313_Unknown_combined,0.7232724270359698
chr1_172328767_T_TA_PRS313_Unknown_combined,0.6413047136610287
chr1_121287994_A_G_PRS313_Unknown_combined,0.8347173618621169
