SNP,IQS Score
chr1_88156923_G_A_PRS313_Known_combined,0.17764471057884232
chr1_120257110_T_C_PRS313_Known_combined,0.5289421157684631
chr1_114445880_G_A_PRS313_Unknown_combined,0.11377245508982035
chr1_88428199_C_A_PRS313_Unknown_combined,0.17365269461077845
chr1_202184600_C_T_PRS313_Unknown_combined,0.1437125748502994
chr1_121280613_A_G_PRS313_Known_combined,0.17764471057884232
chr1_118141492_A_C_PRS313_Unknown_combined,0.17764471057884232
chr1_168171052_CA_C_PRS313_Unknown_combined,0.11976047904191617
chr1_110198129_CAAA_C_PRS313_Unknown_combined,0.24750499001996007
chr1_220671050_C_T_PRS313_Unknown_combined,0.21956087824351297
chr1_46670206_TC_T_PRS313_Unknown_combined,0.05788423153692615
chr1_41389220_T_C_PRS313_Unknown_combined,0.00998003992015968
chr1_208076291_G_A_PRS313_Unknown_combined,0.06986027944111776
chr1_51467096_CT_C_PRS313_Unknown_combined,0.3253493013972056
chr1_100880328_A_T_PRS313_Unknown_combined,0.36127744510978044
chr1_149906413_T_C_PRS313_Known_combined,0.3772455089820359
chr1_18807339_T_C_PRS313_Known_combined,0.6506986027944112
chr1_7917076_G_A_PRS313_Unknown_combined,0.24550898203592814
chr1_217053815_T_G_PRS313_Unknown_combined,0.2894211576846307
chr1_145604302_C_CT_PRS313_Unknown_combined,0.0998003992015968
chr1_203770448_T_A_PRS313_Unknown_combined,0.22355289421157684
chr1_10566215_A_G_PRS313_Known_combined,0.5109780439121756
chr1_242034263_A_G_PRS313_Known_combined,0.021956087824351298
chr1_41380440_C_T_PRS313_Known_combined,0.5269461077844312
chr1_217220574_G_A_PRS313_Known_combined,0.34331337325349304
chr1_155556971_G_A_PRS313_Unknown_combined,0.15768463073852296
chr1_201437832_C_T_PRS313_Known_combined,0.031936127744510975
chr1_204502514_T_TTCTGAAACAGGG_PRS313_Unknown_combined,0.0658682634730539
chr1_172328767_T_TA_PRS313_Unknown_combined,0.2215568862275449
chr1_121287994_A_G_PRS313_Unknown_combined,0.05389221556886228
