SNP,IQS Score
chr1_88156923_G_A_PRS313_Known_combined,0.5245128570157486
chr1_120257110_T_C_PRS313_Known_combined,0.5451778276193527
chr1_114445880_G_A_PRS313_Unknown_combined,0.751052034969487
chr1_88428199_C_A_PRS313_Unknown_combined,0.43947389285808663
chr1_202184600_C_T_PRS313_Unknown_combined,0.632059196441562
chr1_121280613_A_G_PRS313_Known_combined,0.5053442997155745
chr1_118141492_A_C_PRS313_Unknown_combined,0.6340517068071247
chr1_168171052_CA_C_PRS313_Unknown_combined,0.5097721127848589
chr1_110198129_CAAA_C_PRS313_Unknown_combined,0.42010594784979827
chr1_220671050_C_T_PRS313_Unknown_combined,0.5020342152477699
chr1_46670206_TC_T_PRS313_Unknown_combined,0.7404783796733965
chr1_41389220_T_C_PRS313_Unknown_combined,0.0
chr1_208076291_G_A_PRS313_Unknown_combined,0.7654808078106192
chr1_51467096_CT_C_PRS313_Unknown_combined,0.4403835937393579
chr1_100880328_A_T_PRS313_Unknown_combined,0.3164941823071976
chr1_149906413_T_C_PRS313_Known_combined,0.6432749957521179
chr1_18807339_T_C_PRS313_Known_combined,0.3929513792785313
chr1_7917076_G_A_PRS313_Unknown_combined,0.5065263129681993
chr1_217053815_T_G_PRS313_Unknown_combined,0.5641439473936833
chr1_145604302_C_CT_PRS313_Unknown_combined,0.7163220088626293
chr1_203770448_T_A_PRS313_Unknown_combined,0.4907333834424996
chr1_10566215_A_G_PRS313_Known_combined,0.6414328231292518
chr1_242034263_A_G_PRS313_Known_combined,0.08776402039330035
chr1_41380440_C_T_PRS313_Known_combined,0.43697189776151374
chr1_217220574_G_A_PRS313_Known_combined,0.6643216080402009
chr1_155556971_G_A_PRS313_Unknown_combined,0.7658502387941987
chr1_201437832_C_T_PRS313_Known_combined,0.23898734177215242
chr1_204502514_T_TTCTGAAACAGGG_PRS313_Unknown_combined,0.6118149645048483
chr1_172328767_T_TA_PRS313_Unknown_combined,0.4454475644937011
chr1_121287994_A_G_PRS313_Unknown_combined,0.6794270737199603
