SNP,R2 Score
chr1_88156923_G_A_PRS313_Known_combined,0.23067325687412898
chr1_120257110_T_C_PRS313_Known_combined,0.39997886505336566
chr1_114445880_G_A_PRS313_Unknown_combined,0.6987561474674209
chr1_88428199_C_A_PRS313_Unknown_combined,0.14540791282152243
chr1_202184600_C_T_PRS313_Unknown_combined,0.49754333664568773
chr1_121280613_A_G_PRS313_Known_combined,0.27352246415791315
chr1_118141492_A_C_PRS313_Unknown_combined,0.523365220123589
chr1_168171052_CA_C_PRS313_Unknown_combined,0.18807067473023498
chr1_110198129_CAAA_C_PRS313_Unknown_combined,0.24323969330291229
chr1_220671050_C_T_PRS313_Unknown_combined,0.31461533489885474
chr1_46670206_TC_T_PRS313_Unknown_combined,0.6291086763399423
chr1_41389220_T_C_PRS313_Unknown_combined,-0.010080645161269164
chr1_208076291_G_A_PRS313_Unknown_combined,0.7187199230028863
chr1_51467096_CT_C_PRS313_Unknown_combined,0.18234421364985687
chr1_100880328_A_T_PRS313_Unknown_combined,0.007297120939627422
chr1_149906413_T_C_PRS313_Known_combined,0.5145749154778614
chr1_18807339_T_C_PRS313_Known_combined,0.160496224379722
chr1_7917076_G_A_PRS313_Unknown_combined,0.3568473936954226
chr1_217053815_T_G_PRS313_Unknown_combined,0.4623685733577706
chr1_145604302_C_CT_PRS313_Unknown_combined,0.5732942178480152
chr1_203770448_T_A_PRS313_Unknown_combined,0.2727403818422962
chr1_10566215_A_G_PRS313_Known_combined,0.5176895306859164
chr1_242034263_A_G_PRS313_Known_combined,0.21620775969961603
chr1_41380440_C_T_PRS313_Known_combined,0.25317538722083066
chr1_217220574_G_A_PRS313_Known_combined,0.5010926392077683
chr1_155556971_G_A_PRS313_Unknown_combined,0.7510017705712417
chr1_201437832_C_T_PRS313_Known_combined,0.142319105227107
chr1_204502514_T_TTCTGAAACAGGG_PRS313_Unknown_combined,0.3962675872850385
chr1_172328767_T_TA_PRS313_Unknown_combined,0.21873327550889243
chr1_121287994_A_G_PRS313_Unknown_combined,0.4714581654966038
