SNP,IQS Score
chr1_88156923_G_A_PRS313_Known_combined,0.2602306286035721
chr1_120257110_T_C_PRS313_Known_combined,0.7444097712229931
chr1_114445880_G_A_PRS313_Unknown_combined,0.7820876278650709
chr1_88428199_C_A_PRS313_Unknown_combined,0.4582284394383743
chr1_202184600_C_T_PRS313_Unknown_combined,0.7352579211948019
chr1_121280613_A_G_PRS313_Known_combined,0.5212207277209153
chr1_118141492_A_C_PRS313_Unknown_combined,0.699776280395238
chr1_168171052_CA_C_PRS313_Unknown_combined,0.42557164384459145
chr1_110198129_CAAA_C_PRS313_Unknown_combined,0.5025496634727907
chr1_220671050_C_T_PRS313_Unknown_combined,0.5279161613844189
chr1_46670206_TC_T_PRS313_Unknown_combined,0.7985043674982718
chr1_41389220_T_C_PRS313_Unknown_combined,-0.010080645161288567
chr1_208076291_G_A_PRS313_Unknown_combined,0.7645805330623215
chr1_51467096_CT_C_PRS313_Unknown_combined,0.5026284754842192
chr1_100880328_A_T_PRS313_Unknown_combined,0.41684711574101174
chr1_149906413_T_C_PRS313_Known_combined,0.7120236220472442
chr1_18807339_T_C_PRS313_Known_combined,0.5187142065398116
chr1_7917076_G_A_PRS313_Unknown_combined,0.5860055977608957
chr1_217053815_T_G_PRS313_Unknown_combined,0.6306970388881896
chr1_145604302_C_CT_PRS313_Unknown_combined,0.7265916983628244
chr1_203770448_T_A_PRS313_Unknown_combined,0.5457413935674805
chr1_10566215_A_G_PRS313_Known_combined,0.6938291309880723
chr1_242034263_A_G_PRS313_Known_combined,0.10364980916030227
chr1_41380440_C_T_PRS313_Known_combined,0.6102287700804621
chr1_217220574_G_A_PRS313_Known_combined,0.6696372293280839
chr1_155556971_G_A_PRS313_Unknown_combined,0.8239789196310936
chr1_201437832_C_T_PRS313_Known_combined,-0.02640564534486604
chr1_204502514_T_TTCTGAAACAGGG_PRS313_Unknown_combined,0.4942503511235958
chr1_172328767_T_TA_PRS313_Unknown_combined,0.39590855212065884
chr1_121287994_A_G_PRS313_Unknown_combined,0.6720813995001784
