SNP,IQS Score
chr1_88156923_G_A_PRS313_Known_combined,0.3258927031223047
chr1_120257110_T_C_PRS313_Known_combined,0.6955634374938079
chr1_114445880_G_A_PRS313_Unknown_combined,0.748152817452085
chr1_88428199_C_A_PRS313_Unknown_combined,0.4821179297793015
chr1_202184600_C_T_PRS313_Unknown_combined,0.7202328600745488
chr1_121280613_A_G_PRS313_Known_combined,0.5135411746181705
chr1_118141492_A_C_PRS313_Unknown_combined,0.691343058150165
chr1_168171052_CA_C_PRS313_Unknown_combined,0.4560885891639205
chr1_110198129_CAAA_C_PRS313_Unknown_combined,0.52041898517988
chr1_220671050_C_T_PRS313_Unknown_combined,0.5100304900599119
chr1_46670206_TC_T_PRS313_Unknown_combined,0.7409748342316491
chr1_41389220_T_C_PRS313_Unknown_combined,-0.008950548221076956
chr1_208076291_G_A_PRS313_Unknown_combined,0.7870183917304336
chr1_51467096_CT_C_PRS313_Unknown_combined,0.5142618913730584
chr1_100880328_A_T_PRS313_Unknown_combined,0.38304470606439645
chr1_149906413_T_C_PRS313_Known_combined,0.726152485832563
chr1_18807339_T_C_PRS313_Known_combined,0.48867688516326574
chr1_7917076_G_A_PRS313_Unknown_combined,0.5911992793357355
chr1_217053815_T_G_PRS313_Unknown_combined,0.6004257615735188
chr1_145604302_C_CT_PRS313_Unknown_combined,0.6230407656020154
chr1_203770448_T_A_PRS313_Unknown_combined,0.5514225545813992
chr1_10566215_A_G_PRS313_Known_combined,0.76631967265249
chr1_242034263_A_G_PRS313_Known_combined,0.2632352941176475
chr1_41380440_C_T_PRS313_Known_combined,0.5701415701415702
chr1_217220574_G_A_PRS313_Known_combined,0.6588077310440746
chr1_155556971_G_A_PRS313_Unknown_combined,0.8045428930599506
chr1_201437832_C_T_PRS313_Known_combined,0.08002319512902199
chr1_204502514_T_TTCTGAAACAGGG_PRS313_Unknown_combined,0.5658160808858927
chr1_172328767_T_TA_PRS313_Unknown_combined,0.45128604295535024
chr1_121287994_A_G_PRS313_Unknown_combined,0.6903428441686218
