SNP,R2 Score
chr1_88156923_G_A_PRS313_Known_combined,-0.5146120255290585
chr1_120257110_T_C_PRS313_Known_combined,0.6470463912078621
chr1_114445880_G_A_PRS313_Unknown_combined,0.7482140934056055
chr1_88428199_C_A_PRS313_Unknown_combined,0.19459306891812544
chr1_202184600_C_T_PRS313_Unknown_combined,0.6358341614221039
chr1_121280613_A_G_PRS313_Known_combined,0.33796805201487246
chr1_118141492_A_C_PRS313_Unknown_combined,0.5933299584540713
chr1_168171052_CA_C_PRS313_Unknown_combined,-0.06937033084310507
chr1_110198129_CAAA_C_PRS313_Unknown_combined,0.3625116981627794
chr1_220671050_C_T_PRS313_Unknown_combined,0.34699571277764896
chr1_46670206_TC_T_PRS313_Unknown_combined,0.7032869410719538
chr1_41389220_T_C_PRS313_Unknown_combined,-1.0201612903225383
chr1_208076291_G_A_PRS313_Unknown_combined,0.7120227783124788
chr1_51467096_CT_C_PRS313_Unknown_combined,0.23809347181009388
chr1_100880328_A_T_PRS313_Unknown_combined,0.19068801426001758
chr1_149906413_T_C_PRS313_Known_combined,0.6075286550672071
chr1_18807339_T_C_PRS313_Known_combined,0.3838834951456329
chr1_7917076_G_A_PRS313_Unknown_combined,0.47197965037957534
chr1_217053815_T_G_PRS313_Unknown_combined,0.5831846242886087
chr1_145604302_C_CT_PRS313_Unknown_combined,0.5910736254376812
chr1_203770448_T_A_PRS313_Unknown_combined,0.38351502566764173
chr1_10566215_A_G_PRS313_Known_combined,0.5779783393501768
chr1_242034263_A_G_PRS313_Known_combined,-0.41082603254069117
chr1_41380440_C_T_PRS313_Known_combined,0.4697103341212998
chr1_217220574_G_A_PRS313_Known_combined,0.5288097148073367
chr1_155556971_G_A_PRS313_Unknown_combined,0.8132513279284312
chr1_201437832_C_T_PRS313_Known_combined,-0.715361789545786
chr1_204502514_T_TTCTGAAACAGGG_PRS313_Unknown_combined,0.15151120375194604
chr1_172328767_T_TA_PRS313_Unknown_combined,0.11240703489767656
chr1_121287994_A_G_PRS313_Unknown_combined,0.4714581654966038
