SNP,R2 Score
chr1_88156923_G_A_PRS313_Known_combined,-0.009741350352705735
chr1_120257110_T_C_PRS313_Known_combined,0.5941033498890416
chr1_114445880_G_A_PRS313_Unknown_combined,0.7167408550813061
chr1_88428199_C_A_PRS313_Unknown_combined,0.2253337914785024
chr1_202184600_C_T_PRS313_Unknown_combined,0.6312244672628902
chr1_121280613_A_G_PRS313_Known_combined,0.31453329279416
chr1_118141492_A_C_PRS313_Unknown_combined,0.5933299584540713
chr1_168171052_CA_C_PRS313_Unknown_combined,-0.04956717656823284
chr1_110198129_CAAA_C_PRS313_Unknown_combined,0.3419475593938367
chr1_220671050_C_T_PRS313_Unknown_combined,0.32540879419178614
chr1_46670206_TC_T_PRS313_Unknown_combined,0.6012918270654379
chr1_41389220_T_C_PRS313_Unknown_combined,-0.8181451612902846
chr1_208076291_G_A_PRS313_Unknown_combined,0.7455085017645162
chr1_51467096_CT_C_PRS313_Unknown_combined,0.20557307121662227
chr1_100880328_A_T_PRS313_Unknown_combined,0.15480718730602816
chr1_149906413_T_C_PRS313_Known_combined,0.6488414282180275
chr1_18807339_T_C_PRS313_Known_combined,0.3550593311758379
chr1_7917076_G_A_PRS313_Unknown_combined,0.45609933911279565
chr1_217053815_T_G_PRS313_Unknown_combined,0.5348582039162735
chr1_145604302_C_CT_PRS313_Unknown_combined,0.45476483391690825
chr1_203770448_T_A_PRS313_Unknown_combined,0.38351502566764173
chr1_10566215_A_G_PRS313_Known_combined,0.6800055540127714
chr1_242034263_A_G_PRS313_Known_combined,-0.41082603254069117
chr1_41380440_C_T_PRS313_Known_combined,0.4255195286314082
chr1_217220574_G_A_PRS313_Known_combined,0.5080219081076603
chr1_155556971_G_A_PRS313_Unknown_combined,0.7899077439194852
chr1_201437832_C_T_PRS313_Known_combined,-0.257931979000243
chr1_204502514_T_TTCTGAAACAGGG_PRS313_Unknown_combined,0.1678282959874855
chr1_172328767_T_TA_PRS313_Unknown_combined,0.1956188753760194
chr1_121287994_A_G_PRS313_Unknown_combined,0.529117274715156
