SNP,R2 Score
chr6_152432902_C_T_PRS313_Unknown_combined,0.6351362511039937
chr6_152022664_CAAAAAAA_C_PRS313_Unknown_combined,-0.04996919999002358
chr6_152055978_A_T_PRS313_Unknown_combined,0.8776441037716833
chr6_152023191_G_A_PRS313_Unknown_combined,0.930691469768414
chr6_16399557_C_T_PRS313_Unknown_combined,-0.11131686437982968
chr6_151955914_A_G_PRS313_Known_combined,0.8901658275035738
chr6_82263549_AAT_A_PRS313_Unknown_combined,0.32828674544992054
chr6_18783140_G_A_PRS313_Unknown_combined,0.43820221413595917
chr6_87803819_T_C_PRS313_Unknown_combined,0.6446800640784971
chr6_20537845_CA_C_PRS313_Unknown_combined,0.06872818262675706
chr6_85912194_CAA_C_PRS313_Unknown_combined,0.712649979645995
chr6_151949806_A_C_PRS313_Unknown_combined,0.9537037972229331
chr6_169006947_C_G_PRS313_Unknown_combined,-0.08695363618162943
chr6_13713366_G_C_PRS313_Unknown_combined,0.81540417971185
chr6_21923810_T_C_PRS313_Known_combined,-0.18904432113332414
chr6_43227141_G_A_PRS313_Unknown_combined,0.662881278976175
chr6_170332621_T_C_PRS313_Unknown_combined,0.8219337457109912
chr6_149595505_T_C_PRS313_Unknown_combined,0.8817272986092141
chr6_27425644_G_C_PRS313_Unknown_combined,0.5758084011438673
chr6_130341728_C_CT_PRS313_Unknown_combined,-0.06823030928123108
