SNP,R2 Score
chr6_152432902_C_T_PRS313_Unknown_combined,0.35622033065968484
chr6_152022664_CAAAAAAA_C_PRS313_Unknown_combined,0.08067818201119847
chr6_152055978_A_T_PRS313_Unknown_combined,-0.17800113689215058
chr6_152023191_G_A_PRS313_Unknown_combined,0.7943394188181923
chr6_16399557_C_T_PRS313_Unknown_combined,-0.40222852573291545
chr6_151955914_A_G_PRS313_Known_combined,0.7700394071022341
chr6_82263549_AAT_A_PRS313_Unknown_combined,0.1997419711560554
chr6_18783140_G_A_PRS313_Unknown_combined,0.5065686657550347
chr6_87803819_T_C_PRS313_Unknown_combined,0.5597785154397592
chr6_20537845_CA_C_PRS313_Unknown_combined,0.2766284794546523
chr6_85912194_CAA_C_PRS313_Unknown_combined,-0.048117154811706975
chr6_151949806_A_C_PRS313_Unknown_combined,0.6774037765006999
chr6_169006947_C_G_PRS313_Unknown_combined,0.06051006240125212
chr6_13713366_G_C_PRS313_Unknown_combined,0.4198404529078704
chr6_21923810_T_C_PRS313_Known_combined,-0.4400641721953915
chr6_43227141_G_A_PRS313_Unknown_combined,-0.06621670923020151
chr6_170332621_T_C_PRS313_Unknown_combined,0.6996274249496819
chr6_149595505_T_C_PRS313_Unknown_combined,0.7212693147463886
chr6_27425644_G_C_PRS313_Unknown_combined,-0.018292682926838166
chr6_130341728_C_CT_PRS313_Unknown_combined,0.5666181403886352
