SNP,IQS Score
chr6_152432902_C_T_PRS313_Unknown_combined,0.7376934130936068
chr6_152022664_CAAAAAAA_C_PRS313_Unknown_combined,0.31911557158538484
chr6_152055978_A_T_PRS313_Unknown_combined,0.9088952871647221
chr6_152023191_G_A_PRS313_Unknown_combined,0.9585936725180998
chr6_16399557_C_T_PRS313_Unknown_combined,0.22474934761708545
chr6_82263549_AAT_A_PRS313_Unknown_combined,0.9184940362534143
chr6_18783140_G_A_PRS313_Unknown_combined,0.5868751073698678
chr6_87803819_T_C_PRS313_Unknown_combined,0.674312778603269
chr6_20537845_CA_C_PRS313_Unknown_combined,0.7857389587959537
chr6_85912194_CAA_C_PRS313_Unknown_combined,0.42418520646909114
chr6_151949806_A_C_PRS313_Unknown_combined,0.7712676913711759
chr6_169006947_C_G_PRS313_Unknown_combined,0.9713618435558022
chr6_13713366_G_C_PRS313_Unknown_combined,0.3597072150575113
chr6_43227141_G_A_PRS313_Unknown_combined,0.9125523638539798
chr6_170332621_T_C_PRS313_Unknown_combined,0.1464360349472518
chr6_149595505_T_C_PRS313_Unknown_combined,0.7733031674208147
chr6_27425644_G_C_PRS313_Unknown_combined,0.8564158235268575
chr6_130341728_C_CT_PRS313_Unknown_combined,0.9203130886107739
