SNP,IQS Score
chr6_152432902_C_T_PRS313_Unknown_combined,0.7295323087093042
chr6_152022664_CAAAAAAA_C_PRS313_Unknown_combined,0.3153332552418882
chr6_152055978_A_T_PRS313_Unknown_combined,0.9256257237017904
chr6_152023191_G_A_PRS313_Unknown_combined,0.9627062569786196
chr6_16399557_C_T_PRS313_Unknown_combined,0.2333897076588547
chr6_151955914_A_G_PRS313_Known_combined,0.9272393319379778
chr6_82263549_AAT_A_PRS313_Unknown_combined,0.5664664855229229
chr6_18783140_G_A_PRS313_Unknown_combined,0.6301357479698069
chr6_87803819_T_C_PRS313_Unknown_combined,0.768880980624753
chr6_20537845_CA_C_PRS313_Unknown_combined,0.4011236402757301
chr6_85912194_CAA_C_PRS313_Unknown_combined,0.8220970932886923
chr6_151949806_A_C_PRS313_Unknown_combined,0.9713618435558022
chr6_169006947_C_G_PRS313_Unknown_combined,0.29805120366832233
chr6_13713366_G_C_PRS313_Unknown_combined,0.8934189285580207
chr6_21923810_T_C_PRS313_Known_combined,0.06599244386517746
chr6_43227141_G_A_PRS313_Unknown_combined,0.7805358837701688
chr6_170332621_T_C_PRS313_Unknown_combined,0.8738199661296626
chr6_149595505_T_C_PRS313_Unknown_combined,0.9245784825371338
chr6_27425644_G_C_PRS313_Unknown_combined,0.7317699967876636
chr6_130341728_C_CT_PRS313_Unknown_combined,0.0
