SNP,R2 Score
chr6_152432902_C_T_PRS313_Unknown_combined,0.6716349246542961
chr6_152022664_CAAAAAAA_C_PRS313_Unknown_combined,-0.016518398456989436
chr6_152055978_A_T_PRS313_Unknown_combined,0.9071045379535082
chr6_152023191_G_A_PRS313_Unknown_combined,0.9384292207613353
chr6_16399557_C_T_PRS313_Unknown_combined,-0.08004357584799582
chr6_82263549_AAT_A_PRS313_Unknown_combined,0.9112665417997847
chr6_18783140_G_A_PRS313_Unknown_combined,0.33821663074189834
chr6_87803819_T_C_PRS313_Unknown_combined,0.4834232924861238
chr6_20537845_CA_C_PRS313_Unknown_combined,0.6530045790751603
chr6_85912194_CAA_C_PRS313_Unknown_combined,0.10502461125146867
chr6_151949806_A_C_PRS313_Unknown_combined,0.7957686350940383
chr6_169006947_C_G_PRS313_Unknown_combined,0.9754300980613136
chr6_13713366_G_C_PRS313_Unknown_combined,-0.07748871298365567
chr6_43227141_G_A_PRS313_Unknown_combined,0.8255106855779282
chr6_170332621_T_C_PRS313_Unknown_combined,-0.1855206998773713
chr6_149595505_T_C_PRS313_Unknown_combined,0.737686567287177
chr6_27425644_G_C_PRS313_Unknown_combined,0.8516563199171803
chr6_130341728_C_CT_PRS313_Unknown_combined,0.899638993285826
