SNP,IQS Score
chr6_152432902_C_T_PRS313_Unknown_combined,0.313373253493014
chr6_152022664_CAAAAAAA_C_PRS313_Unknown_combined,0.4431137724550898
chr6_152055978_A_T_PRS313_Unknown_combined,0.1656686626746507
chr6_152023191_G_A_PRS313_Unknown_combined,0.07584830339321358
chr6_16399557_C_T_PRS313_Unknown_combined,0.624750499001996
chr6_151955914_A_G_PRS313_Known_combined,0.08183632734530938
chr6_82263549_AAT_A_PRS313_Unknown_combined,0.3912175648702595
chr6_18783140_G_A_PRS313_Unknown_combined,0.2375249500998004
chr6_87803819_T_C_PRS313_Unknown_combined,0.23952095808383234
chr6_20537845_CA_C_PRS313_Unknown_combined,0.34930139720558884
chr6_85912194_CAA_C_PRS313_Unknown_combined,0.04590818363273453
chr6_151949806_A_C_PRS313_Unknown_combined,0.1596806387225549
chr6_169006947_C_G_PRS313_Unknown_combined,0.437125748502994
chr6_13713366_G_C_PRS313_Unknown_combined,0.2874251497005988
chr6_21923810_T_C_PRS313_Known_combined,0.5868263473053892
chr6_43227141_G_A_PRS313_Unknown_combined,0.0658682634730539
chr6_170332621_T_C_PRS313_Unknown_combined,0.16766467065868262
chr6_149595505_T_C_PRS313_Unknown_combined,0.10578842315369262
chr6_27425644_G_C_PRS313_Unknown_combined,0.017964071856287425
chr6_130341728_C_CT_PRS313_Unknown_combined,0.16367265469061876
