SNP,R2 Score
chr6_152432902_C_T_PRS313_Unknown_combined,0.6451790754849454
chr6_152022664_CAAAAAAA_C_PRS313_Unknown_combined,0.10552400938898565
chr6_152055978_A_T_PRS313_Unknown_combined,0.8668352746428135
chr6_152023191_G_A_PRS313_Unknown_combined,0.930096408477199
chr6_16399557_C_T_PRS313_Unknown_combined,0.011664485033175187
chr6_82263549_AAT_A_PRS313_Unknown_combined,0.8864800969071702
chr6_18783140_G_A_PRS313_Unknown_combined,0.3771092329293314
chr6_87803819_T_C_PRS313_Unknown_combined,0.5515482097499307
chr6_20537845_CA_C_PRS313_Unknown_combined,0.6904156823274972
chr6_85912194_CAA_C_PRS313_Unknown_combined,0.21348264951731843
chr6_151949806_A_C_PRS313_Unknown_combined,0.7017201379683161
chr6_169006947_C_G_PRS313_Unknown_combined,0.9506240774465328
chr6_13713366_G_C_PRS313_Unknown_combined,0.0656606307121409
chr6_43227141_G_A_PRS313_Unknown_combined,0.8278293908649776
chr6_170332621_T_C_PRS313_Unknown_combined,-0.0783330967058844
chr6_149595505_T_C_PRS313_Unknown_combined,0.6954805889812262
chr6_27425644_G_C_PRS313_Unknown_combined,0.8079133715890253
chr6_130341728_C_CT_PRS313_Unknown_combined,0.8868238583662036
