SNP,R2 Score
chr6_152432902_C_T_PRS313_Unknown_combined,0.6432558520216087
chr6_152055978_A_T_PRS313_Unknown_combined,0.8058239884243708
chr6_16399557_C_T_PRS313_Unknown_combined,-0.44002444286857334
chr6_152023191_G_A_PRS313_Unknown_combined,0.8917575888516801
chr6_82263549_AAT_A_PRS313_Unknown_combined,0.16511542183107697
chr6_152022664_CAAAAAAA_C_PRS313_Unknown_combined,-0.14725284724222343
chr6_18783140_G_A_PRS313_Unknown_combined,0.637062902910728
chr6_87803819_T_C_PRS313_Unknown_combined,0.5353217662975237
chr6_20537845_CA_C_PRS313_Unknown_combined,0.09084453701950834
chr6_85912194_CAA_C_PRS313_Unknown_combined,0.7265781335273808
chr6_151949806_A_C_PRS313_Unknown_combined,0.9395132080938813
chr6_169006947_C_G_PRS313_Unknown_combined,-0.215340174595827
chr6_13713366_G_C_PRS313_Unknown_combined,0.7300646551724119
chr6_21923810_T_C_PRS313_Known_combined,0.9204615718845569
chr6_43227141_G_A_PRS313_Unknown_combined,0.725829989055091
chr6_151955914_A_G_PRS313_Known_combined,0.8709977161793021
chr6_170332621_T_C_PRS313_Unknown_combined,0.7747205687122614
chr6_149595505_T_C_PRS313_Unknown_combined,0.8580051226066507
chr6_27425644_G_C_PRS313_Unknown_combined,0.660569105691054
chr6_130341728_C_CT_PRS313_Unknown_combined,0.6300398759415178
