SNP,IQS Score
chr6_152432902_C_T_PRS313_Unknown_combined,0.5085080704924164
chr6_152022664_CAAAAAAA_C_PRS313_Unknown_combined,0.1511524672490564
chr6_152055978_A_T_PRS313_Unknown_combined,0.6271471269610724
chr6_152023191_G_A_PRS313_Unknown_combined,0.6714943472903742
chr6_16399557_C_T_PRS313_Unknown_combined,0.006953910586933763
chr6_151955914_A_G_PRS313_Known_combined,0.6664094066373087
chr6_82263549_AAT_A_PRS313_Unknown_combined,0.30747612122164997
chr6_18783140_G_A_PRS313_Unknown_combined,0.53881454707901
chr6_87803819_T_C_PRS313_Unknown_combined,0.4879035292347053
chr6_20537845_CA_C_PRS313_Unknown_combined,0.27110100202864684
chr6_85912194_CAA_C_PRS313_Unknown_combined,0.595665819757884
chr6_151949806_A_C_PRS313_Unknown_combined,0.6886058874871063
chr6_169006947_C_G_PRS313_Unknown_combined,0.16630228931097876
chr6_13713366_G_C_PRS313_Unknown_combined,0.6011282211803453
chr6_21923810_T_C_PRS313_Known_combined,0.002447003928614475
chr6_43227141_G_A_PRS313_Unknown_combined,0.5325402379286213
chr6_170332621_T_C_PRS313_Unknown_combined,0.49602106719975403
chr6_149595505_T_C_PRS313_Unknown_combined,0.644608836643697
chr6_27425644_G_C_PRS313_Unknown_combined,0.5409177415944169
chr6_130341728_C_CT_PRS313_Unknown_combined,0.5782923364823124
