SNP,IQS Score
chr6_152432902_C_T_PRS313_Unknown_combined,0.7191324015542538
chr6_152055978_A_T_PRS313_Unknown_combined,0.8848399405427769
chr6_16399557_C_T_PRS313_Unknown_combined,0.054376249303666885
chr6_152023191_G_A_PRS313_Unknown_combined,0.9236035926134891
chr6_82263549_AAT_A_PRS313_Unknown_combined,0.35356934448550875
chr6_152022664_CAAAAAAA_C_PRS313_Unknown_combined,0.2915027053615347
chr6_18783140_G_A_PRS313_Unknown_combined,0.7583070935440339
chr6_87803819_T_C_PRS313_Unknown_combined,0.6041812270199641
chr6_20537845_CA_C_PRS313_Unknown_combined,0.3908946160112568
chr6_85912194_CAA_C_PRS313_Unknown_combined,0.8509520031733441
chr6_151949806_A_C_PRS313_Unknown_combined,0.9511800588567751
chr6_169006947_C_G_PRS313_Unknown_combined,0.252265590486311
chr6_13713366_G_C_PRS313_Unknown_combined,0.788387706855792
chr6_21923810_T_C_PRS313_Known_combined,0.9375147695943284
chr6_43227141_G_A_PRS313_Unknown_combined,0.8355579868708969
chr6_151955914_A_G_PRS313_Known_combined,0.9079617885269733
chr6_170332621_T_C_PRS313_Unknown_combined,0.804747234800683
chr6_149595505_T_C_PRS313_Unknown_combined,0.8979633401221996
chr6_27425644_G_C_PRS313_Unknown_combined,0.8541484716157193
chr6_130341728_C_CT_PRS313_Unknown_combined,0.7367295002589914
