SNP,IQS Score
chr6_152432902_C_T_PRS313_Unknown_combined,0.7508755999481126
chr6_152022664_CAAAAAAA_C_PRS313_Unknown_combined,0.32079637448193044
chr6_152055978_A_T_PRS313_Unknown_combined,0.9334022598035594
chr6_152023191_G_A_PRS313_Unknown_combined,0.9627062569786196
chr6_16399557_C_T_PRS313_Unknown_combined,0.23025071270615188
chr6_82263549_AAT_A_PRS313_Unknown_combined,0.936089873880616
chr6_18783140_G_A_PRS313_Unknown_combined,0.5713322674041744
chr6_87803819_T_C_PRS313_Unknown_combined,0.6674042929851736
chr6_20537845_CA_C_PRS313_Unknown_combined,0.7817962182284348
chr6_85912194_CAA_C_PRS313_Unknown_combined,0.40529937228392077
chr6_151949806_A_C_PRS313_Unknown_combined,0.8299471463899526
chr6_169006947_C_G_PRS313_Unknown_combined,0.9754375643476982
chr6_13713366_G_C_PRS313_Unknown_combined,0.31308159136884695
chr6_43227141_G_A_PRS313_Unknown_combined,0.9000598444045483
chr6_170332621_T_C_PRS313_Unknown_combined,0.06471171320006598
chr6_149595505_T_C_PRS313_Unknown_combined,0.8171132364751407
chr6_27425644_G_C_PRS313_Unknown_combined,0.9092853016494366
chr6_130341728_C_CT_PRS313_Unknown_combined,0.9288358218931994
