SNP,R2 Score
chr6_152432902_C_T_PRS313_Unknown_combined,0.4300294647241796
chr6_152022664_CAAAAAAA_C_PRS313_Unknown_combined,-0.1434539967546664
chr6_152055978_A_T_PRS313_Unknown_combined,0.08090021187535501
chr6_152023191_G_A_PRS313_Unknown_combined,0.5074970292751446
chr6_16399557_C_T_PRS313_Unknown_combined,-0.4551428097228367
chr6_151955914_A_G_PRS313_Known_combined,0.5064260445121123
chr6_82263549_AAT_A_PRS313_Unknown_combined,0.10740450628944631
chr6_18783140_G_A_PRS313_Unknown_combined,0.3842303184215722
chr6_87803819_T_C_PRS313_Unknown_combined,0.40954419928031205
chr6_20537845_CA_C_PRS313_Unknown_combined,0.07503313766332598
chr6_85912194_CAA_C_PRS313_Unknown_combined,-0.7772421320720249
chr6_151949806_A_C_PRS313_Unknown_combined,0.6209494373883225
chr6_169006947_C_G_PRS313_Unknown_combined,-0.027442187076077484
chr6_13713366_G_C_PRS313_Unknown_combined,0.5286203679876447
chr6_21923810_T_C_PRS313_Known_combined,-0.6577482912481831
chr6_43227141_G_A_PRS313_Unknown_combined,-0.5840933965705852
chr6_170332621_T_C_PRS313_Unknown_combined,0.4385893537750005
chr6_149595505_T_C_PRS313_Unknown_combined,0.4846111857574732
chr6_27425644_G_C_PRS313_Unknown_combined,-1.1497289972899916
chr6_130341728_C_CT_PRS313_Unknown_combined,0.4080638015064285
