SNP,R2 Score
chr16_6963972_C_G_PRS313_Unknown_combined,0.6905657965897994
chr16_23007047_G_T_PRS313_Unknown_combined,0.8535522084739408
chr16_53861592_G_A_PRS313_Unknown_combined,0.893070881247609
chr16_87086492_T_C_PRS313_Unknown_combined,0.9454237852760736
chr16_4008542_CAAAAA_C_PRS313_Unknown_combined,0.9754117406701172
chr16_54682064_G_A_PRS313_Known_combined,0.955325632172729
chr16_52599188_C_T_PRS313_Known_combined,0.9155714501576734
chr16_80648296_A_G_PRS313_Unknown_combined,0.995082446371607
chr16_52538825_C_A_PRS313_Unknown_combined,0.9986004605170882
chr16_10706580_G_A_PRS313_Unknown_combined,0.9724346295657423
chr16_4106788_C_A_PRS313_Unknown_combined,0.8283302625985924
chr16_85145977_T_C_PRS313_Unknown_combined,0.9970879259441505
chr16_53809123_C_T_PRS313_Known_combined,0.7688071763154
chr16_53861139_C_T_PRS313_Unknown_combined,0.9464793023255814
