SNP,IQS Score
chr16_6963972_C_G_PRS313_Unknown_combined,0.770538730176905
chr16_23007047_G_T_PRS313_Unknown_combined,0.8711353464684397
chr16_53861592_G_A_PRS313_Unknown_combined,0.9061578084757667
chr16_87086492_T_C_PRS313_Unknown_combined,0.9450205761316873
chr16_4008542_CAAAAA_C_PRS313_Unknown_combined,0.9849563102423201
chr16_54682064_G_A_PRS313_Known_combined,0.9573602505617214
chr16_52599188_C_T_PRS313_Known_combined,0.9313089765303654
chr16_80648296_A_G_PRS313_Unknown_combined,0.9962315243145661
chr16_52538825_C_A_PRS313_Unknown_combined,1.0
chr16_10706580_G_A_PRS313_Unknown_combined,0.9783709886314578
chr16_4106788_C_A_PRS313_Unknown_combined,0.8289877904686885
chr16_85145977_T_C_PRS313_Unknown_combined,0.9961912147060165
chr16_53809123_C_T_PRS313_Known_combined,0.7379997292940728
chr16_53861139_C_T_PRS313_Unknown_combined,0.9634593293583502
