SNP,R2 Score
chr16_6963972_C_G_PRS313_Unknown_combined,0.6933853917449434
chr16_23007047_G_T_PRS313_Unknown_combined,0.8556256139962343
chr16_53861592_G_A_PRS313_Unknown_combined,0.8940591125816922
chr16_87086492_T_C_PRS313_Unknown_combined,0.9456257722152585
chr16_4008542_CAAAAA_C_PRS313_Unknown_combined,0.9756901297853019
chr16_54682064_G_A_PRS313_Known_combined,0.9558146534353025
chr16_52599188_C_T_PRS313_Known_combined,0.915879473909031
chr16_80648296_A_G_PRS313_Unknown_combined,0.9951092212411109
chr16_52538825_C_A_PRS313_Unknown_combined,0.9986108075189013
chr16_10706580_G_A_PRS313_Unknown_combined,0.9724957469356024
chr16_4106788_C_A_PRS313_Unknown_combined,0.8305013276438548
chr16_85145977_T_C_PRS313_Unknown_combined,0.9970926334860404
chr16_53809123_C_T_PRS313_Known_combined,0.770033171624849
chr16_53861139_C_T_PRS313_Unknown_combined,0.9466008782217374
