SNP,R2 Score
chr16_6963972_C_G_PRS313_Unknown_combined,0.6236761060617442
chr16_23007047_G_T_PRS313_Unknown_combined,0.81214848143982
chr16_53861592_G_A_PRS313_Unknown_combined,0.8647073384791952
chr16_87086492_T_C_PRS313_Unknown_combined,0.9180368098159509
chr16_4008542_CAAAAA_C_PRS313_Unknown_combined,0.9772541541814219
chr16_54682064_G_A_PRS313_Known_combined,0.9390925889904688
chr16_52599188_C_T_PRS313_Known_combined,0.8902855641205326
chr16_80648296_A_G_PRS313_Unknown_combined,0.9952149911176482
chr16_52538825_C_A_PRS313_Unknown_combined,1.0
chr16_10706580_G_A_PRS313_Unknown_combined,0.9675923929449308
chr16_4106788_C_A_PRS313_Unknown_combined,0.7949275020072734
chr16_85145977_T_C_PRS313_Unknown_combined,0.9948640669209005
chr16_53809123_C_T_PRS313_Known_combined,0.7133983013204475
chr16_53861139_C_T_PRS313_Unknown_combined,0.9441860465116279
