SNP,AUC Score
chr16_6963972_C_G_PRS313_Unknown_combined,0.9113251372820721
chr16_23007047_G_T_PRS313_Unknown_combined,0.9290606305890808
chr16_53861592_G_A_PRS313_Unknown_combined,0.9602006285268697
chr16_87086492_T_C_PRS313_Unknown_combined,0.9656345599793442
chr16_4008542_CAAAAA_C_PRS313_Unknown_combined,0.9992877362797917
chr16_54682064_G_A_PRS313_Known_combined,0.9753577063494436
chr16_52599188_C_T_PRS313_Known_combined,0.962373056823496
chr16_80648296_A_G_PRS313_Unknown_combined,0.9989700588175641
chr16_52538825_C_A_PRS313_Unknown_combined,1.0
chr16_10706580_G_A_PRS313_Unknown_combined,0.9872526831195471
chr16_4106788_C_A_PRS313_Unknown_combined,0.9188086888674102
chr16_85145977_T_C_PRS313_Unknown_combined,0.9981462188993749
chr16_53809123_C_T_PRS313_Known_combined,0.8676236420825703
chr16_53861139_C_T_PRS313_Unknown_combined,0.9677996195947456
