SNP,Accuracy Score
chr16_6963972_C_G_PRS313_Unknown_combined,0.9201596806387226
chr16_23007047_G_T_PRS313_Unknown_combined,0.9401197604790419
chr16_53861592_G_A_PRS313_Unknown_combined,0.9520958083832335
chr16_87086492_T_C_PRS313_Unknown_combined,0.9840319361277445
chr16_4008542_CAAAAA_C_PRS313_Unknown_combined,0.998003992015968
chr16_54682064_G_A_PRS313_Known_combined,0.9800399201596807
chr16_52599188_C_T_PRS313_Known_combined,0.9660678642714571
chr16_80648296_A_G_PRS313_Unknown_combined,0.998003992015968
chr16_52538825_C_A_PRS313_Unknown_combined,1.0
chr16_10706580_G_A_PRS313_Unknown_combined,0.9880239520958084
chr16_4106788_C_A_PRS313_Unknown_combined,0.8962075848303394
chr16_85145977_T_C_PRS313_Unknown_combined,0.998003992015968
chr16_53809123_C_T_PRS313_Known_combined,0.8303393213572854
chr16_53861139_C_T_PRS313_Unknown_combined,0.9840319361277445
