SNP,IQS Score
chr17_43212339_C_CT_PRS313_Unknown_combined,0.7092834108615622
chr17_44283858_G_A_PRS313_Unknown_combined,0.8864938343528499
chr17_40485239_G_T_PRS313_Unknown_combined,0.6185472818638644
chr17_40127060_T_C_PRS313_Unknown_combined,0.35542876321530437
chr17_29168077_G_T_PRS313_Unknown_combined,0.9076437610470727
chr17_39251123_T_C_PRS313_Unknown_combined,0.5560347374017837
chr17_40744470_G_A_PRS313_Unknown_combined,0.0
