SNP,R2 Score
chr17_43212339_C_CT_PRS313_Unknown_combined,0.5635497245781785
chr17_44283858_G_A_PRS313_Unknown_combined,0.8207134798892963
chr17_40485239_G_T_PRS313_Unknown_combined,0.3990805721579699
chr17_40127060_T_C_PRS313_Unknown_combined,0.22379755171832993
chr17_29168077_G_T_PRS313_Unknown_combined,0.8363371449917805
chr17_39251123_T_C_PRS313_Unknown_combined,0.3653832395967769
chr17_40744470_G_A_PRS313_Unknown_combined,0.7159059707266683
