SNP,IQS Score
chr10_38523626_C_A_PRS313_Unknown_maternal,0.9017887772604752
chr10_38523626_C_A_PRS313_Unknown_paternal,0.9586558616250475
chr10_123340107_A_G_PRS313_Unknown_maternal,0.9188547159285186
chr10_123340107_A_G_PRS313_Unknown_paternal,0.9263749586685772
"chr10_22861490_A_C,T_PRS313_Unknown_maternal",0.7210587177181035
"chr10_22861490_A_C,T_PRS313_Unknown_paternal",0.645546733747347
chr10_123349324_A_T_PRS313_Unknown_maternal,0.628269337785198
chr10_123349324_A_T_PRS313_Unknown_paternal,0.8142380422691881
chr10_123095209_G_A_PRS313_Unknown_maternal,0.9580991569650743
chr10_123095209_G_A_PRS313_Unknown_paternal,0.9795698661642729
chr10_13892298_G_A_PRS313_Unknown_maternal,0.8426317442675237
chr10_13892298_G_A_PRS313_Unknown_paternal,0.8044169315710222
chr10_5794652_A_G_PRS313_Unknown_maternal,0.9917464292186288
chr10_5794652_A_G_PRS313_Unknown_paternal,0.9736551506546772
chr10_115128491_T_C_PRS313_Known_maternal,0.9133810296139565
chr10_115128491_T_C_PRS313_Known_paternal,0.9234493240798076
chr10_22032942_A_G_PRS313_Known_maternal,0.9276576082247957
chr10_22032942_A_G_PRS313_Known_paternal,0.9017912983412522
chr10_64299890_A_G_PRS313_Unknown_maternal,0.9351264359311121
chr10_64299890_A_G_PRS313_Unknown_paternal,0.9154430379746834
chr10_80886726_A_G_PRS313_Unknown_maternal,0.9079797625607372
chr10_80886726_A_G_PRS313_Unknown_paternal,0.9352037868924546
chr10_123340431_GC_G_PRS313_Unknown_maternal,0.9840089371209704
chr10_123340431_GC_G_PRS313_Unknown_paternal,0.9680632360675071
chr10_80851257_G_T_PRS313_Known_maternal,0.8895153171292967
chr10_80851257_G_T_PRS313_Known_paternal,0.8915603975397268
chr10_22477776_ACC_A_PRS313_Unknown_maternal,0.7688930599519622
chr10_22477776_ACC_A_PRS313_Unknown_paternal,0.7628963558920966
chr10_95292187_CAA_C_PRS313_Unknown_maternal,0.601352695444599
chr10_95292187_CAA_C_PRS313_Unknown_paternal,0.6414045724390551
chr10_71335574_C_T_PRS313_Unknown_maternal,0.3787259449777246
chr10_71335574_C_T_PRS313_Unknown_paternal,0.35737879836997877
chr10_64819996_G_T_PRS313_Known_maternal,0.59720034802912
chr10_64819996_G_T_PRS313_Known_paternal,0.6050385604113111
chr10_114777670_C_T_PRS313_Unknown_maternal,0.9918329420970267
chr10_114777670_C_T_PRS313_Unknown_paternal,1.0
