SNP,R2 Score
chr10_38523626_C_A_PRS313_Unknown_maternal,0.8096814432613709
chr10_38523626_C_A_PRS313_Unknown_paternal,0.8251342096365726
chr10_123340431_GC_G_PRS313_Unknown_maternal,0.9698295466789048
chr10_123340431_GC_G_PRS313_Unknown_paternal,0.9304895649427896
chr10_123340107_A_G_PRS313_Unknown_maternal,0.8739777168468896
chr10_123340107_A_G_PRS313_Unknown_paternal,0.8486710418372196
chr10_123349324_A_T_PRS313_Unknown_maternal,0.6068827588758834
chr10_123349324_A_T_PRS313_Unknown_paternal,0.681594777162399
chr10_22477776_ACC_A_PRS313_Unknown_maternal,0.6166924512134574
chr10_22477776_ACC_A_PRS313_Unknown_paternal,0.6115437921734819
"chr10_22861490_A_C,T_PRS313_Unknown_maternal",0.5360985837039316
"chr10_22861490_A_C,T_PRS313_Unknown_paternal",0.5074790887799103
chr10_123095209_G_A_PRS313_Unknown_maternal,0.9178392340187225
chr10_123095209_G_A_PRS313_Unknown_paternal,0.9581039732816464
chr10_13892298_G_A_PRS313_Unknown_maternal,0.2916160321563528
chr10_13892298_G_A_PRS313_Unknown_paternal,0.2866861164203389
chr10_5794652_A_G_PRS313_Unknown_maternal,0.9459391954571145
chr10_5794652_A_G_PRS313_Unknown_paternal,0.9542888615060032
chr10_64299890_A_G_PRS313_Unknown_maternal,0.8650394553092123
chr10_64299890_A_G_PRS313_Unknown_paternal,0.8728092240301646
chr10_80886726_A_G_PRS313_Unknown_maternal,0.8279812794160706
chr10_80886726_A_G_PRS313_Unknown_paternal,0.867560305293172
chr10_71335574_C_T_PRS313_Unknown_maternal,0.12654437599208956
chr10_71335574_C_T_PRS313_Unknown_paternal,0.09043561640860565
chr10_114777670_C_T_PRS313_Unknown_maternal,0.9871448384862226
chr10_114777670_C_T_PRS313_Unknown_paternal,0.9988199206283741
