SNP,R2 Score
chr10_38523626_C_A_PRS313_Unknown_maternal,0.8418024885538387
chr10_38523626_C_A_PRS313_Unknown_paternal,0.9100941265473825
chr10_123340107_A_G_PRS313_Unknown_maternal,0.8990159704843969
chr10_123340107_A_G_PRS313_Unknown_paternal,0.8913076909744481
"chr10_22861490_A_C,T_PRS313_Unknown_maternal",0.6094965742382686
"chr10_22861490_A_C,T_PRS313_Unknown_paternal",0.4953895109217469
chr10_123349324_A_T_PRS313_Unknown_maternal,0.5384063473112777
chr10_123349324_A_T_PRS313_Unknown_paternal,0.7530955083929041
chr10_123095209_G_A_PRS313_Unknown_maternal,0.92994303657425
chr10_123095209_G_A_PRS313_Unknown_paternal,0.9629779848007455
chr10_13892298_G_A_PRS313_Unknown_maternal,0.7600890368144837
chr10_13892298_G_A_PRS313_Unknown_paternal,0.7196924658498588
chr10_5794652_A_G_PRS313_Unknown_maternal,0.9762659789115016
chr10_5794652_A_G_PRS313_Unknown_paternal,0.9698794929860658
chr10_115128491_T_C_PRS313_Known_maternal,0.8906881928087959
chr10_115128491_T_C_PRS313_Known_paternal,0.8866097188838818
chr10_22032942_A_G_PRS313_Known_maternal,0.8625567772097066
chr10_22032942_A_G_PRS313_Known_paternal,0.8373590857883946
chr10_64299890_A_G_PRS313_Unknown_maternal,0.8687474448836586
chr10_64299890_A_G_PRS313_Unknown_paternal,0.8494226494852363
chr10_80886726_A_G_PRS313_Unknown_maternal,0.8651201549860454
chr10_80886726_A_G_PRS313_Unknown_paternal,0.8997762122039104
chr10_123340431_GC_G_PRS313_Unknown_maternal,0.9707469185826076
chr10_123340431_GC_G_PRS313_Unknown_paternal,0.9414898441035077
chr10_80851257_G_T_PRS313_Known_maternal,0.849899234921215
chr10_80851257_G_T_PRS313_Known_paternal,0.8493165331457017
chr10_22477776_ACC_A_PRS313_Unknown_maternal,0.7130692091619403
chr10_22477776_ACC_A_PRS313_Unknown_paternal,0.6922271829753295
chr10_95292187_CAA_C_PRS313_Unknown_maternal,0.46795813937696745
chr10_95292187_CAA_C_PRS313_Unknown_paternal,0.4690867307243807
chr10_71335574_C_T_PRS313_Unknown_maternal,0.2079979399950474
chr10_71335574_C_T_PRS313_Unknown_paternal,0.18086298592984526
chr10_64819996_G_T_PRS313_Known_maternal,0.4358910719239326
chr10_64819996_G_T_PRS313_Known_paternal,0.44861051033985205
chr10_114777670_C_T_PRS313_Unknown_maternal,0.9875309149190608
chr10_114777670_C_T_PRS313_Unknown_paternal,0.9978879759445558
