SNP,R2 Score
chr10_38523626_C_A_PRS313_Unknown_maternal,0.7936676688708533
chr10_38523626_C_A_PRS313_Unknown_paternal,0.8259937858744757
chr10_123340431_GC_G_PRS313_Unknown_maternal,0.953201518658157
chr10_123340431_GC_G_PRS313_Unknown_paternal,0.918247200319762
chr10_123340107_A_G_PRS313_Unknown_maternal,0.8764152222004238
chr10_123340107_A_G_PRS313_Unknown_paternal,0.864616346005193
chr10_123349324_A_T_PRS313_Unknown_maternal,0.6070729556725502
chr10_123349324_A_T_PRS313_Unknown_paternal,0.5696171412946908
"chr10_22861490_A_C,T_PRS313_Unknown_maternal",0.28138978310626883
"chr10_22861490_A_C,T_PRS313_Unknown_paternal",0.18353570990968227
chr10_123095209_G_A_PRS313_Unknown_maternal,0.9091400591714109
chr10_123095209_G_A_PRS313_Unknown_paternal,0.9566259845345567
chr10_13892298_G_A_PRS313_Unknown_maternal,0.13775201276576
chr10_13892298_G_A_PRS313_Unknown_paternal,0.1484470954800997
chr10_5794652_A_G_PRS313_Unknown_maternal,0.9605796506280588
chr10_5794652_A_G_PRS313_Unknown_paternal,0.9530601151467444
chr10_22477776_ACC_A_PRS313_Unknown_maternal,0.6911925266428747
chr10_22477776_ACC_A_PRS313_Unknown_paternal,0.6407271790817393
chr10_64299890_A_G_PRS313_Unknown_maternal,0.8680490117604105
chr10_64299890_A_G_PRS313_Unknown_paternal,0.8647590225494345
chr10_80886726_A_G_PRS313_Unknown_maternal,0.8051145516167766
chr10_80886726_A_G_PRS313_Unknown_paternal,0.8715884553394008
chr10_95292187_CAA_C_PRS313_Unknown_maternal,0.9916297599109265
chr10_95292187_CAA_C_PRS313_Unknown_paternal,0.9890993991172746
chr10_71335574_C_T_PRS313_Unknown_maternal,-0.05335837266017496
chr10_71335574_C_T_PRS313_Unknown_paternal,-0.0820306935331847
chr10_114777670_C_T_PRS313_Unknown_maternal,0.9856872245609863
chr10_114777670_C_T_PRS313_Unknown_paternal,0.9982496789443027
