SNP,R2 Score
chr10_38523626_C_A_PRS313_Unknown_maternal,0.8417701
chr10_38523626_C_A_PRS313_Unknown_paternal,0.90853196
chr10_123340107_A_G_PRS313_Unknown_maternal,0.89835227
chr10_123340107_A_G_PRS313_Unknown_paternal,0.8911382
"chr10_22861490_A_C,T_PRS313_Unknown_maternal",0.6089135
"chr10_22861490_A_C,T_PRS313_Unknown_paternal",0.4938758
chr10_123349324_A_T_PRS313_Unknown_maternal,0.5357356
chr10_123349324_A_T_PRS313_Unknown_paternal,0.7291857
chr10_123095209_G_A_PRS313_Unknown_maternal,0.9297258
chr10_123095209_G_A_PRS313_Unknown_paternal,0.9623347
chr10_13892298_G_A_PRS313_Unknown_maternal,0.75933397
chr10_13892298_G_A_PRS313_Unknown_paternal,0.7191508
chr10_5794652_A_G_PRS313_Unknown_maternal,0.9741782
chr10_5794652_A_G_PRS313_Unknown_paternal,0.9683296
chr10_64299890_A_G_PRS313_Unknown_maternal,0.8898496
chr10_64299890_A_G_PRS313_Unknown_paternal,0.8857059
chr10_80886726_A_G_PRS313_Unknown_maternal,0.86178696
chr10_80886726_A_G_PRS313_Unknown_paternal,0.83700573
chr10_123340431_GC_G_PRS313_Unknown_maternal,0.868669
chr10_123340431_GC_G_PRS313_Unknown_paternal,0.8462106
chr10_22477776_ACC_A_PRS313_Unknown_maternal,0.86503834
chr10_22477776_ACC_A_PRS313_Unknown_paternal,0.8992319
chr10_95292187_CAA_C_PRS313_Unknown_maternal,0.9704889
chr10_95292187_CAA_C_PRS313_Unknown_paternal,0.94146764
chr10_71335574_C_T_PRS313_Unknown_maternal,0.8481525
chr10_71335574_C_T_PRS313_Unknown_paternal,0.8492568
chr10_114777670_C_T_PRS313_Unknown_maternal,0.70852923
chr10_114777670_C_T_PRS313_Unknown_paternal,0.6914999
