SNP,IQS Score
chr10_38523626_C_A_PRS313_Unknown_maternal,0.8810687360330052
chr10_38523626_C_A_PRS313_Unknown_paternal,0.8925052402251233
chr10_123340431_GC_G_PRS313_Unknown_maternal,0.9800142014855711
chr10_123340431_GC_G_PRS313_Unknown_paternal,0.9600784088735896
chr10_123340107_A_G_PRS313_Unknown_maternal,0.9092325530835569
chr10_123340107_A_G_PRS313_Unknown_paternal,0.8994581577363033
chr10_123349324_A_T_PRS313_Unknown_maternal,0.7631205673758867
chr10_123349324_A_T_PRS313_Unknown_paternal,0.6944500914820093
chr10_22477776_ACC_A_PRS313_Unknown_maternal,0.7316550615961435
chr10_22477776_ACC_A_PRS313_Unknown_paternal,0.709596782958374
"chr10_22861490_A_C,T_PRS313_Unknown_maternal",0.6462589682268537
"chr10_22861490_A_C,T_PRS313_Unknown_paternal",0.6027662760990223
chr10_123095209_G_A_PRS313_Unknown_maternal,0.9411320374660087
chr10_123095209_G_A_PRS313_Unknown_paternal,0.9795954939030846
chr10_13892298_G_A_PRS313_Unknown_maternal,0.522325107868328
chr10_13892298_G_A_PRS313_Unknown_paternal,0.5117115101936474
chr10_5794652_A_G_PRS313_Unknown_maternal,0.966789300984389
chr10_5794652_A_G_PRS313_Unknown_paternal,0.9736551506546772
chr10_64299890_A_G_PRS313_Unknown_maternal,0.9342038610907861
chr10_64299890_A_G_PRS313_Unknown_paternal,0.9322672228981979
chr10_80886726_A_G_PRS313_Unknown_maternal,0.8955231350566802
chr10_80886726_A_G_PRS313_Unknown_paternal,0.9225231107598201
chr10_71335574_C_T_PRS313_Unknown_maternal,0.3562667912627029
chr10_71335574_C_T_PRS313_Unknown_paternal,0.3715898400752587
chr10_114777670_C_T_PRS313_Unknown_maternal,0.9918329420970267
chr10_114777670_C_T_PRS313_Unknown_paternal,1.0
