SNP,IQS Score
chr12_14413931_G_C_PRS313_Known_combined,0.25118297344767015
chr12_115796577_A_G_PRS313_Unknown_combined,0.8027926826741801
chr12_115835836_T_C_PRS313_Known_combined,0.9420232087177345
chr12_120832146_C_T_PRS313_Known_combined,0.3246880011155267
chr12_103097887_C_T_PRS313_Unknown_combined,0.7736662696619985
chr12_96027759_A_G_PRS313_Known_combined,0.8237389507014381
chr12_85004551_C_T_PRS313_Unknown_combined,0.9169670602858918
chr12_111600134_G_T_PRS313_Unknown_combined,0.6311047445646353
chr12_28149568_C_T_PRS313_Unknown_combined,0.9415970468233922
chr12_29140260_G_A_PRS313_Unknown_combined,0.7167281440995127
chr12_57146069_T_G_PRS313_Known_combined,0.5489354941213853
chr12_293626_A_G_PRS313_Unknown_combined,0.4295391384900417
chr12_70798355_A_T_PRS313_Unknown_combined,0.7834477498093058
chr12_28174817_C_T_PRS313_Known_combined,0.8561584840654608
chr12_83064195_G_GA_PRS313_Unknown_combined,0.7239669421487601
chr12_115108136_T_C_PRS313_Unknown_combined,0.6846046170595684
chr12_28347382_C_T_PRS313_Unknown_combined,0.69078716909373
