SNP,R2 Score
chr12_14413931_G_C_PRS313_Known_combined,-0.10019214932747755
chr12_115796577_A_G_PRS313_Unknown_combined,0.7354069379586408
chr12_115835836_T_C_PRS313_Known_combined,0.9269371617461197
chr12_120832146_C_T_PRS313_Known_combined,0.011864772412089275
chr12_103097887_C_T_PRS313_Unknown_combined,0.7103056745604104
chr12_96027759_A_G_PRS313_Known_combined,0.7557140245017352
chr12_85004551_C_T_PRS313_Unknown_combined,0.8947257827274645
chr12_111600134_G_T_PRS313_Unknown_combined,0.4342650870048156
chr12_28149568_C_T_PRS313_Unknown_combined,0.8977736465040356
chr12_29140260_G_A_PRS313_Unknown_combined,0.5128715621816814
chr12_57146069_T_G_PRS313_Known_combined,0.3139762860610664
chr12_293626_A_G_PRS313_Unknown_combined,0.2645646655861005
chr12_70798355_A_T_PRS313_Unknown_combined,0.709608861792109
chr12_28174817_C_T_PRS313_Known_combined,0.7582663979791677
chr12_83064195_G_GA_PRS313_Unknown_combined,0.515321274298057
chr12_115108136_T_C_PRS313_Unknown_combined,0.592274946788532
chr12_28347382_C_T_PRS313_Unknown_combined,0.4530890423083731
