SNP,IQS Score
chr19_18569492_C_T_PRS313_Unknown_combined,1.0
chr19_46166073_T_C_PRS313_Unknown_combined,0.6884917953015599
chr19_44283031_T_C_PRS313_Unknown_combined,1.0
chr19_13249921_G_T_PRS313_Unknown_combined,0.8626268165615576
chr19_19517054_C_CGGGCG_PRS313_Unknown_combined,0.9031751986630743
chr19_17393925_C_A_PRS313_Unknown_combined,0.9554908444795419
chr19_55816678_C_T_PRS313_Unknown_combined,0.829837131443174
