SNP,R2 Score
chr19_18569492_C_T_PRS313_Unknown_combined,0.9994646825325116
chr19_46166073_T_C_PRS313_Unknown_combined,0.49870332008211427
chr19_44283031_T_C_PRS313_Unknown_combined,0.9984700671296483
chr19_13249921_G_T_PRS313_Unknown_combined,0.8011216679571762
chr19_19517054_C_CGGGCG_PRS313_Unknown_combined,0.8340734241673247
chr19_17393925_C_A_PRS313_Unknown_combined,0.9282129457598187
chr19_55816678_C_T_PRS313_Unknown_combined,0.7343728432390413
