SNP,IQS Score
chr10_38523626_C_A_PRS313_Unknown_combined,0.780326472320008
chr10_123340107_A_G_PRS313_Unknown_combined,0.7761417917593115
"chr10_22861490_A_C,T_PRS313_Unknown_combined",0.5483243882855088
chr10_123349324_A_T_PRS313_Unknown_combined,0.3353835021707662
chr10_123095209_G_A_PRS313_Unknown_combined,0.7852983437949027
chr10_13892298_G_A_PRS313_Unknown_combined,0.47929738941823524
chr10_5794652_A_G_PRS313_Unknown_combined,0.792038741950934
chr10_115128491_T_C_PRS313_Known_combined,0.7033602929955746
chr10_22032942_A_G_PRS313_Known_combined,0.7715271680313642
chr10_64299890_A_G_PRS313_Unknown_combined,0.7469696969696968
chr10_80886726_A_G_PRS313_Unknown_combined,0.7886062226953762
chr10_123340431_GC_G_PRS313_Unknown_combined,0.8206365058129675
chr10_80851257_G_T_PRS313_Known_combined,0.6816156674092194
chr10_22477776_ACC_A_PRS313_Unknown_combined,0.5927589881037381
chr10_95292187_CAA_C_PRS313_Unknown_combined,0.38173280960765726
chr10_71335574_C_T_PRS313_Unknown_combined,0.3212161572553792
chr10_64819996_G_T_PRS313_Known_combined,0.3567491100877226
chr10_114777670_C_T_PRS313_Unknown_combined,0.9177464960019458
