SNP,R2 Score
chr10_38523626_C_A_PRS313_Unknown_combined,0.7175831837533942
chr10_123340107_A_G_PRS313_Unknown_combined,0.5806049557258728
"chr10_22861490_A_C,T_PRS313_Unknown_combined",0.3013465812524446
chr10_123349324_A_T_PRS313_Unknown_combined,0.07378151260504207
chr10_123095209_G_A_PRS313_Unknown_combined,0.7448128117930826
chr10_13892298_G_A_PRS313_Unknown_combined,0.2966272463002141
chr10_5794652_A_G_PRS313_Unknown_combined,0.6978660893768378
chr10_115128491_T_C_PRS313_Known_combined,0.6798025986347931
chr10_22032942_A_G_PRS313_Known_combined,0.7227334302517696
chr10_64299890_A_G_PRS313_Unknown_combined,0.5748911680070865
chr10_80886726_A_G_PRS313_Unknown_combined,0.7423614297694596
chr10_123340431_GC_G_PRS313_Unknown_combined,0.7831366473777751
chr10_80851257_G_T_PRS313_Known_combined,0.5751161681301797
chr10_22477776_ACC_A_PRS313_Unknown_combined,0.45123932360253194
chr10_95292187_CAA_C_PRS313_Unknown_combined,0.016867771700547984
chr10_71335574_C_T_PRS313_Unknown_combined,-0.15696291112665306
chr10_64819996_G_T_PRS313_Known_combined,0.10467326405387423
chr10_114777670_C_T_PRS313_Unknown_combined,0.9174488288926043
