SNP,IQS Score
chr21_16566350_A_G_PRS313_Unknown_combined,1.0
chr21_47762932_G_A_PRS313_Unknown_combined,0.9026239067055394
chr21_16364756_T_G_PRS313_Known_combined,1.0
chr21_16574455_C_A_PRS313_Known_combined,0.9092144604512097
