SNP,R2 Score
chr11_111696440_T_C_PRS313_Unknown_maternal,0.9402244286163387
chr11_111696440_T_C_PRS313_Unknown_paternal,0.9248106679954959
chr11_122966626_A_G_PRS313_Unknown_maternal,0.9800250423157074
chr11_122966626_A_G_PRS313_Unknown_paternal,0.9824152750110701
chr11_69331418_C_T_PRS313_Known_maternal,0.6051792200538476
chr11_69331418_C_T_PRS313_Known_paternal,0.6271149105441978
chr11_1895708_C_A_PRS313_Unknown_maternal,0.9231071129346502
chr11_1895708_C_A_PRS313_Unknown_paternal,0.8995694756065111
chr11_803017_A_G_PRS313_Known_maternal,0.9643391194402914
chr11_803017_A_G_PRS313_Known_paternal,0.9647808917573866
chr11_433617_T_C_PRS313_Unknown_maternal,0.8196947819111037
chr11_433617_T_C_PRS313_Unknown_paternal,0.8338664648096622
chr11_46318032_C_G_PRS313_Unknown_maternal,0.7077890065055645
chr11_46318032_C_G_PRS313_Unknown_paternal,0.8416435605656194
chr11_42844441_C_T_PRS313_Unknown_maternal,0.9278985225487647
chr11_42844441_C_T_PRS313_Unknown_paternal,0.9006885181145272
chr11_69330983_G_A_PRS313_Known_maternal,0.28362720767254773
chr11_69330983_G_A_PRS313_Known_paternal,0.3330588846574815
chr11_65572431_G_A_PRS313_Unknown_maternal,0.9887273361492048
chr11_65572431_G_A_PRS313_Unknown_paternal,0.9887671776421848
chr11_108267402_C_CA_PRS313_Unknown_maternal,0.9746311021460919
chr11_108267402_C_CA_PRS313_Unknown_paternal,0.9921200279417662
chr11_116727936_A_T_PRS313_Unknown_maternal,0.9834898144273577
chr11_116727936_A_T_PRS313_Unknown_paternal,0.9830076676501507
chr11_129243417_T_G_PRS313_Unknown_maternal,0.5938473027838136
chr11_129243417_T_G_PRS313_Unknown_paternal,0.5614374593653728
chr11_129461016_A_G_PRS313_Unknown_maternal,0.9971049001465864
chr11_129461016_A_G_PRS313_Unknown_paternal,0.9886536068192294
chr11_103614438_T_G_PRS313_Unknown_maternal,0.9514290130362056
chr11_103614438_T_G_PRS313_Unknown_paternal,0.9486658336575304
chr11_18664241_T_G_PRS313_Unknown_maternal,0.9458589319389821
chr11_18664241_T_G_PRS313_Unknown_paternal,0.9508059799202488
chr11_69328130_A_T_PRS313_Unknown_maternal,0.541956440515123
chr11_69328130_A_T_PRS313_Unknown_paternal,0.6044554205050473
chr11_65553492_C_A_PRS313_Unknown_maternal,0.894998967602076
chr11_65553492_C_A_PRS313_Unknown_paternal,0.8757387121429574
chr11_44368892_G_A_PRS313_Unknown_maternal,0.9917008784912158
chr11_44368892_G_A_PRS313_Unknown_paternal,0.9663977169781784
