SNP,R2 Score
chr11_111696440_T_C_PRS313_Unknown_maternal,0.9399087
chr11_111696440_T_C_PRS313_Unknown_paternal,0.9247066
chr11_122966626_A_G_PRS313_Unknown_maternal,0.9796234
chr11_122966626_A_G_PRS313_Unknown_paternal,0.9822393
chr11_1895708_C_A_PRS313_Unknown_maternal,0.6041156
chr11_1895708_C_A_PRS313_Unknown_paternal,0.62688446
chr11_433617_T_C_PRS313_Unknown_maternal,0.92289263
chr11_433617_T_C_PRS313_Unknown_paternal,0.8994929
chr11_46318032_C_G_PRS313_Unknown_maternal,0.9641068
chr11_46318032_C_G_PRS313_Unknown_paternal,0.9646125
chr11_42844441_C_T_PRS313_Unknown_maternal,0.80770904
chr11_42844441_C_T_PRS313_Unknown_paternal,0.83222234
chr11_65572431_G_A_PRS313_Unknown_maternal,0.7064143
chr11_65572431_G_A_PRS313_Unknown_paternal,0.82310796
chr11_108267402_C_CA_PRS313_Unknown_maternal,0.9271221
chr11_108267402_C_CA_PRS313_Unknown_paternal,0.9002406
chr11_116727936_A_T_PRS313_Unknown_maternal,0.21679229
chr11_116727936_A_T_PRS313_Unknown_paternal,0.29992867
chr11_129243417_T_G_PRS313_Unknown_maternal,0.9883328
chr11_129243417_T_G_PRS313_Unknown_paternal,0.9886042
chr11_129461016_A_G_PRS313_Unknown_maternal,0.9746083
chr11_129461016_A_G_PRS313_Unknown_paternal,0.99186355
chr11_103614438_T_G_PRS313_Unknown_maternal,0.98328054
chr11_103614438_T_G_PRS313_Unknown_paternal,0.9828818
chr11_18664241_T_G_PRS313_Unknown_maternal,0.59052575
chr11_18664241_T_G_PRS313_Unknown_paternal,0.555017
chr11_69328130_A_T_PRS313_Unknown_maternal,0.9970155
chr11_69328130_A_T_PRS313_Unknown_paternal,0.98852116
chr11_65553492_C_A_PRS313_Unknown_maternal,0.9510859
chr11_65553492_C_A_PRS313_Unknown_paternal,0.94864744
chr11_44368892_G_A_PRS313_Unknown_maternal,0.94516706
chr11_44368892_G_A_PRS313_Unknown_paternal,0.9508031
