SNP,IQS Score
chr11_111696440_T_C_PRS313_Unknown_maternal,0.9693076498954166
chr11_111696440_T_C_PRS313_Unknown_paternal,0.9550970656246079
chr11_122966626_A_G_PRS313_Unknown_maternal,0.9880089035686076
chr11_122966626_A_G_PRS313_Unknown_paternal,0.9920045961602911
chr11_1895708_C_A_PRS313_Unknown_maternal,0.628476084538376
chr11_1895708_C_A_PRS313_Unknown_paternal,0.7204382894536596
chr11_433617_T_C_PRS313_Unknown_maternal,0.9678907902326476
chr11_433617_T_C_PRS313_Unknown_paternal,0.9384737561710453
chr11_46318032_C_G_PRS313_Unknown_maternal,0.9766038722692842
chr11_46318032_C_G_PRS313_Unknown_paternal,0.9823895391753664
chr11_42844441_C_T_PRS313_Unknown_maternal,0.8803510657352679
chr11_42844441_C_T_PRS313_Unknown_paternal,0.9099536288148384
chr11_65572431_G_A_PRS313_Unknown_maternal,0.794957845624948
chr11_65572431_G_A_PRS313_Unknown_paternal,0.8520814880425149
chr11_108267402_C_CA_PRS313_Unknown_maternal,0.9581853421494347
chr11_108267402_C_CA_PRS313_Unknown_paternal,0.939809808977238
chr11_116727936_A_T_PRS313_Unknown_maternal,0.48294164479698093
chr11_116727936_A_T_PRS313_Unknown_paternal,0.47806459080912106
chr11_129243417_T_G_PRS313_Unknown_maternal,1.0
chr11_129243417_T_G_PRS313_Unknown_paternal,0.9953207744538567
chr11_129461016_A_G_PRS313_Unknown_maternal,0.9875675183840255
chr11_129461016_A_G_PRS313_Unknown_paternal,0.9916493041086757
chr11_103614438_T_G_PRS313_Unknown_maternal,0.9912861987998957
chr11_103614438_T_G_PRS313_Unknown_paternal,0.9955793987629374
chr11_18664241_T_G_PRS313_Unknown_maternal,0.6974028588685326
chr11_18664241_T_G_PRS313_Unknown_paternal,0.6975381794602332
chr11_69328130_A_T_PRS313_Unknown_maternal,1.0
chr11_69328130_A_T_PRS313_Unknown_paternal,0.991430184225381
chr11_65553492_C_A_PRS313_Unknown_maternal,0.967763729369752
chr11_65553492_C_A_PRS313_Unknown_paternal,0.9630842537026272
chr11_44368892_G_A_PRS313_Unknown_maternal,0.9718821407095609
chr11_44368892_G_A_PRS313_Unknown_paternal,0.9755283467387411
