SNP,IQS Score
chr11_111696440_T_C_PRS313_Unknown_maternal,0.951769164121369
chr11_111696440_T_C_PRS313_Unknown_paternal,0.9461164787495295
chr11_122966626_A_G_PRS313_Unknown_maternal,0.9920045961602911
chr11_122966626_A_G_PRS313_Unknown_paternal,0.9920045961602911
chr11_1895708_C_A_PRS313_Unknown_maternal,0.9357476073678642
chr11_1895708_C_A_PRS313_Unknown_paternal,0.9262162294840537
chr11_433617_T_C_PRS313_Unknown_maternal,0.8424825504621772
chr11_433617_T_C_PRS313_Unknown_paternal,0.9099536288148384
chr11_46318032_C_G_PRS313_Unknown_maternal,0.5632929782082312
chr11_46318032_C_G_PRS313_Unknown_paternal,0.7929140832595213
chr11_42844441_C_T_PRS313_Unknown_maternal,0.9348431926278241
chr11_42844441_C_T_PRS313_Unknown_paternal,0.9257942679404578
chr11_69328130_A_T_PRS313_Unknown_maternal,0.6943084585585968
chr11_69328130_A_T_PRS313_Unknown_paternal,0.7165781303897893
chr11_69330983_G_A_PRS313_Unknown_maternal,0.4780930204056621
chr11_69330983_G_A_PRS313_Unknown_paternal,0.5929601897191543
chr11_65553492_C_A_PRS313_Unknown_maternal,0.9396894185626581
chr11_65553492_C_A_PRS313_Unknown_paternal,0.9009555189456341
chr11_65572431_G_A_PRS313_Unknown_maternal,0.9680260386750908
chr11_65572431_G_A_PRS313_Unknown_paternal,0.9811823918269231
chr11_108267402_C_CA_PRS313_Unknown_maternal,0.9958558394613417
chr11_108267402_C_CA_PRS313_Unknown_paternal,1.0
chr11_116727936_A_T_PRS313_Unknown_maternal,0.9956485108526659
chr11_116727936_A_T_PRS313_Unknown_paternal,0.9911466892859037
chr11_129243417_T_G_PRS313_Unknown_maternal,0.6507189542483658
chr11_129243417_T_G_PRS313_Unknown_paternal,0.6890819628529632
chr11_129461016_A_G_PRS313_Unknown_maternal,1.0
chr11_129461016_A_G_PRS313_Unknown_paternal,0.991430184225381
chr11_103614438_T_G_PRS313_Unknown_maternal,0.9557189345546583
chr11_103614438_T_G_PRS313_Unknown_paternal,0.9590090163800299
chr11_18664241_T_G_PRS313_Unknown_maternal,0.9237375720042622
chr11_18664241_T_G_PRS313_Unknown_paternal,0.870102090422946
chr11_44368892_G_A_PRS313_Unknown_maternal,0.9896122745179349
chr11_44368892_G_A_PRS313_Unknown_paternal,0.9860612636674734
