SNP,R2 Score
chr11_111696440_T_C_PRS313_Unknown_maternal,0.9351220536710556
chr11_111696440_T_C_PRS313_Unknown_paternal,0.9250170922322825
chr11_122966626_A_G_PRS313_Unknown_maternal,0.9790362847006592
chr11_122966626_A_G_PRS313_Unknown_paternal,0.9853685785223651
chr11_69330983_G_A_PRS313_Unknown_maternal,0.08312437044973542
chr11_69330983_G_A_PRS313_Unknown_paternal,0.34738433779267974
chr11_1895708_C_A_PRS313_Unknown_maternal,0.9254647640489112
chr11_1895708_C_A_PRS313_Unknown_paternal,0.9003973316963333
chr11_433617_T_C_PRS313_Unknown_maternal,0.8263080201765312
chr11_433617_T_C_PRS313_Unknown_paternal,0.862252047135554
chr11_46318032_C_G_PRS313_Unknown_maternal,0.6249689930551137
chr11_46318032_C_G_PRS313_Unknown_paternal,0.7976633059512425
chr11_42844441_C_T_PRS313_Unknown_maternal,0.9142644864248577
chr11_42844441_C_T_PRS313_Unknown_paternal,0.9143923719940573
chr11_69328130_A_T_PRS313_Unknown_maternal,0.5102483823253845
chr11_69328130_A_T_PRS313_Unknown_paternal,0.5623107040760309
chr11_65553492_C_A_PRS313_Unknown_maternal,0.9010566702272632
chr11_65553492_C_A_PRS313_Unknown_paternal,0.8825756467863628
chr11_65572431_G_A_PRS313_Unknown_maternal,0.9989187825344555
chr11_65572431_G_A_PRS313_Unknown_paternal,0.9901718013591685
chr11_108267402_C_CA_PRS313_Unknown_maternal,0.9903851032184408
chr11_108267402_C_CA_PRS313_Unknown_paternal,0.9986509285276366
chr11_116727936_A_T_PRS313_Unknown_maternal,0.9850476745008679
chr11_116727936_A_T_PRS313_Unknown_paternal,0.9836584631020395
chr11_129243417_T_G_PRS313_Unknown_maternal,0.49629310184967834
chr11_129243417_T_G_PRS313_Unknown_paternal,0.5690398410096866
chr11_129461016_A_G_PRS313_Unknown_maternal,0.9974411108682634
chr11_129461016_A_G_PRS313_Unknown_paternal,0.9904599328653061
chr11_103614438_T_G_PRS313_Unknown_maternal,0.9482161049542159
chr11_103614438_T_G_PRS313_Unknown_paternal,0.9437378848815318
chr11_18664241_T_G_PRS313_Unknown_maternal,0.8888507494699159
chr11_18664241_T_G_PRS313_Unknown_paternal,0.8438178995916626
chr11_44368892_G_A_PRS313_Unknown_maternal,0.9903039258549264
chr11_44368892_G_A_PRS313_Unknown_paternal,0.9742937343179706
