SNP,R2 Score
chr11_111696440_T_C_PRS313_Unknown_maternal,0.9140463423349163
chr11_111696440_T_C_PRS313_Unknown_paternal,0.901627767466858
chr11_122966626_A_G_PRS313_Unknown_maternal,0.9717046365618259
chr11_122966626_A_G_PRS313_Unknown_paternal,0.9783142197494945
chr11_1895708_C_A_PRS313_Unknown_maternal,0.9019309098802716
chr11_1895708_C_A_PRS313_Unknown_paternal,0.8807825493568047
chr11_433617_T_C_PRS313_Unknown_maternal,0.766906312424251
chr11_433617_T_C_PRS313_Unknown_paternal,0.8345352934653656
chr11_46318032_C_G_PRS313_Unknown_maternal,0.6016843037383373
chr11_46318032_C_G_PRS313_Unknown_paternal,0.7098885248920199
chr11_42844441_C_T_PRS313_Unknown_maternal,0.890625648186797
chr11_42844441_C_T_PRS313_Unknown_paternal,0.8935137893694385
chr11_69328130_A_T_PRS313_Unknown_maternal,0.5282680677716876
chr11_69328130_A_T_PRS313_Unknown_paternal,0.55981084940623
chr11_69330983_G_A_PRS313_Unknown_maternal,0.21559538319787575
chr11_69330983_G_A_PRS313_Unknown_paternal,0.39841677491141436
chr11_65553492_C_A_PRS313_Unknown_maternal,0.8904577297172894
chr11_65553492_C_A_PRS313_Unknown_paternal,0.8771140109123338
chr11_65572431_G_A_PRS313_Unknown_maternal,0.959835340372431
chr11_65572431_G_A_PRS313_Unknown_paternal,0.9767282740486717
chr11_108267402_C_CA_PRS313_Unknown_maternal,0.9888644096674869
chr11_108267402_C_CA_PRS313_Unknown_paternal,0.9973536350302559
chr11_116727936_A_T_PRS313_Unknown_maternal,0.9865799495109318
chr11_116727936_A_T_PRS313_Unknown_paternal,0.9812528649531924
chr11_129243417_T_G_PRS313_Unknown_maternal,0.48903773099720094
chr11_129243417_T_G_PRS313_Unknown_paternal,0.5350383862600059
chr11_129461016_A_G_PRS313_Unknown_maternal,0.995114593337164
chr11_129461016_A_G_PRS313_Unknown_paternal,0.9882860225597776
chr11_103614438_T_G_PRS313_Unknown_maternal,0.9394865475088526
chr11_103614438_T_G_PRS313_Unknown_paternal,0.9398531722881935
chr11_18664241_T_G_PRS313_Unknown_maternal,0.8779617714025358
chr11_18664241_T_G_PRS313_Unknown_paternal,0.8119436343234075
chr11_44368892_G_A_PRS313_Unknown_maternal,0.976156547512745
chr11_44368892_G_A_PRS313_Unknown_paternal,0.9633635695963876
