SNP,R2 Score
chr21_16574455_C_A_PRS313_Unknown_combined,0.9999090730966059
chr21_16566350_A_G_PRS313_Unknown_combined,0.5038393479371839
chr21_47762932_G_A_PRS313_Unknown_combined,0.38790479098272523
