SNP,IQS Score
chr21_16574455_C_A_PRS313_Unknown_combined,1.0
chr21_16566350_A_G_PRS313_Unknown_combined,0.6489213752061839
chr21_47762932_G_A_PRS313_Unknown_combined,0.5677746764780512
