SNP,IQS Score
chr14_105213978_T_G_PRS313_Unknown_combined,0.9312447311153369
chr14_37228504_C_T_PRS313_Unknown_combined,0.8755718280069541
chr14_37128564_C_A_PRS313_Unknown_combined,0.06227667177131182
chr14_91751788_TC_T_PRS313_Unknown_combined,0.9904843304843305
