SNP,IQS Score
chr14_105213978_T_G_PRS313_Unknown_combined,0.17365269461077845
chr14_37228504_C_T_PRS313_Unknown_combined,0.21157684630738524
chr14_93070286_C_T_PRS313_Known_combined,0.20758483033932135
chr14_37128564_C_A_PRS313_Unknown_combined,0.041916167664670656
chr14_91841069_A_G_PRS313_Known_combined,0.5029940119760479
chr14_68660428_T_C_PRS313_Known_combined,0.3413173652694611
chr14_68979835_T_C_PRS313_Known_combined,0.24151696606786427
chr14_91751788_TC_T_PRS313_Unknown_combined,0.2375249500998004
