SNP,IQS Score
chr14_105213978_T_G_PRS313_Unknown_combined,0.7928980449293531
chr14_37228504_C_T_PRS313_Unknown_combined,0.7089521891520304
chr14_93070286_C_T_PRS313_Known_combined,0.6263886031680727
chr14_37128564_C_A_PRS313_Unknown_combined,0.9727983494407645
chr14_91841069_A_G_PRS313_Known_combined,0.8934631905754264
chr14_68660428_T_C_PRS313_Known_combined,0.9362073669849933
chr14_68979835_T_C_PRS313_Known_combined,0.7891216911420821
chr14_91751788_TC_T_PRS313_Unknown_combined,0.7813029835260774
