SNP,IQS Score
chr14_105213978_T_G_PRS313_Unknown_combined,0.7839822603053801
chr14_37228504_C_T_PRS313_Unknown_combined,0.5238396958656739
chr14_93070286_C_T_PRS313_Known_combined,0.05395022874014463
chr14_37128564_C_A_PRS313_Unknown_combined,0.9107357618194939
chr14_91841069_A_G_PRS313_Known_combined,0.029254433930863966
chr14_68660428_T_C_PRS313_Known_combined,0.02751320256506973
chr14_68979835_T_C_PRS313_Known_combined,0.06679260736885216
chr14_91751788_TC_T_PRS313_Unknown_combined,0.6241685144124169
