SNP,R2 Score
chr14_105213978_T_G_PRS313_Unknown_combined,0.9274360217147763
chr14_37228504_C_T_PRS313_Unknown_combined,0.8324107805614398
chr14_37128564_C_A_PRS313_Unknown_combined,-0.013804839508734013
chr14_91751788_TC_T_PRS313_Unknown_combined,0.9821870030327211
