SNP,R2 Score
chr14_105213978_T_G_PRS313_Unknown_combined,0.6238998377800004
chr14_37228504_C_T_PRS313_Unknown_combined,0.5673982667671436
chr14_93070286_C_T_PRS313_Known_combined,-0.2067673484993371
chr14_37128564_C_A_PRS313_Unknown_combined,0.8577858880778593
chr14_91841069_A_G_PRS313_Known_combined,0.04031345232912209
chr14_68660428_T_C_PRS313_Known_combined,-0.3823852491172979
chr14_68979835_T_C_PRS313_Known_combined,-0.24398413544860187
chr14_91751788_TC_T_PRS313_Unknown_combined,0.5297741111146144
