SNP,R2 Score
chr14_105213978_T_G_PRS313_Unknown_combined,0.9152247067839006
chr14_37228504_C_T_PRS313_Unknown_combined,0.8331305110334815
chr14_37128564_C_A_PRS313_Unknown_combined,-0.0056059937572909835
chr14_91751788_TC_T_PRS313_Unknown_combined,0.9824636038941792
