SNP,IQS Score
chr14_105213978_T_G_PRS313_Unknown_combined,0.9406140108261885
chr14_37228504_C_T_PRS313_Unknown_combined,0.871412759267874
chr14_93070286_C_T_PRS313_Known_combined,0.04708880394437986
chr14_37128564_C_A_PRS313_Unknown_combined,0.9904843304843305
chr14_91841069_A_G_PRS313_Known_combined,0.3119284494020702
chr14_68660428_T_C_PRS313_Known_combined,-0.003816429729986931
chr14_68979835_T_C_PRS313_Known_combined,0.10762023080722664
chr14_91751788_TC_T_PRS313_Unknown_combined,0.6534000732511291
