SNP,R2 Score
chr14_105213978_T_G_PRS313_Unknown_combined,0.7362975874089658
chr14_37228504_C_T_PRS313_Unknown_combined,0.5988602110022604
chr14_93070286_C_T_PRS313_Known_combined,0.4445039189447496
chr14_37128564_C_A_PRS313_Unknown_combined,0.9593673965936741
chr14_91841069_A_G_PRS313_Known_combined,0.8909447104919457
chr14_68660428_T_C_PRS313_Known_combined,0.9082777559827385
chr14_68979835_T_C_PRS313_Known_combined,0.6994400746567137
chr14_91751788_TC_T_PRS313_Unknown_combined,0.7273480140076336
