SNP,IQS Score
chr14_105213978_T_G_PRS313_Unknown_combined,0.9406140108261885
chr14_37228504_C_T_PRS313_Unknown_combined,0.8835994520065055
chr14_37128564_C_A_PRS313_Unknown_combined,0.039580514208389435
chr14_91751788_TC_T_PRS313_Unknown_combined,0.9904843304843305
