SNP,R2 Score
chr14_105213978_T_G_PRS313_Unknown_combined,0.9119489621298087
chr14_37228504_C_T_PRS313_Unknown_combined,0.8338452213773199
chr14_93070286_C_T_PRS313_Known_combined,-0.010311278702678894
chr14_37128564_C_A_PRS313_Unknown_combined,0.9813933141500112
chr14_91841069_A_G_PRS313_Known_combined,0.14225473405291122
chr14_68660428_T_C_PRS313_Known_combined,-0.11414260839986556
chr14_68979835_T_C_PRS313_Known_combined,0.027161610575728412
chr14_91751788_TC_T_PRS313_Unknown_combined,0.5575834458794819
