SNP,R2 Score
chr14_105213978_T_G_PRS313_Unknown_combined,0.7276516066682761
chr14_37228504_C_T_PRS313_Unknown_combined,0.42188677467972824
chr14_93070286_C_T_PRS313_Known_combined,-2.4766392659147565
chr14_37128564_C_A_PRS313_Unknown_combined,0.8442416869424172
chr14_91841069_A_G_PRS313_Known_combined,-0.45510914857889606
chr14_68660428_T_C_PRS313_Known_combined,-0.991683012946249
chr14_68979835_T_C_PRS313_Known_combined,-2.0055992534328637
chr14_91751788_TC_T_PRS313_Unknown_combined,0.5534829794617767
