Fold,Train Loss,Val Loss,Val Accuracy,Val Precision,Val Recall,Val F1,Val ROC AUC,Val R2
1,0.5677953809499741,1.5524624586105347,0.899612545967102,0.8951612903225806,0.886986301369863,0.8910550458715596,0.9457024117462772,0.4714005206044938
2,0.5052118599414825,1.4735100269317627,0.900962769985199,0.8894810303261007,0.8957321748019422,0.8925956579868848,0.9492166433015391,0.47053696963464614
3,0.48477689921855927,1.5212680101394653,0.9010801911354065,0.8977302037657983,0.8864128358589074,0.8920356250400462,0.9462807721664477,0.47703118844104125
4,0.46930697560310364,1.4454494714736938,0.8999060988426208,0.895338498666328,0.8889029003783102,0.89210909321015,0.949652239111115,0.4609212457656673
5,0.450540266931057,1.3394317626953125,0.9010588526725769,0.8989225243714726,0.8868640850417616,0.8928525926869665,0.9483637323758134,0.4226278426498747
,,,,,,,,
Average,0.025337716123254268,1.4664243459701538,0.900524091720581,0.8953267094904559,0.8889796594901569,0.8921296029591212,0.9478431597402384,0.4605035534191447
Std Dev,0.07878918343815364,0.07352231330403655,0.0006325322620534126,0.0032528798554047208,0.0034825298388824256,0.0006170651292981851,0.0015782317977146643,0.019633237060570647
