Fold,Train Loss,Val Loss,Val Accuracy,Val Precision,Val Recall,Val F1,Val ROC AUC,Val R2
1,0.5678545162081718,1.2962905168533325,0.9237239956855774,0.8957521434138738,0.8957521434138738,0.8957521434138738,0.9599763084602467,0.5691813589440702
2,0.4903825130313635,1.2342835664749146,0.9216566681861877,0.8941037270755275,0.8897174254317112,0.8919051834366087,0.9599233015401207,0.553779018980807
3,0.4635313209146261,1.352664589881897,0.9237239956855774,0.8977493209157935,0.8949709864603481,0.8963580007748935,0.9597603036606366,0.5534096937777792
4,0.4409295879304409,1.3469388484954834,0.9247932434082031,0.895017793594306,0.8962581666996634,0.8956375506973983,0.9594450076965866,0.5728766927628586
5,0.41612893901765347,1.4424062967300415,0.9187856912612915,0.8891747476746488,0.8861932938856015,0.8876815173367579,0.9560132611523773,0.5415193073963384
,,,,,,,,
Average,0.021162756781999862,1.3345167636871338,0.9225367188453675,0.8943595465348299,0.8925784031782396,0.8934668791319064,0.9590236365019935,0.5581532143723706
Std Dev,0.06803154404429324,0.06874844419647644,0.0021333472662695965,0.0028569483169620766,0.003957083667646507,0.003292480426173973,0.0015165469312028274,0.011460560395126036
