Fold,Train Loss,Val Loss,Val Accuracy,Val Precision,Val Recall,Val F1,Val ROC AUC,Val R2
1,0.6260307282209396,2.4200682640075684,0.8201596736907959,0.7274412855377008,0.7189981673793525,0.723195084485407,0.8911078281462206,0.23318890191151423
2,0.5659659840166569,2.2723770141601562,0.8264471292495728,0.7311827956989247,0.7336621454993835,0.7324203723649793,0.8965529132340588,0.2695828233341445
3,0.5288120582699776,2.5966637134552,0.822455108165741,0.7244458128078818,0.7269076305220884,0.7256746337702391,0.8907156540973542,0.23860844033608736
4,0.4908961392939091,2.667574644088745,0.8203592896461487,0.7300651566863171,0.7167225098994822,0.7233323086381801,0.8903797799496155,0.24918204697577612
5,0.4510633535683155,2.2040772438049316,0.819100022315979,0.7266231748990369,0.7157282741738066,0.7211345768459996,0.8936472826399205,0.22953984881920214
,,,,,,,,
Average,0.06554808304610106,2.4321521759033202,0.8217042446136474,0.7279516451259723,0.7224037454948227,0.725151395220961,0.892480691613434,0.24402041227534488
Std Dev,0.09522349659406562,0.1789860790132261,0.0026090353665502667,0.0024175783518456777,0.006862548630786737,0.003908525677204523,0.0023391393674815695,0.014397062943254752
