Fold,Train Loss,Val Loss,Val Accuracy,Val Precision,Val Recall,Val F1,Val ROC AUC,Val R2
1,0.603561382740736,0.6586539149284363,0.9447771310806274,0.9273991655076496,0.9336320358443013,0.9305051632710021,0.9800685940950695,0.7811970132220861
2,0.5072288326919079,0.6616430282592773,0.9479929208755493,0.9342618384401115,0.9350432115974352,0.9346523617110214,0.9796781191434917,0.7894717077269939
3,0.46688395738601685,0.824238657951355,0.9435573220252991,0.9191549295774648,0.9362984218077475,0.9276474769012082,0.9775813878954005,0.7716260294200613
4,0.42658219300210476,0.6120509505271912,0.9495453834533691,0.9360583941605839,0.9314352120859966,0.9337410805300713,0.9793555242564425,0.7902655778161038
5,0.38147152215242386,0.7412152290344238,0.9435555338859558,0.9310640732265446,0.924190800681431,0.9276147050441721,0.9773855890237944,0.7611956342521372
,,,,,,,,
Average,0.014329588287849901,0.6995603561401367,0.9458856582641602,0.9295876801824707,0.9321199364033822,0.9308321574914951,0.9788138428828397,0.7787511924874765
Std Dev,0.06215521117923791,0.07489828320506468,0.00244596017750152,0.005992153417474705,0.004280928953903087,0.002954891180954617,0.0011111837968372851,0.01106759349862767
