Fold,Train Loss,Val Loss,Val Accuracy,Val Precision,Val Recall,Val F1,Val ROC AUC,Val R2
1,0.5681931190192699,0.4136086106300354,0.9487495422363281,0.9444758406329472,0.9330076762037683,0.938706733132065,0.9831322636376022,0.6429533656235888
2,0.4945180807262659,0.371796190738678,0.9512739181518555,0.9458697490837328,0.9376746785913919,0.9417543859649123,0.9848025310690933,0.6670516711896282
3,0.47023963183164597,0.39137277007102966,0.9502171874046326,0.9448265978790484,0.9343820861678005,0.9395753170870742,0.9841612289667655,0.6805523331509347
4,0.44878625869750977,0.41814446449279785,0.9506868720054626,0.9417789001122334,0.9404595124684786,0.9411187438665358,0.9837118019558069,0.6640054123588737
5,0.42449275963008404,0.39796850085258484,0.9505882263183594,0.9439252336448598,0.9358517462580185,0.9398711524695776,0.9840673911794275,0.655589115128445
,,,,,,,,
Average,0.018709264006287925,0.39857810735702515,0.9503031492233276,0.9441752642705643,0.9362751399378915,0.940205266504033,0.9839750433617389,0.6620303794902941
Std Dev,0.07090493036323808,0.016603119727640878,0.0008475834520049701,0.0013557976909809204,0.002604108905395303,0.0010943749557376407,0.0005490906675562165,0.012470759697936443
