Fold,Train Loss,Val Loss,Val Accuracy,Val Precision,Val Recall,Val F1,Val ROC AUC,Val R2
1,0.5652030389755964,0.8822968602180481,0.9504989981651306,0.9170418006430868,0.9229773462783172,0.92,0.9770995204004913,0.5757773581924586
2,0.455692732706666,0.7681463956832886,0.9500998258590698,0.9270696452036794,0.9103225806451613,0.9186197916666666,0.9788092485549132,0.5515761198336502
3,0.4129482675343752,0.6638770699501038,0.955089807510376,0.9333786539768865,0.9153333333333333,0.9242679232581622,0.9780553656220323,0.5909208273270872
4,0.36257205717265606,0.5913965106010437,0.9554890394210815,0.9329268292682927,0.9173884077281812,0.9250923748740343,0.9830324952928692,0.5457030066831935
5,0.2998579815030098,0.7541838884353638,0.9490000009536743,0.9175531914893617,0.913302448709464,0.9154228855721394,0.9796518470928487,0.597021017001007
,,,,,,,,
Average,0.012532016612356046,0.7319801449775696,0.9520355343818665,0.9255940241162615,0.9158648233388913,0.9206805950742005,0.9793296953926308,0.5721996658074793
Std Dev,0.05146269065040771,0.09879059254508489,0.0027047238536922645,0.007132229198885284,0.004253798100495419,0.00359684178271051,0.002033861872883544,0.02052698146245796
