Fold,Train Loss,Val Loss,Val Accuracy,Val Precision,Val Recall,Val F1,Val ROC AUC,Val R2
1,0.4824937656521797,0.3463616371154785,0.9793745875358582,0.935820895522388,0.9261447562776958,0.9309576837416481,0.9858100409210474,0.49628723708456474
2,0.31084442511200905,0.256161630153656,0.9790419340133667,0.948301329394387,0.9151817533856023,0.9314472252448314,0.9865866642580455,0.557553611970009
3,0.28469385392963886,0.23264433443546295,0.9807052612304688,0.9429978888106967,0.9351011863224006,0.9390329362298528,0.988756916840589,0.619490792677889
4,0.2596776019781828,0.3272467255592346,0.9791527986526489,0.9433384379785605,0.9153046062407132,0.9291101055806938,0.9873234060058228,0.5103709710758944
5,0.23213672172278166,0.318759560585022,0.9789999723434448,0.936154949784792,0.9288256227758007,0.9324758842443729,0.9867268923411403,0.5152139547770094
,,,,,,,,
Average,0.009481876377534391,0.2962347775697708,0.9794549107551574,0.941322700298165,0.9241115850004424,0.9326047670082799,0.987040784073329,0.5397833135170733
Std Dev,0.04125956327937566,0.043889430203072295,0.000638532473859181,0.0047443907969422425,0.007802974334822051,0.00339421316427869,0.000984323967466754,0.044787752082630874
