Fold,Train Loss,Val Loss,Val Accuracy,Val Precision,Val Recall,Val F1,Val ROC AUC,Val R2
1,0.5842141509056091,1.4206297397613525,0.9014114737510681,0.8723566393598781,0.8652683295540439,0.86879802675268,0.9461201955090134,0.4709171377098254
2,0.5246386416256428,1.542864441871643,0.9046193361282349,0.8707571801566579,0.8786225065863756,0.8746721618583739,0.9436304161110535,0.5031692681870358
3,0.5041705891489983,1.3936502933502197,0.9052609205245972,0.8772811918063315,0.8754878275413492,0.8763835922239793,0.946306770454284,0.5114931273212503
4,0.485496673732996,1.242916464805603,0.9128172397613525,0.8858481724461106,0.8850187265917603,0.8854332552693208,0.951892166042447,0.5456808453667639
5,0.4649412967264652,1.4195760488510132,0.9018571376800537,0.8776884234149991,0.8669868834287826,0.8723048327137546,0.9447472690761176,0.48985345829054505
,,,,,,,,
Average,0.026062293313975374,1.4039273977279663,0.9051932215690612,0.8767863214367952,0.8742768547404622,0.8755183737636216,0.9465393634385831,0.5042227673750841
Std Dev,0.07971522597245162,0.09576793841539444,0.004096111651738834,0.0052753854125584185,0.00734896133776106,0.005572422505005067,0.002848012420049433,0.024853499697292593
