Fold,Train Loss,Val Loss,Val Accuracy,Val Precision,Val Recall,Val F1,Val ROC AUC,Val R2
1,0.5316786412149668,0.6974214911460876,0.9420390129089355,0.8827141541295671,0.8851600985221675,0.883935434281322,0.9666611081275247,0.44485985198555233
2,0.4500342607498169,0.6675488352775574,0.9451097846031189,0.8947841726618705,0.8913108390564347,0.8930441286462228,0.9676418734191728,0.43688413494351774
3,0.41717725805938244,0.6276687383651733,0.946107804775238,0.8979591836734694,0.8892911010558069,0.8936041224613519,0.9678149035015414,0.447178052743879
4,0.3895146083086729,0.6479795575141907,0.9496392011642456,0.897239263803681,0.9011090573012939,0.8991699969259145,0.9683500977134671,0.4793264471120668
5,0.3563823811709881,0.6534480452537537,0.9447692036628723,0.896594427244582,0.8829268292682927,0.8897081413210445,0.9639932123858275,0.4858040790468773
,,,,,,,,
Average,0.01742606667276817,0.6588133335113525,0.9455330014228821,0.8938582403026339,0.8899595850407991,0.8918923647271711,0.9668922390295066,0.4588105131663786
Std Dev,0.06128239103289091,0.023164808025619984,0.002456083485558674,0.005670692775902075,0.00630996378022495,0.005006079885377275,0.0015489603199008808,0.01980028933851141
