Fold,Train Loss,Val Loss,Val Accuracy,Val Precision,Val Recall,Val F1,Val ROC AUC,Val R2
1,0.5890681445598602,1.965489149093628,0.8872810006141663,0.8521031207598372,0.8430787589498807,0.8475669190972484,0.9310421974921379,0.4558597742204617
2,0.5281966924667358,2.2389676570892334,0.8855067491531372,0.8410165484633569,0.8519682682233198,0.8464569856494907,0.9272055832931456,0.45736571723823044
3,0.5058760978281498,2.012094020843506,0.8866711258888245,0.8474376015359621,0.8502000296340199,0.8488165680473373,0.9344856460823476,0.4718456444581618
4,0.4842992201447487,1.935854434967041,0.8888888955116272,0.8494575045207957,0.8486901535682023,0.8490736556710348,0.9348127037918127,0.4745272136339712
5,0.4610629864037037,1.9644594192504883,0.8881666660308838,0.8555104495564577,0.843963215663008,0.8496976032255656,0.9324818044285751,0.4543948804639326
,,,,,,,,
Average,0.031306583270061084,2.023372936248779,0.8873028874397277,0.8491050449672819,0.8475800852076862,0.8483223463381353,0.9320055870176038,0.46279864600295156
Std Dev,0.08020244904462907,0.11053426704341515,0.0011736481153701063,0.004865100974007867,0.003484141045457859,0.0011619202324589918,0.0027649786872149668,0.008575493123257097
