Fold,Train Loss,Val Loss,Val Accuracy,Val Precision,Val Recall,Val F1,Val ROC AUC,Val R2
1,0.5118854567408562,0.7881731986999512,0.9468562602996826,0.9463946869070209,0.9522673031026253,0.9493219129193433,0.9820084162251246,0.6068477968161639
2,0.2770299734547734,0.8478659391403198,0.938622772693634,0.9439962031324157,0.9395370807746811,0.9417613636363636,0.979374367856892,0.45632974931499126
3,0.25379185285419226,0.6769477725028992,0.94386225938797,0.950780880265026,0.9431924882629108,0.9469714824416685,0.9806291779787708,0.5211956963623775
4,0.24399101454764605,0.7728905081748962,0.9378742575645447,0.9445234708392604,0.9378531073446328,0.9411764705882354,0.9792270172850169,0.5519994667411176
5,0.23501214012503624,0.8812130689620972,0.9432500004768372,0.9502133712660028,0.9426152398871119,0.9463990554899646,0.9786118604742223,0.48283350344058495
,,,,,,,,
Average,0.017574218335425967,0.7934180974960328,0.9420931100845337,0.9471817224819452,0.9430930438743925,0.9451260570151151,0.9799701679640054,0.523841242535047
Std Dev,0.046711174567019814,0.07026628204932002,0.0033763247119262775,0.0028276524332261637,0.00499013079239218,0.00314806992830185,0.0012116930394810877,0.05278145307029007
