Fold,Train Loss,Val Loss,Val Accuracy,Val Precision,Val Recall,Val F1,Val ROC AUC,Val R2
1,0.5772035084664822,0.6673094034194946,0.957228422164917,0.9447903694479037,0.9316414244781007,0.9381698268755153,0.9808014773591327,0.7992331399693361
2,0.4828513953834772,0.7901382446289062,0.9585115313529968,0.9438877755511023,0.9397446129289705,0.9418116376724656,0.9816882251009289,0.7948213717633578
3,0.42497775331139565,0.5943074226379395,0.9632164239883423,0.9507606084867894,0.9462151394422311,0.948482428115016,0.9852124362231358,0.8014567483172931
4,0.3640391677618027,0.7096414566040039,0.9593669772148132,0.9431818181818182,0.9372647427854455,0.9402139710509754,0.9813191963916167,0.8032646785481267
5,0.3049634303897619,0.6769682168960571,0.9580000042915344,0.9381318236959159,0.9427062169849655,0.9404134576408593,0.9844184837552623,0.824497848232508
,,,,,,,,
Average,0.012916558301650354,0.6876729488372803,0.9592646718025207,0.9441504790727059,0.9395144273239426,0.9418182642709663,0.9826879637660152,0.8046547573661244
Std Dev,0.05514187023221727,0.0636052496662932,0.00209474240765897,0.004033231958852981,0.004943385558067278,0.003529007154551383,0.0017776103682743956,0.010315010845734161
