Fold,Train Loss,Val Loss,Val Accuracy,Val Precision,Val Recall,Val F1,Val ROC AUC,Val R2
1,0.5375352706760168,0.1457500010728836,0.9857784509658813,0.9550949913644214,0.946917808219178,0.9509888220120378,0.993855820317501,0.7441618643363743
2,0.37999165430665016,0.16897869110107422,0.9822854399681091,0.9411764705882353,0.9427168576104746,0.9419460343417825,0.9905030769905283,0.7285852966325559
3,0.3466086108237505,0.1329479068517685,0.9815369248390198,0.9481865284974094,0.9258010118043845,0.9368600682593857,0.9930121796755214,0.7664597318339643
4,0.30535911582410336,0.13085635006427765,0.9837824106216431,0.9554794520547946,0.9346733668341709,0.9449618966977138,0.9944955894492495,0.7551461411419631
5,0.2586513962596655,0.10026847571134567,0.9850000143051147,0.954225352112676,0.9409722222222222,0.9475524475524474,0.9933204848942107,0.7653613330154085
,,,,,,,,
Average,0.009052007236841022,0.13576028496026993,0.9836766481399536,0.9508325589235074,0.938216253338086,0.9444618537726734,0.9930374302654021,0.7519428733920532
Std Dev,0.04479546099427573,0.022337786400614415,0.0015933571357778062,0.005504807184013695,0.007351981063297131,0.004827413751378915,0.0013637957706237255,0.01419278447637448
