Fold,Train Loss,Val Loss,Val Accuracy,Val Precision,Val Recall,Val F1,Val ROC AUC,Val R2
1,0.5771307796239853,1.4417753219604492,0.895061731338501,0.8269974656529279,0.8008266597778352,0.8137016864623663,0.9296885116143087,0.38092095188043296
2,0.5091496873646975,1.554197907447815,0.8931766152381897,0.8281921124560718,0.802092524896004,0.8149334016393442,0.9259497160377594,0.38566077942635746
3,0.48965572007000446,1.5273332595825195,0.8940637111663818,0.8254998014034158,0.8011049723756906,0.8131194574856545,0.9278131387733803,0.3817913074770334
4,0.4744067005813122,1.5107197761535645,0.8971316814422607,0.8220171390903098,0.8131194574856546,0.8175440896872747,0.9312108114525424,0.3854349065740248
5,0.46207961440086365,1.4861406087875366,0.8920740485191345,0.8283335535879477,0.7951287580870227,0.8113915857605178,0.9276135177552338,0.3886828155934036
,,,,,,,,
Average,0.03606855263532952,1.504033374786377,0.8943015575408936,0.8262080144381347,0.8024544745244414,0.8141380442070314,0.9284551391266451,0.38449815219025046
Std Dev,0.08688258395880356,0.038210703078227666,0.001724605927390813,0.0023299268969759613,0.005865320576348971,0.0020496194889462293,0.001817282229141696,0.002823614315779593
