Fold,Train Loss,Val Loss,Val Accuracy,Val Precision,Val Recall,Val F1,Val ROC AUC,Val R2
1,0.5266156103461981,1.0220603942871094,0.9323171973228455,0.8811164713990352,0.8644354293441514,0.8726962457337883,0.951013511247411,0.5443696539689923
2,0.4397120513021946,1.1208800077438354,0.9299582839012146,0.8701523545706371,0.8635738831615121,0.8668506381510866,0.953844205182429,0.5051862133028915
3,0.41759395226836205,1.0780624151229858,0.9316821098327637,0.8717859624739402,0.8672658140338748,0.8695200138624155,0.9559591646912683,0.5087549497021422
4,0.3937127348035574,0.9925970435142517,0.93186354637146,0.8728901136755081,0.8689986282578875,0.8709400240591167,0.9570608842981388,0.5022834228021362
5,0.3729505520313978,1.1054810285568237,0.9330909252166748,0.8756388415672913,0.8738524311458687,0.8747447243022465,0.9555569413082765,0.5355626201941578
,,,,,,,,
Average,0.019657039978364422,1.0638161778450013,0.9317824125289917,0.8743167487372823,0.8676252371886589,0.8709503292217307,0.9546869413455047,0.5192313719940641
Std Dev,0.06249009912073213,0.049012052190246104,0.0010336623057367541,0.003841002556971538,0.003671012834412409,0.0026944028500692275,0.0021078591150846303,0.017279454719030522
