Fold,Train Loss,Val Loss,Val Accuracy,Val Precision,Val Recall,Val F1,Val ROC AUC,Val R2
1,0.5487885177135468,1.2460142374038696,0.9276900887489319,0.9051659595707512,0.8968842729970327,0.901006086200472,0.9669738139848312,0.5718549520340565
2,0.4593537710607052,1.4668711423873901,0.9284158945083618,0.9046776232616941,0.8967418546365915,0.9006922592825677,0.9610014263474387,0.5603419520841791
3,0.4397864583879709,1.1809754371643066,0.9324079155921936,0.9103219213081247,0.9004296183977761,0.9053487485707026,0.966522602048454,0.5833754029363022
4,0.41987457498908043,1.1300603151321411,0.9348575472831726,0.9172135285209491,0.9030815109343936,0.9100926621587777,0.9686218925373169,0.585184604471947
5,0.3961713593453169,1.3093483448028564,0.9260908961296082,0.8981827234254419,0.8993020937188435,0.8987420600323826,0.9617077324123794,0.5718930158986286
,,,,,,,,
Average,0.019937598645682612,1.2666538953781128,0.9298924684524537,0.9071123512173921,0.8992878701369275,0.9031763632489804,0.964965493466084,0.5745299854850228
Std Dev,0.06574180543547621,0.11690539924165808,0.0032392030255839126,0.006352790194054258,0.002364528538228895,0.004076723404786186,0.0030382240804648864,0.009024101284789919
