Fold,Train Loss,Val Loss,Val Accuracy,Val Precision,Val Recall,Val F1,Val ROC AUC,Val R2
1,0.4987833518534899,0.8901761174201965,0.9272364377975464,0.8713984539704849,0.850480109739369,0.8608122179798681,0.9659715178209708,0.4088394186486244
2,0.3641501981765032,0.889221727848053,0.9284158945083618,0.870325061167424,0.8562585969738652,0.8632345293811753,0.9697976250737852,0.43024812189093425
3,0.3471214435994625,0.9095835089683533,0.9271457195281982,0.857396239801348,0.8577004968062456,0.8575483413163031,0.9663890824777265,0.3675291131374006
4,0.3352082222700119,1.008048176765442,0.9276900887489319,0.8582786035257518,0.8651567944250871,0.8617039736248483,0.9665874302879437,0.37985248328300075
5,0.3226311970502138,0.8995633125305176,0.9283636212348938,0.8661445354218583,0.8551845342706502,0.86062964273081,0.9696249834328082,0.3932497146283724
,,,,,,,,
Average,0.033911635105532925,0.9193185687065124,0.9277703523635864,0.8647085787773735,0.8569561064430434,0.8607857410066009,0.9676741278186469,0.3959437703176665
Std Dev,0.05946848639698284,0.044973519269923004,0.0005385844047232993,0.0058851704998030985,0.004761699720042334,0.0018625541657209753,0.0016760794775623866,0.021984842414259652
