Fold,Train Loss,Val Loss,Val Accuracy,Val Precision,Val Recall,Val F1,Val ROC AUC,Val R2
1,0.5448099840432405,1.8043581247329712,0.8858646154403687,0.7926697808120733,0.7641149982680984,0.7781305114638447,0.9232630261462857,0.3777364213862912
2,0.4823802411556244,1.7794028520584106,0.8851388096809387,0.7849912739965096,0.7757847533632287,0.7803608605135324,0.9250118807603532,0.3876281134806499
3,0.46448718570172787,1.879709005355835,0.8881328105926514,0.7980433263452131,0.7771350799591698,0.7874504395793829,0.9236903179192636,0.4064764433603877
4,0.44757663272321224,1.7861919403076172,0.8863182663917542,0.7832240248532966,0.7840359364201797,0.7836297703332757,0.928389632500585,0.38297990653251207
5,0.429304214194417,1.8465973138809204,0.885454535484314,0.788218793828892,0.7741046831955923,0.7810979847116053,0.920887984849846,0.3936107367596524
,,,,,,,,
Average,0.033470426046636706,1.8192518472671508,0.8861818075180053,0.7894294399671969,0.7750350902412537,0.7821339133203281,0.9242485684352667,0.3896863243038987
Std Dev,0.07580051453324202,0.03822450875218485,0.0010528450916192523,0.005373434754711923,0.006420299829778611,0.003185816392353924,0.002462012046082891,0.009892639303153657
