Fold,Train Loss,Val Loss,Val Accuracy,Val Precision,Val Recall,Val F1,Val ROC AUC,Val R2
1,0.5985723659396172,1.503269910812378,0.9087380766868591,0.897948717948718,0.8917748917748918,0.8948511562539926,0.9549104690357418,0.5928086195005382
2,0.5426258146762848,1.3089301586151123,0.9122865200042725,0.896909893534147,0.8976091476091476,0.897259384335628,0.9564081619932684,0.6045982648431358
3,0.5157279781997204,1.4537625312805176,0.9131736755371094,0.9024763849885116,0.898119918699187,0.9002928817012606,0.9547330537318065,0.6055817132907197
4,0.48883035965263844,1.5183708667755127,0.9132845401763916,0.9019114688128773,0.901458019105078,0.9016846869499623,0.958198364816012,0.6089063899266803
5,0.46032617427408695,1.3826279640197754,0.9135555624961853,0.9004936347103144,0.8976948976948977,0.8990920881971467,0.9565010602177366,0.6192513561079215
,,,,,,,,
Average,0.02260474943681436,1.4333922863006592,0.9122076749801635,0.8999480199989136,0.8973313749766403,0.8986360394875981,0.956150221958913,0.6062292687337991
Std Dev,0.07580514379354619,0.07821384285676311,0.0017862768731325997,0.002180498900839393,0.003122012329844629,0.0023861214720004792,0.0012593540251013384,0.008484516073956111
