Fold,Train Loss,Val Loss,Val Accuracy,Val Precision,Val Recall,Val F1,Val ROC AUC,Val R2
1,0.6013325117528439,0.6683410406112671,0.9530938267707825,0.9454342984409799,0.9496644295302014,0.9475446428571429,0.98224298123627,0.8050945562298232
2,0.5331267770379782,0.9249011278152466,0.9378742575645447,0.9333333333333333,0.9276169265033407,0.9304663501815135,0.9758285943849503,0.7439735653037611
3,0.47803565114736557,0.9018497467041016,0.9403692483901978,0.9393095768374164,0.9284534947716016,0.9338499861610849,0.9765721178373428,0.7588226394366102
4,0.40530236065387726,0.8429288268089294,0.9446107745170593,0.9304750869061413,0.9402810304449649,0.9353523587652883,0.9788658232359231,0.7653815965293904
5,0.32574863359332085,0.7847492694854736,0.9447500109672546,0.9406162464985994,0.9358974358974359,0.9382509080748812,0.9805133915711787,0.7782115848868678
,,,,,,,,
Average,0.011184211847350781,0.8245540022850036,0.9441396236419678,0.937833708403294,0.9363826634295089,0.9370928492079822,0.9788045816531328,0.7702967884772904
Std Dev,0.05696662361414637,0.09205293915122122,0.005181560597529072,0.005330897877774741,0.00814306921698335,0.005797189800130248,0.0023910988465552243,0.02060221312917688
