Fold,Train Loss,Val Loss,Val Accuracy,Val Precision,Val Recall,Val F1,Val ROC AUC,Val R2
1,0.5371573474258184,0.7175835371017456,0.9411177635192871,0.9303985722784057,0.9292929292929293,0.929845422116528,0.9824652598087134,0.35192376923258384
2,0.3979200292378664,0.8161706328392029,0.9333832263946533,0.9217647058823529,0.921222810111699,0.921493678329903,0.9799997808474425,0.39163341935830925
3,0.37340318970382214,0.7772228717803955,0.9418662786483765,0.9306590257879657,0.9354838709677419,0.9330652111462224,0.9826309165476732,0.40907164622124564
4,0.34644144028425217,0.7817301154136658,0.9408682584762573,0.9339407744874715,0.9312890403180011,0.9326130224623257,0.9823106940239835,0.47848543578893044
5,0.3132133949548006,0.6662116050720215,0.9427499771118164,0.9357525282569898,0.9285714285714286,0.9321481481481482,0.9818174906383532,0.4317892829568828
,,,,,,,,
Average,0.01880024413280381,0.7517837524414063,0.9399971008300781,0.9305031213386371,0.92917201585236,0.9298330964406254,0.9818448283732332,0.41258071071159036
Std Dev,0.057055776609871614,0.05325758340378708,0.0033713584530281884,0.004811836937305386,0.00464513734210689,0.004314627791884203,0.0009617534312753953,0.04205417727990089
