SNP,IQS Score
chr12_14413931_G_C_PRS313_Known_combined,0.9367807389460934
chr12_115796577_A_G_PRS313_Unknown_combined,0.8350234874296888
chr12_115835836_T_C_PRS313_Known_combined,1.0
chr12_120832146_C_T_PRS313_Known_combined,0.9706394521373675
chr12_103097887_C_T_PRS313_Unknown_combined,0.8737538388849518
chr12_96027759_A_G_PRS313_Known_combined,0.9675050915175964
chr12_85004551_C_T_PRS313_Unknown_combined,0.8309031996759824
chr12_111600134_G_T_PRS313_Unknown_combined,0.99162879294212
chr12_28149568_C_T_PRS313_Unknown_combined,0.9274832639768411
chr12_29140260_G_A_PRS313_Unknown_combined,0.9965418702890747
chr12_57146069_T_G_PRS313_Known_combined,0.9641307616306545
chr12_293626_A_G_PRS313_Unknown_combined,0.995019187560893
chr12_70798355_A_T_PRS313_Unknown_combined,0.8476509046677816
chr12_28174817_C_T_PRS313_Known_combined,0.908889874955445
chr12_83064195_G_GA_PRS313_Unknown_combined,0.9661779001944265
chr12_115108136_T_C_PRS313_Unknown_combined,0.9935772112789811
chr12_28347382_C_T_PRS313_Unknown_combined,0.7366947680030889
