SNP,R2 Score
chr12_14413931_G_C_PRS313_Known_combined,0.9349128659505251
chr12_115796577_A_G_PRS313_Unknown_combined,0.8232533617299276
chr12_115835836_T_C_PRS313_Known_combined,0.9999999999999831
chr12_120832146_C_T_PRS313_Known_combined,0.9617901666532996
chr12_103097887_C_T_PRS313_Unknown_combined,0.8302938206738517
chr12_96027759_A_G_PRS313_Known_combined,0.957270386390016
chr12_85004551_C_T_PRS313_Unknown_combined,0.7988432140621748
chr12_111600134_G_T_PRS313_Unknown_combined,0.9861521501187781
chr12_28149568_C_T_PRS313_Unknown_combined,0.8683400900182239
chr12_29140260_G_A_PRS313_Unknown_combined,0.9958090682590188
chr12_57146069_T_G_PRS313_Known_combined,0.957920439506999
chr12_293626_A_G_PRS313_Unknown_combined,0.9914498672129527
chr12_70798355_A_T_PRS313_Unknown_combined,0.8354073552189846
chr12_28174817_C_T_PRS313_Known_combined,0.903851987963977
chr12_83064195_G_GA_PRS313_Unknown_combined,0.9593033733583226
chr12_115108136_T_C_PRS313_Unknown_combined,0.9946891868644658
chr12_28347382_C_T_PRS313_Unknown_combined,0.7184422059578761
