SNP,AUC Score
chr12_14413931_G_C_PRS313_Known_combined,0.9681256323771824
chr12_115796577_A_G_PRS313_Unknown_combined,0.924396495460479
chr12_115835836_T_C_PRS313_Known_combined,1.0
chr12_120832146_C_T_PRS313_Known_combined,0.9882056396056914
chr12_103097887_C_T_PRS313_Unknown_combined,0.9730804168876173
chr12_96027759_A_G_PRS313_Known_combined,0.9902931620123083
chr12_85004551_C_T_PRS313_Unknown_combined,0.8957989147207064
chr12_111600134_G_T_PRS313_Unknown_combined,0.9922394475024331
chr12_28149568_C_T_PRS313_Unknown_combined,0.9702248507053485
chr12_29140260_G_A_PRS313_Unknown_combined,0.9988388602781922
chr12_57146069_T_G_PRS313_Known_combined,0.9870662741221382
chr12_293626_A_G_PRS313_Unknown_combined,0.9971356832918922
chr12_70798355_A_T_PRS313_Unknown_combined,0.9240850270245184
chr12_28174817_C_T_PRS313_Known_combined,0.9490610985740465
chr12_83064195_G_GA_PRS313_Unknown_combined,0.9827093060577027
chr12_115108136_T_C_PRS313_Unknown_combined,0.9977303500728789
chr12_28347382_C_T_PRS313_Unknown_combined,0.8507674190376556
