SNP,R2 Score
chr12_14413931_G_C_PRS313_Known_combined,0.9233921526652191
chr12_115796577_A_G_PRS313_Unknown_combined,0.7894163464177875
chr12_115835836_T_C_PRS313_Known_combined,1.0
chr12_120832146_C_T_PRS313_Known_combined,0.9502313172310051
chr12_103097887_C_T_PRS313_Unknown_combined,0.7634979642414587
chr12_96027759_A_G_PRS313_Known_combined,0.9420085193073433
chr12_85004551_C_T_PRS313_Unknown_combined,0.7271496592288302
chr12_111600134_G_T_PRS313_Unknown_combined,0.9892447726589669
chr12_28149568_C_T_PRS313_Unknown_combined,0.8309260259179265
chr12_29140260_G_A_PRS313_Unknown_combined,0.9956135742803109
chr12_57146069_T_G_PRS313_Known_combined,0.9491070884378618
chr12_293626_A_G_PRS313_Unknown_combined,0.9934160380581912
chr12_70798355_A_T_PRS313_Unknown_combined,0.7774157719363199
chr12_28174817_C_T_PRS313_Known_combined,0.887987622744102
chr12_83064195_G_GA_PRS313_Unknown_combined,0.9535801645541472
chr12_115108136_T_C_PRS313_Unknown_combined,0.9918819068606799
chr12_28347382_C_T_PRS313_Unknown_combined,0.6217294831890042
