SNP,Accuracy Score
chr12_14413931_G_C_PRS313_Known_combined,0.9600798403193613
chr12_115796577_A_G_PRS313_Unknown_combined,0.9021956087824351
chr12_115835836_T_C_PRS313_Known_combined,1.0
chr12_120832146_C_T_PRS313_Known_combined,0.9860279441117764
chr12_103097887_C_T_PRS313_Unknown_combined,0.9680638722554891
chr12_96027759_A_G_PRS313_Known_combined,0.9900199600798403
chr12_85004551_C_T_PRS313_Unknown_combined,0.9301397205588823
chr12_111600134_G_T_PRS313_Unknown_combined,0.9960079840319361
chr12_28149568_C_T_PRS313_Unknown_combined,0.9760479041916168
chr12_29140260_G_A_PRS313_Unknown_combined,0.998003992015968
chr12_57146069_T_G_PRS313_Known_combined,0.9800399201596807
chr12_293626_A_G_PRS313_Unknown_combined,0.998003992015968
chr12_70798355_A_T_PRS313_Unknown_combined,0.9520958083832335
chr12_28174817_C_T_PRS313_Known_combined,0.9500998003992016
chr12_83064195_G_GA_PRS313_Unknown_combined,0.9800399201596807
chr12_115108136_T_C_PRS313_Unknown_combined,0.9960079840319361
chr12_28347382_C_T_PRS313_Unknown_combined,0.9021956087824351
