SNP,R2 Score
chr21_16574455_C_A_PRS313_Known_combined,0.05817454916638776
chr21_16566350_A_G_PRS313_Unknown_combined,-0.7270705864796299
chr21_47762932_G_A_PRS313_Unknown_combined,-1.7187778768956559
chr21_16364756_T_G_PRS313_Known_combined,-10.988855364887932
