SNP,R2 Score
chr21_16566350_A_G_PRS313_Unknown_combined,0.906686214736619
chr21_47762932_G_A_PRS313_Unknown_combined,0.4932620716270484
