SNP,IQS Score
chr21_16566350_A_G_PRS313_Unknown_combined,0.9441124444231964
chr21_47762932_G_A_PRS313_Unknown_combined,0.6297358982719269
