SNP,IQS Score
chr21_16574455_C_A_PRS313_Known_combined,0.35231228992165087
chr21_16566350_A_G_PRS313_Unknown_combined,0.24299637908034077
chr21_47762932_G_A_PRS313_Unknown_combined,0.3553840010648211
chr21_16364756_T_G_PRS313_Known_combined,0.0049495586380832336
