SNP,IQS Score
chr21_16574455_C_A_PRS313_Known_combined,0.14171656686626746
chr21_16566350_A_G_PRS313_Unknown_combined,0.2834331337325349
chr21_47762932_G_A_PRS313_Unknown_combined,0.04790419161676647
chr21_16364756_T_G_PRS313_Known_combined,0.21956087824351297
