SNP,R2 Score
chr21_16574455_C_A_PRS313_Unknown_combined,0.9070981986010869
chr21_16566350_A_G_PRS313_Unknown_combined,0.9070624503261161
chr21_47762932_G_A_PRS313_Unknown_combined,0.4961368672431242
