SNP,IQS Score
chr21_16566350_A_G_PRS313_Unknown_combined,0.7056121195286374
chr21_47762932_G_A_PRS313_Unknown_combined,0.2627582553416912
chr21_16364756_T_G_PRS313_Known_combined,0.4233115077585436
chr21_16574455_C_A_PRS313_Known_combined,0.9359434197156181
