SNP,IQS Score
chr21_16574455_C_A_PRS313_Unknown_combined,0.9401209532839853
chr21_16566350_A_G_PRS313_Unknown_combined,0.9401209532839853
chr21_47762932_G_A_PRS313_Unknown_combined,0.6297358982719269
