SNP,R2 Score
chr21_16566350_A_G_PRS313_Unknown_combined,0.58879271750485
chr21_47762932_G_A_PRS313_Unknown_combined,0.06891168599463848
chr21_16364756_T_G_PRS313_Known_combined,0.24420139543653696
chr21_16574455_C_A_PRS313_Known_combined,0.9190285811500514
