SNP,IQS Score
chr21_16574455_C_A_PRS313_Known_combined,0.9441124444231964
chr21_16566350_A_G_PRS313_Unknown_combined,0.6406260189109878
chr21_47762932_G_A_PRS313_Unknown_combined,0.5081269772008298
chr21_16364756_T_G_PRS313_Known_combined,0.022837016417656123
