SNP,R2 Score
chr21_16574455_C_A_PRS313_Known_combined,0.9090092806201086
chr21_16566350_A_G_PRS313_Unknown_combined,0.49630908561905096
chr21_47762932_G_A_PRS313_Unknown_combined,0.3872023913668422
chr21_16364756_T_G_PRS313_Known_combined,0.028490603159428418
