SNP,R2 Score
chr21_16574455_C_A_PRS313_Known_combined,0.6974225927186133
chr21_16566350_A_G_PRS313_Unknown_combined,-0.3009103118937473
chr21_47762932_G_A_PRS313_Unknown_combined,-0.042818911686004935
chr21_16364756_T_G_PRS313_Known_combined,-0.2281727324156273
