SNP,R2 Score
chr19_18569492_C_T_PRS313_Unknown_combined,0.9957102352408747
chr19_46166073_T_C_PRS313_Unknown_combined,0.7402987875289342
chr19_44283031_T_C_PRS313_Unknown_combined,0.9962259351397524
chr19_13249921_G_T_PRS313_Unknown_combined,0.7462377398988544
chr19_19517054_C_CGGGCG_PRS313_Unknown_combined,0.836620751096524
chr19_17393925_C_A_PRS313_Unknown_combined,0.9574147329036115
chr19_55816678_C_T_PRS313_Unknown_combined,0.7658159455851494
