SNP,Accuracy Score
chr19_18569492_C_T_PRS313_Unknown_combined,0.9880239520958084
chr19_46166073_T_C_PRS313_Unknown_combined,0.8323353293413174
chr19_44283031_T_C_PRS313_Unknown_combined,1.0
chr19_13249921_G_T_PRS313_Unknown_combined,0.9920159680638723
chr19_19517054_C_CGGGCG_PRS313_Unknown_combined,0.8982035928143712
chr19_17393925_C_A_PRS313_Unknown_combined,0.9840319361277445
chr19_55816678_C_T_PRS313_Unknown_combined,0.9001996007984032
