SNP,AUC Score
chr19_18569492_C_T_PRS313_Unknown_combined,0.991532544294993
chr19_46166073_T_C_PRS313_Unknown_combined,0.864544669787089
chr19_44283031_T_C_PRS313_Unknown_combined,1.0
chr19_13249921_G_T_PRS313_Unknown_combined,0.9959016442298889
chr19_19517054_C_CGGGCG_PRS313_Unknown_combined,0.9270954728126526
chr19_17393925_C_A_PRS313_Unknown_combined,0.9740815162658691
chr19_55816678_C_T_PRS313_Unknown_combined,0.9081677794456482
