SNP,IQS Score
chr20_52296849_G_A_PRS313_Unknown_combined,1.0
chr20_41613706_C_G_PRS313_Unknown_combined,0.9392285298398836
chr20_11379842_T_C_PRS313_Unknown_combined,0.949324552136483
chr20_5948227_G_A_PRS313_Known_combined,0.6330953213162231
