SNP,AUC Score
chr20_52296849_G_A_PRS313_Unknown_combined,1.0
chr20_41613706_C_G_PRS313_Unknown_combined,0.9790914165359421
chr20_11379842_T_C_PRS313_Unknown_combined,0.9400745658939748
chr20_5948227_G_A_PRS313_Known_combined,0.8074149822714825
