SNP,R2 Score
chr20_52296849_G_A_PRS313_Unknown_combined,1.0
chr20_41613706_C_G_PRS313_Unknown_combined,0.8966584158415842
chr20_11379842_T_C_PRS313_Unknown_combined,0.8854246074096661
chr20_5948227_G_A_PRS313_Known_combined,0.5377162629757786
