SNP,R2 Score
chr20_52296849_G_A_PRS313_Unknown_combined,0.9999999999999891
chr20_41613706_C_G_PRS313_Unknown_combined,0.8676961200191304
chr20_11379842_T_C_PRS313_Unknown_combined,0.9216833945858672
chr20_5948227_G_A_PRS313_Known_combined,0.6247614056579989
