SNP,R2 Score
chr21_16574455_C_A_PRS313_Known_combined,0.9273872
chr21_16566350_A_G_PRS313_Unknown_combined,0.6512867
chr21_47762932_G_A_PRS313_Unknown_combined,0.24907053
chr21_16364756_T_G_PRS313_Known_combined,0.050401807
