SNP,R2 Score
chr21_16566350_A_G_PRS313_Unknown_combined,0.66137433
chr21_47762932_G_A_PRS313_Unknown_combined,0.23378825
chr21_16364756_T_G_PRS313_Known_combined,0.34848312
chr21_16574455_C_A_PRS313_Known_combined,0.9269127
