SNP,IQS Score
chr21_16574455_C_A_PRS313_Known_combined,0.9359434197156181
chr21_16566350_A_G_PRS313_Unknown_combined,0.7176641072345052
chr21_47762932_G_A_PRS313_Unknown_combined,0.07688442211055284
chr21_16364756_T_G_PRS313_Known_combined,0.016107595564459665
