SNP,Accuracy Score
chr21_16566350_A_G_PRS313_Unknown_combined,0.9101796407185628
chr21_47762932_G_A_PRS313_Unknown_combined,0.9580838323353293
chr21_16364756_T_G_PRS313_Known_combined,0.8343313373253493
chr21_16574455_C_A_PRS313_Known_combined,0.9620758483033932
