SNP,IQS Score
chr21_16566350_A_G_PRS313_Unknown_combined,0.7770891105500599
chr21_47762932_G_A_PRS313_Unknown_combined,0.15146382772804276
chr21_16364756_T_G_PRS313_Known_combined,0.47378611290383793
chr21_16574455_C_A_PRS313_Known_combined,0.9359434197156181
