SNP,R2 Score
chr21_16574455_C_A_PRS313_Known_combined,0.9273870464626627
chr21_16566350_A_G_PRS313_Unknown_combined,0.6512852293738909
chr21_47762932_G_A_PRS313_Unknown_combined,0.24907226204419686
chr21_16364756_T_G_PRS313_Known_combined,0.05039856659730513
