SNP,R2 Score
chr17_43212339_C_CT_PRS313_Unknown_maternal,0.6383381337736154
chr17_43212339_C_CT_PRS313_Unknown_paternal,0.643016529975452
chr17_53209774_A_C_PRS313_Unknown_maternal,0.9986276541835705
chr17_53209774_A_C_PRS313_Unknown_paternal,0.9957394955558085
chr17_44283858_G_A_PRS313_Unknown_maternal,0.7506883148867017
chr17_44283858_G_A_PRS313_Unknown_paternal,0.7897097018269615
chr17_40485239_G_T_PRS313_Unknown_maternal,0.3590924822012509
chr17_40485239_G_T_PRS313_Unknown_paternal,0.7522920311357503
chr17_77781725_A_G_PRS313_Unknown_maternal,0.9876718859438913
chr17_77781725_A_G_PRS313_Unknown_paternal,0.991719765317483
chr17_40127060_T_C_PRS313_Unknown_maternal,0.22003096259725663
chr17_40127060_T_C_PRS313_Unknown_paternal,0.3367951514479314
chr17_29168077_G_T_PRS313_Unknown_maternal,0.9008338396065035
chr17_29168077_G_T_PRS313_Unknown_paternal,0.8762397517791691
chr17_39251123_T_C_PRS313_Unknown_maternal,0.40374790151050377
chr17_39251123_T_C_PRS313_Unknown_paternal,0.3894784426080007
chr17_40744470_G_A_PRS313_Unknown_maternal,0.0
chr17_40744470_G_A_PRS313_Unknown_paternal,0.32048298237943873
