SNP,IQS Score
chr17_43212339_C_CT_PRS313_Unknown_maternal,0.8097889707976079
chr17_43212339_C_CT_PRS313_Unknown_paternal,0.790809058309181
chr17_44283858_G_A_PRS313_Unknown_maternal,0.8848842934515014
chr17_44283858_G_A_PRS313_Unknown_paternal,0.8249475890985327
chr17_40485239_G_T_PRS313_Unknown_maternal,0.6244779955027296
chr17_40485239_G_T_PRS313_Unknown_paternal,0.9070673344462995
chr17_40127060_T_C_PRS313_Unknown_maternal,0.3663040728560602
chr17_40127060_T_C_PRS313_Unknown_paternal,0.5173927004174234
chr17_29168077_G_T_PRS313_Unknown_maternal,0.9513419016478358
chr17_29168077_G_T_PRS313_Unknown_paternal,0.9199410521830222
chr17_39251123_T_C_PRS313_Unknown_maternal,0.4930432582848482
chr17_39251123_T_C_PRS313_Unknown_paternal,0.421143847487003
chr17_40744470_G_A_PRS313_Unknown_maternal,nan
chr17_40744470_G_A_PRS313_Unknown_paternal,0.0
