SNP,IQS Score
chr17_43212339_C_CT_PRS313_Unknown_maternal,0.7340807102761651
chr17_43212339_C_CT_PRS313_Unknown_paternal,0.8016283501200228
chr17_53209774_A_C_PRS313_Known_maternal,0.9755855091956375
chr17_53209774_A_C_PRS313_Known_paternal,0.9590139347168061
chr17_44283858_G_A_PRS313_Unknown_maternal,0.8848842934515014
chr17_44283858_G_A_PRS313_Unknown_paternal,0.8733889310083394
chr17_40485239_G_T_PRS313_Unknown_maternal,0.7737127371273719
chr17_40485239_G_T_PRS313_Unknown_paternal,0.8292433537832314
chr17_77781725_A_G_PRS313_Known_maternal,0.89391976014432
chr17_77781725_A_G_PRS313_Known_paternal,0.9304638194688242
chr17_40127060_T_C_PRS313_Unknown_maternal,0.30298345957644046
chr17_40127060_T_C_PRS313_Unknown_paternal,0.27892918825561547
chr17_29168077_G_T_PRS313_Unknown_maternal,0.9513419016478358
chr17_29168077_G_T_PRS313_Unknown_paternal,0.9368870012777366
chr17_39251123_T_C_PRS313_Unknown_maternal,0.6608754512635385
chr17_39251123_T_C_PRS313_Unknown_paternal,0.2764298093587538
chr17_40744470_G_A_PRS313_Unknown_maternal,0.0
chr17_40744470_G_A_PRS313_Unknown_paternal,0.0
