SNP,R2 Score
chr17_43212339_C_CT_PRS313_Unknown_maternal,0.717487765940601
chr17_43212339_C_CT_PRS313_Unknown_paternal,0.6440149563933397
chr17_44283858_G_A_PRS313_Unknown_maternal,0.75386431577807
chr17_44283858_G_A_PRS313_Unknown_paternal,0.7870217408757514
chr17_40485239_G_T_PRS313_Unknown_maternal,0.27222646279402885
chr17_40485239_G_T_PRS313_Unknown_paternal,0.8132897681236738
chr17_40127060_T_C_PRS313_Unknown_maternal,0.27954440949069803
chr17_40127060_T_C_PRS313_Unknown_paternal,0.41846889589922776
chr17_29168077_G_T_PRS313_Unknown_maternal,0.8999620575892194
chr17_29168077_G_T_PRS313_Unknown_paternal,0.8659965386939832
chr17_39251123_T_C_PRS313_Unknown_maternal,0.32600974616067635
chr17_39251123_T_C_PRS313_Unknown_paternal,0.3903076832250615
chr17_40744470_G_A_PRS313_Unknown_maternal,0.0
chr17_40744470_G_A_PRS313_Unknown_paternal,0.5984051269529262
