SNP,R2 Score
chr17_43212339_C_CT_PRS313_Unknown_maternal,0.6013273723412927
chr17_43212339_C_CT_PRS313_Unknown_paternal,0.643423302752293
chr17_53209774_A_C_PRS313_Unknown_maternal,0.9992025716557661
chr17_53209774_A_C_PRS313_Unknown_paternal,0.9982761378578767
chr17_44283858_G_A_PRS313_Unknown_maternal,0.7526782427816581
chr17_44283858_G_A_PRS313_Unknown_paternal,0.7810271837469438
chr17_40485239_G_T_PRS313_Unknown_maternal,0.37691168439902667
chr17_40485239_G_T_PRS313_Unknown_paternal,0.7458906400400045
chr17_77781725_A_G_PRS313_Unknown_maternal,0.9932865753293263
chr17_77781725_A_G_PRS313_Unknown_paternal,0.9959541236210694
chr17_40127060_T_C_PRS313_Unknown_maternal,0.191394542241199
chr17_40127060_T_C_PRS313_Unknown_paternal,0.2404064563463233
chr17_29168077_G_T_PRS313_Unknown_maternal,0.90080543457569
chr17_29168077_G_T_PRS313_Unknown_paternal,0.8777362376802114
chr17_39251123_T_C_PRS313_Unknown_maternal,0.3640957551537487
chr17_39251123_T_C_PRS313_Unknown_paternal,0.3637061938191696
chr17_40744470_G_A_PRS313_Unknown_maternal,0.0
chr17_40744470_G_A_PRS313_Unknown_paternal,0.40593707070600227
