SNP,R2 Score
chr17_43212339_C_CT_PRS313_Unknown_maternal,0.6046407
chr17_43212339_C_CT_PRS313_Unknown_paternal,0.63092613
chr17_44283858_G_A_PRS313_Unknown_maternal,0.9539248
chr17_44283858_G_A_PRS313_Unknown_paternal,0.9256797
chr17_40485239_G_T_PRS313_Unknown_maternal,0.746269
chr17_40485239_G_T_PRS313_Unknown_paternal,0.796878
chr17_40127060_T_C_PRS313_Unknown_maternal,0.5461011
chr17_40127060_T_C_PRS313_Unknown_paternal,0.72506166
chr17_29168077_G_T_PRS313_Unknown_maternal,0.8302189
chr17_29168077_G_T_PRS313_Unknown_paternal,0.87692195
chr17_39251123_T_C_PRS313_Unknown_maternal,0.26299328
chr17_39251123_T_C_PRS313_Unknown_paternal,0.31074327
chr17_40744470_G_A_PRS313_Unknown_maternal,0.90894765
chr17_40744470_G_A_PRS313_Unknown_paternal,0.8898351
