SNP,R2 Score
chr17_43212339_C_CT_PRS313_Unknown_maternal,0.6128233433799044
chr17_43212339_C_CT_PRS313_Unknown_paternal,0.6466215073899806
chr17_53209774_A_C_PRS313_Known_maternal,0.9539427950235916
chr17_53209774_A_C_PRS313_Known_paternal,0.9257075840832625
chr17_44283858_G_A_PRS313_Unknown_maternal,0.7709261180178522
chr17_44283858_G_A_PRS313_Unknown_paternal,0.7985009166400093
chr17_40485239_G_T_PRS313_Unknown_maternal,0.5632475160224687
chr17_40485239_G_T_PRS313_Unknown_paternal,0.7253423211670054
chr17_77781725_A_G_PRS313_Known_maternal,0.8313007849617603
chr17_77781725_A_G_PRS313_Known_paternal,0.8775675597778048
chr17_40127060_T_C_PRS313_Unknown_maternal,0.3081094769685468
chr17_40127060_T_C_PRS313_Unknown_paternal,0.312599104684848
chr17_29168077_G_T_PRS313_Unknown_maternal,0.9095747943566819
chr17_29168077_G_T_PRS313_Unknown_paternal,0.8923882560286232
chr17_39251123_T_C_PRS313_Unknown_maternal,0.47479054611247995
chr17_39251123_T_C_PRS313_Unknown_paternal,0.24319736613597223
chr17_40744470_G_A_PRS313_Unknown_maternal,nan
chr17_40744470_G_A_PRS313_Unknown_paternal,0.7725590870673155
